id_rastreio;id_original;documento;versao_fonte;linha;secao;natureza;conteudo_integral;blocos_execucao;bloco_responsavel;sessao;verificacao_final;situacao_observada;decisao_relacionada;estado_execucao;evidencia_de_aceite
BIB-L0003;;audita-planejamento-menu-biblioteca-documentos-v0.1.md;0.2;3;Preâmbulo;Requisito/regra e contexto da fonte;**Versão:** 0.2;B01;B01;C0 + C1;B14 B15;"Planejamento novo; decisões ainda não homologadas";Consultar D01-D11 e B01 quando houver proposta/conflito;"Mapeado; implementação não realizada nesta entrega";"A preencher na execução; ver critérios e saída obrigatória do bloco"
BIB-L0004;;audita-planejamento-menu-biblioteca-documentos-v0.1.md;0.2;4;Preâmbulo;Requisito/regra e contexto da fonte;**Data:** 07/10/2026;B01;B01;C0 + C1;B14 B15;"Planejamento novo; decisões ainda não homologadas";Consultar D01-D11 e B01 quando houver proposta/conflito;"Mapeado; implementação não realizada nesta entrega";"A preencher na execução; ver critérios e saída obrigatória do bloco"
BIB-L0005;;audita-planejamento-menu-biblioteca-documentos-v0.1.md;0.2;5;Preâmbulo;Requisito/regra e contexto da fonte;**Situação:** proposta para validação;B01;B01;C0 + C1;B14 B15;"Planejamento novo; decisões ainda não homologadas";Consultar D01-D11 e B01 quando houver proposta/conflito;"Mapeado; implementação não realizada nesta entrega";"A preencher na execução; ver critérios e saída obrigatória do bloco"
BIB-L0006;;audita-planejamento-menu-biblioteca-documentos-v0.1.md;0.2;6;Preâmbulo;Requisito/regra e contexto da fonte;**Execução no sistema:** não autorizada nesta etapa;B01;B01;C0 + C1;B14 B15;"Planejamento novo; decisões ainda não homologadas";Consultar D01-D11 e B01 quando houver proposta/conflito;"Mapeado; implementação não realizada nesta entrega";"A preencher na execução; ver critérios e saída obrigatória do bloco"
BIB-L0008;;audita-planejamento-menu-biblioteca-documentos-v0.1.md;0.2;8;Preâmbulo;Requisito/regra e contexto da fonte;Esta versão atualiza a proposta v0.1 para considerar os quatro perfis definitivos. Deve ser lida em conjunto com o [planejamento de perfis, permissões e dashboards v0.1](audita-planejamento-perfis-permissoes-dashboards-v0.1.md). A versão anterior permanece preservada. Word e PDF serão produzidos somente mediante solicitação explícita.;B01;B01;C0 + C1;B14 B15;"Planejamento novo; decisões ainda não homologadas";Consultar D01-D11 e B01 quando houver proposta/conflito;"Mapeado; implementação não realizada nesta entrega";"A preencher na execução; ver critérios e saída obrigatória do bloco"
BIB-L0010;;audita-planejamento-menu-biblioteca-documentos-v0.1.md;0.2;10;Preâmbulo;Requisito/regra e contexto da fonte;"O Administrador possui acesso geral ao sistema. Auditor Líder conduz auditorias sob sua responsabilidade; Auditor participa como apoio; Participante / Auditado acompanha apenas as auditorias autorizadas da própria organização, sem modificar dados. Para a biblioteca corporativa, o acesso do Participante continua não concedido nesta proposta, sujeito à validação. Os relatórios específicos do cliente são acessados em Auditorias.";B01;B01;C0 + C1;B14 B15;"Planejamento novo; decisões ainda não homologadas";Consultar D01-D11 e B01 quando houver proposta/conflito;"Mapeado; implementação não realizada nesta entrega";"A preencher na execução; ver critérios e saída obrigatória do bloco"
BIB-L0012;;audita-planejamento-menu-biblioteca-documentos-v0.1.md;0.2;12;Preâmbulo;Requisito/regra e contexto da fonte;Esta proposta define a retirada de três abas do menu lateral e a transformação de “Biblioteca / histórico” em “Biblioteca de documentos”. A biblioteca será o local de acesso aos documentos padrão da AUDITA, com inserção exclusiva pelo administrador e consulta para download pelos perfis Auditor Líder e Auditor.;B01;B01;C0 + C1;B14 B15;"Planejamento novo; decisões ainda não homologadas";Consultar D01-D11 e B01 quando houver proposta/conflito;"Mapeado; implementação não realizada nesta entrega";"A preencher na execução; ver critérios e saída obrigatória do bloco"
BIB-L0014;;audita-planejamento-menu-biblioteca-documentos-v0.1.md;0.2;14;Preâmbulo;Requisito/regra e contexto da fonte;O histórico de modificações do sistema ficará separado da listagem de documentos e será exibido somente após o usuário acionar o botão correspondente, dentro da biblioteca. Este documento é submetido à validação antes de qualquer alteração no sistema.;B01;B01;C0 + C1;B14 B15;"Planejamento novo; decisões ainda não homologadas";Consultar D01-D11 e B01 quando houver proposta/conflito;"Mapeado; implementação não realizada nesta entrega";"A preencher na execução; ver critérios e saída obrigatória do bloco"
BIB-L0018;;audita-planejamento-menu-biblioteca-documentos-v0.1.md;0.2;18;1. Objetivo e base da proposta;Requisito/regra e contexto da fonte;Organizar a navegação do Audita PRO e disponibilizar os documentos corporativos em uma biblioteca com permissões claras. A base desta proposta é a solicitação do usuário e a imagem fornecida do menu atual. O padrão documental AUDITA em elaboração orienta a apresentação e o cuidado com revisões e situação dos arquivos.;B01;B01;C0 + C1;B14 B15;"Planejamento novo; decisões ainda não homologadas";Consultar D01-D11 e B01 quando houver proposta/conflito;"Mapeado; implementação não realizada nesta entrega";"A preencher na execução; ver critérios e saída obrigatória do bloco"
BIB-L0020;;audita-planejamento-menu-biblioteca-documentos-v0.1.md;0.2;20;1. Objetivo e base da proposta;Requisito/regra e contexto da fonte;A imagem confirma os rótulos atuais do menu, mas não demonstra as permissões, rotas, estrutura de armazenamento ou funcionamento interno do histórico. Esses aspectos deverão ser conferidos na etapa de implementação, após autorização.;B01;B01;C0 + C1;B14 B15;"Planejamento novo; decisões ainda não homologadas";Consultar D01-D11 e B01 quando houver proposta/conflito;"Mapeado; implementação não realizada nesta entrega";"A preencher na execução; ver critérios e saída obrigatória do bloco"
BIB-L0024;;audita-planejamento-menu-biblioteca-documentos-v0.1.md;0.2;24;1. Objetivo e base da proposta / 1.1 Requisitos solicitados e propostas complementares;Requisito/regra e contexto da fonte;Os requisitos identificados como RS correspondem ao pedido apresentado. As regras identificadas como PC são propostas complementares para tornar o funcionamento verificável e devem ser confirmadas na validação. Aprovar esta especificação e autorizar a execução são decisões distintas.;B01;B01;C0 + C1;B14 B15;"Planejamento novo; decisões ainda não homologadas";Consultar D01-D11 e B01 quando houver proposta/conflito;"Mapeado; implementação não realizada nesta entrega";"A preencher na execução; ver critérios e saída obrigatória do bloco"
BIB-L0026;;audita-planejamento-menu-biblioteca-documentos-v0.1.md;0.2;26;1. Objetivo e base da proposta / 1.1 Requisitos solicitados e propostas complementares;Requisito/regra e contexto da fonte;Escopo desta entrega: especificação para validação. Nenhuma tela, dado, permissão ou arquivo do sistema foi alterado. Não foi realizado upload dos documentos já produzidos.;B01;B01;C0 + C1;B14 B15;"Planejamento novo; decisões ainda não homologadas";Consultar D01-D11 e B01 quando houver proposta/conflito;"Mapeado; implementação não realizada nesta entrega";"A preencher na execução; ver critérios e saída obrigatória do bloco"
BIB-L0030;;audita-planejamento-menu-biblioteca-documentos-v0.1.md;0.2;30;2. Alterações no menu lateral;Requisito/regra e contexto da fonte;| Item atual | Tratamento solicitado |;B04;B04;C2;B14 B15;"Menu e Meu Perfil existentes; nova navegação ainda não aplicada";Consultar D01-D11 e B01 quando houver proposta/conflito;"Mapeado; implementação não realizada nesta entrega";"A preencher na execução; ver critérios e saída obrigatória do bloco"
BIB-L0032;;audita-planejamento-menu-biblioteca-documentos-v0.1.md;0.2;32;2. Alterações no menu lateral;Requisito/regra e contexto da fonte;| Dashboard | Manter. |;B04;B04;C2;B14 B15;"Menu e Meu Perfil existentes; nova navegação ainda não aplicada";Consultar D01-D11 e B01 quando houver proposta/conflito;"Mapeado; implementação não realizada nesta entrega";"A preencher na execução; ver critérios e saída obrigatória do bloco"
BIB-L0033;;audita-planejamento-menu-biblioteca-documentos-v0.1.md;0.2;33;2. Alterações no menu lateral;Requisito/regra e contexto da fonte;| Auditorias | Manter. |;B04;B04;C2;B14 B15;"Menu e Meu Perfil existentes; nova navegação ainda não aplicada";Consultar D01-D11 e B01 quando houver proposta/conflito;"Mapeado; implementação não realizada nesta entrega";"A preencher na execução; ver critérios e saída obrigatória do bloco"
BIB-L0034;RS-01;audita-planejamento-menu-biblioteca-documentos-v0.1.md;0.2;34;2. Alterações no menu lateral;Requisito/regra e contexto da fonte;| Não conformidades | RS-01 — Retirar a aba do menu lateral. |;B04;B04;C2;B14 B15;"Menu e Meu Perfil existentes; nova navegação ainda não aplicada";Consultar D01-D11 e B01 quando houver proposta/conflito;"Mapeado; implementação não realizada nesta entrega";"A preencher na execução; ver critérios e saída obrigatória do bloco"
BIB-L0035;RS-02;audita-planejamento-menu-biblioteca-documentos-v0.1.md;0.2;35;2. Alterações no menu lateral;Requisito/regra e contexto da fonte;| Planos de ação | RS-02 — Retirar a aba do menu lateral. |;B04;B04;C2;B14 B15;"Menu e Meu Perfil existentes; nova navegação ainda não aplicada";Consultar D01-D11 e B01 quando houver proposta/conflito;"Mapeado; implementação não realizada nesta entrega";"A preencher na execução; ver critérios e saída obrigatória do bloco"
BIB-L0036;RS-03;audita-planejamento-menu-biblioteca-documentos-v0.1.md;0.2;36;2. Alterações no menu lateral;Requisito/regra e contexto da fonte;| Indicadores | RS-03 — Retirar a aba do menu lateral. |;B04;B04;C2;B14 B15;"Menu e Meu Perfil existentes; nova navegação ainda não aplicada";Consultar D01-D11 e B01 quando houver proposta/conflito;"Mapeado; implementação não realizada nesta entrega";"A preencher na execução; ver critérios e saída obrigatória do bloco"
BIB-L0037;;audita-planejamento-menu-biblioteca-documentos-v0.1.md;0.2;37;2. Alterações no menu lateral;Requisito/regra e contexto da fonte;| Usuários | Manter, respeitando as permissões existentes. |;B04;B04;C2;B14 B15;"Menu e Meu Perfil existentes; nova navegação ainda não aplicada";Consultar D01-D11 e B01 quando houver proposta/conflito;"Mapeado; implementação não realizada nesta entrega";"A preencher na execução; ver critérios e saída obrigatória do bloco"
BIB-L0038;RS-04;audita-planejamento-menu-biblioteca-documentos-v0.1.md;0.2;38;2. Alterações no menu lateral;Requisito/regra e contexto da fonte;| Biblioteca / histórico | RS-04 — Renomear para “Biblioteca de documentos”. |;B04;B04;C2;B14 B15;"Menu e Meu Perfil existentes; nova navegação ainda não aplicada";Consultar D01-D11 e B01 quando houver proposta/conflito;"Mapeado; implementação não realizada nesta entrega";"A preencher na execução; ver critérios e saída obrigatória do bloco"
BIB-L0039;;audita-planejamento-menu-biblioteca-documentos-v0.1.md;0.2;39;2. Alterações no menu lateral;Requisito/regra e contexto da fonte;| Meu Perfil | Manter. |;B04;B04;C2;B14 B15;"Menu e Meu Perfil existentes; nova navegação ainda não aplicada";Consultar D01-D11 e B01 quando houver proposta/conflito;"Mapeado; implementação não realizada nesta entrega";"A preencher na execução; ver critérios e saída obrigatória do bloco"
BIB-L0041;;audita-planejamento-menu-biblioteca-documentos-v0.1.md;0.2;41;2. Alterações no menu lateral;Requisito/regra e contexto da fonte;A ordem proposta do menu é: Dashboard, Auditorias, Usuários, Biblioteca de documentos e Meu Perfil. Os itens devem continuar condicionados ao perfil do usuário, sem ampliar o acesso a Usuários ou a qualquer outra funcionalidade.;B04;B04;C2;B14 B15;"Menu e Meu Perfil existentes; nova navegação ainda não aplicada";Consultar D01-D11 e B01 quando houver proposta/conflito;"Mapeado; implementação não realizada nesta entrega";"A preencher na execução; ver critérios e saída obrigatória do bloco"
BIB-L0043;;audita-planejamento-menu-biblioteca-documentos-v0.1.md;0.2;43;2. Alterações no menu lateral;Requisito/regra e contexto da fonte;As três abas removidas não devem aparecer no menu lateral expandido, recolhido ou adaptado para dispositivos móveis. O novo nome da biblioteca deve ser aplicado também ao título da página e aos elementos de navegação que a identificam.;B04;B04;C2;B14 B15;"Menu e Meu Perfil existentes; nova navegação ainda não aplicada";Consultar D01-D11 e B01 quando houver proposta/conflito;"Mapeado; implementação não realizada nesta entrega";"A preencher na execução; ver critérios e saída obrigatória do bloco"
BIB-L0047;PC-01;audita-planejamento-menu-biblioteca-documentos-v0.1.md;0.2;47;2. Alterações no menu lateral / 2.1 Limite da retirada das abas;Requisito/regra e contexto da fonte;PC-01 — A alteração solicitada é tratada como retirada de entradas da navegação. Não inclui excluir registros de não conformidades, planos de ação ou indicadores, nem remover dados ou funcionalidades internas utilizadas em auditorias e relatórios. Antes da implementação, verificar dependências e atalhos existentes.;B04;B04;C2;B14 B15;"Menu e Meu Perfil existentes; nova navegação ainda não aplicada";Consultar D01-D11 e B01 quando houver proposta/conflito;"Mapeado; implementação não realizada nesta entrega";"A preencher na execução; ver critérios e saída obrigatória do bloco"
BIB-L0049;;audita-planejamento-menu-biblioteca-documentos-v0.1.md;0.2;49;2. Alterações no menu lateral / 2.1 Limite da retirada das abas;Requisito/regra e contexto da fonte;A desativação completa de módulos ou o bloqueio de suas rotas antigas não está definido pelo pedido. Caso esse também seja o objetivo, deverá ser aprovado como ampliação de escopo, com avaliação dos dados e processos afetados. Ocultar uma aba não substitui a autorização de acesso às funcionalidades existentes.;B04;B04;C2;B14 B15;"Menu e Meu Perfil existentes; nova navegação ainda não aplicada";Consultar D01-D11 e B01 quando houver proposta/conflito;"Mapeado; implementação não realizada nesta entrega";"A preencher na execução; ver critérios e saída obrigatória do bloco"
BIB-L0053;RS-05;audita-planejamento-menu-biblioteca-documentos-v0.1.md;0.2;53;3. Página inicial da biblioteca;Requisito/regra e contexto da fonte;RS-05 — Ao clicar em “Biblioteca de documentos”, abrir diretamente a listagem dos documentos corporativos disponíveis ao usuário. O histórico de modificações não deve aparecer automaticamente, nem misturado aos documentos ou aberto como área inicial.;B05 B04;B05;C2 + C1;B14 B15;"Biblioteca atual lista auditorias; biblioteca corporativa não identificada";Consultar D01-D11 e B01 quando houver proposta/conflito;"Mapeado; implementação não realizada nesta entrega";"A preencher na execução; ver critérios e saída obrigatória do bloco"
BIB-L0055;;audita-planejamento-menu-biblioteca-documentos-v0.1.md;0.2;55;3. Página inicial da biblioteca;Requisito/regra e contexto da fonte;| Elemento | Comportamento esperado |;B05 B04;B05;C2 + C1;B14 B15;"Biblioteca atual lista auditorias; biblioteca corporativa não identificada";Consultar D01-D11 e B01 quando houver proposta/conflito;"Mapeado; implementação não realizada nesta entrega";"A preencher na execução; ver critérios e saída obrigatória do bloco"
BIB-L0057;;audita-planejamento-menu-biblioteca-documentos-v0.1.md;0.2;57;3. Página inicial da biblioteca;Requisito/regra e contexto da fonte;| Título | Biblioteca de documentos. |;B05 B04;B05;C2 + C1;B14 B15;"Biblioteca atual lista auditorias; biblioteca corporativa não identificada";Consultar D01-D11 e B01 quando houver proposta/conflito;"Mapeado; implementação não realizada nesta entrega";"A preencher na execução; ver critérios e saída obrigatória do bloco"
BIB-L0058;;audita-planejamento-menu-biblioteca-documentos-v0.1.md;0.2;58;3. Página inicial da biblioteca;Requisito/regra e contexto da fonte;| Área principal | Lista dos documentos padrão da AUDITA, com identificação e opção de download. |;B05 B04;B05;C2 + C1;B14 B15;"Biblioteca atual lista auditorias; biblioteca corporativa não identificada";Consultar D01-D11 e B01 quando houver proposta/conflito;"Mapeado; implementação não realizada nesta entrega";"A preencher na execução; ver critérios e saída obrigatória do bloco"
BIB-L0059;RS-06;audita-planejamento-menu-biblioteca-documentos-v0.1.md;0.2;59;3. Página inicial da biblioteca;Requisito/regra e contexto da fonte;| Inserir documento | RS-06 — Botão exclusivo do Administrador. |;B05 B02;B05;C2 + C1;B14 B15;"Biblioteca atual lista auditorias; biblioteca corporativa não identificada";Consultar D01-D11 e B01 quando houver proposta/conflito;"Mapeado; implementação não realizada nesta entrega";"A preencher na execução; ver critérios e saída obrigatória do bloco"
BIB-L0060;RS-07;audita-planejamento-menu-biblioteca-documentos-v0.1.md;0.2;60;3. Página inicial da biblioteca;Requisito/regra e contexto da fonte;"| Histórico de modificações do sistema | RS-07 — Acesso secundário dentro da biblioteca; exige clique explícito. Perfil autorizado a definir conforme PC-03. |";B05 B04;B05;C2 + C1;B14 B15;"Biblioteca atual lista auditorias; biblioteca corporativa não identificada";Consultar D01-D11 e B01 quando houver proposta/conflito;"Mapeado; implementação não realizada nesta entrega";"A preencher na execução; ver critérios e saída obrigatória do bloco"
BIB-L0061;PC-02;audita-planejamento-menu-biblioteca-documentos-v0.1.md;0.2;61;3. Página inicial da biblioteca;Requisito/regra e contexto da fonte;| Busca e filtros | PC-02 — Busca por título/código e filtros por tipo e situação, respeitando as permissões. |;B05 B04;B05;C2 + C1;B14 B15;"Biblioteca atual lista auditorias; biblioteca corporativa não identificada";Consultar D01-D11 e B01 quando houver proposta/conflito;"Mapeado; implementação não realizada nesta entrega";"A preencher na execução; ver critérios e saída obrigatória do bloco"
BIB-L0065;RS-08;audita-planejamento-menu-biblioteca-documentos-v0.1.md;0.2;65;4. Perfis e permissões;Requisito/regra e contexto da fonte;RS-08 — Somente o Administrador pode inserir documentos. RS-09 — Auditor Líder e Auditor podem acessar a biblioteca para localizar e baixar os documentos disponibilizados. Esses dois perfis não terão comandos de cadastro, alteração ou retirada de arquivos.;B05 B02;B05;C2 + C1;B14 B15;"Biblioteca atual lista auditorias; biblioteca corporativa não identificada";Consultar D01-D11 e B01 quando houver proposta/conflito;"Mapeado; implementação não realizada nesta entrega";"A preencher na execução; ver critérios e saída obrigatória do bloco"
BIB-L0067;;audita-planejamento-menu-biblioteca-documentos-v0.1.md;0.2;67;4. Perfis e permissões;Requisito/regra e contexto da fonte;| Ação | Administrador | Auditor Líder | Auditor | Participante / Auditado |;B02 B05;B02;C1;B14 B15;"Base existente; Administração global e escopo documental divergem do alvo";Consultar D01-D11 e B01 quando houver proposta/conflito;"Mapeado; implementação não realizada nesta entrega";"A preencher na execução; ver critérios e saída obrigatória do bloco"
BIB-L0069;;audita-planejamento-menu-biblioteca-documentos-v0.1.md;0.2;69;4. Perfis e permissões;Requisito/regra e contexto da fonte;| Acessar a biblioteca e consultar a listagem | Sim | Sim | Sim | Proposto: não |;B02 B05;B02;C1;B14 B15;"Base existente; Administração global e escopo documental divergem do alvo";Consultar D01-D11 e B01 quando houver proposta/conflito;"Mapeado; implementação não realizada nesta entrega";"A preencher na execução; ver critérios e saída obrigatória do bloco"
BIB-L0070;;audita-planejamento-menu-biblioteca-documentos-v0.1.md;0.2;70;4. Perfis e permissões;Requisito/regra e contexto da fonte;| Baixar documentos disponibilizados | Sim | Sim | Sim | Proposto: não |;B02 B05;B02;C1;B14 B15;"Base existente; Administração global e escopo documental divergem do alvo";Consultar D01-D11 e B01 quando houver proposta/conflito;"Mapeado; implementação não realizada nesta entrega";"A preencher na execução; ver critérios e saída obrigatória do bloco"
BIB-L0071;;audita-planejamento-menu-biblioteca-documentos-v0.1.md;0.2;71;4. Perfis e permissões;Requisito/regra e contexto da fonte;| Inserir documento | Sim | Não | Não | Não |;B02 B05;B02;C1;B14 B15;"Base existente; Administração global e escopo documental divergem do alvo";Consultar D01-D11 e B01 quando houver proposta/conflito;"Mapeado; implementação não realizada nesta entrega";"A preencher na execução; ver critérios e saída obrigatória do bloco"
BIB-L0072;;audita-planejamento-menu-biblioteca-documentos-v0.1.md;0.2;72;4. Perfis e permissões;Requisito/regra e contexto da fonte;| Alterar identificação ou incluir nova revisão¹ | Sim | Não | Não | Não |;B02 B05;B02;C1;B14 B15;"Base existente; Administração global e escopo documental divergem do alvo";Consultar D01-D11 e B01 quando houver proposta/conflito;"Mapeado; implementação não realizada nesta entrega";"A preencher na execução; ver critérios e saída obrigatória do bloco"
BIB-L0073;;audita-planejamento-menu-biblioteca-documentos-v0.1.md;0.2;73;4. Perfis e permissões;Requisito/regra e contexto da fonte;| Arquivar documento¹ | Sim | Não | Não | Não |;B02 B05;B02;C1;B14 B15;"Base existente; Administração global e escopo documental divergem do alvo";Consultar D01-D11 e B01 quando houver proposta/conflito;"Mapeado; implementação não realizada nesta entrega";"A preencher na execução; ver critérios e saída obrigatória do bloco"
BIB-L0074;;audita-planejamento-menu-biblioteca-documentos-v0.1.md;0.2;74;4. Perfis e permissões;Requisito/regra e contexto da fonte;| Consultar rascunhos e revisões anteriores¹ | Sim | Não | Não | Não |;B02 B05;B02;C1;B14 B15;"Base existente; Administração global e escopo documental divergem do alvo";Consultar D01-D11 e B01 quando houver proposta/conflito;"Mapeado; implementação não realizada nesta entrega";"A preencher na execução; ver critérios e saída obrigatória do bloco"
BIB-L0075;;audita-planejamento-menu-biblioteca-documentos-v0.1.md;0.2;75;4. Perfis e permissões;Requisito/regra e contexto da fonte;| Acessar histórico de modificações do sistema² | Sim | Proposto: não | Proposto: não | Proposto: não |;B02 B05;B02;C1;B14 B15;"Base existente; Administração global e escopo documental divergem do alvo";Consultar D01-D11 e B01 quando houver proposta/conflito;"Mapeado; implementação não realizada nesta entrega";"A preencher na execução; ver critérios e saída obrigatória do bloco"
BIB-L0077;PC-04;audita-planejamento-menu-biblioteca-documentos-v0.1.md;0.2;77;4. Perfis e permissões;Requisito/regra e contexto da fonte;¹ PC-04: gestão e visibilidade propostas. ² PC-03: exclusividade do histórico ao Administrador ainda depende de validação. O acesso geral do Administrador foi definido pelo usuário. A permissão de download não autoriza alteração dos documentos armazenados. O não acesso do Participante à biblioteca corporativa é a proposta V-07 do planejamento de perfis.;B02 B05;B02;C1;B14 B15;"Base existente; Administração global e escopo documental divergem do alvo";Consultar D01-D11 e B01 quando houver proposta/conflito;"Mapeado; implementação não realizada nesta entrega";"A preencher na execução; ver critérios e saída obrigatória do bloco"
BIB-L0081;;audita-planejamento-menu-biblioteca-documentos-v0.1.md;0.2;81;4. Perfis e permissões / 4.1 Proteção efetiva do acesso;Requisito/regra e contexto da fonte;As permissões devem ser verificadas no serviço que recebe os arquivos e nas operações sobre cada documento. A ausência de um botão na tela não é suficiente. Uma tentativa de inserção, alteração, nova revisão ou arquivamento por Auditor Líder, Auditor ou Participante / Auditado deve ser recusada mesmo quando feita por acesso direto.;B02 B05;B02;C1;B14 B15;"Base existente; Administração global e escopo documental divergem do alvo";Consultar D01-D11 e B01 quando houver proposta/conflito;"Mapeado; implementação não realizada nesta entrega";"A preencher na execução; ver critérios e saída obrigatória do bloco"
BIB-L0083;PC-05;audita-planejamento-menu-biblioteca-documentos-v0.1.md;0.2;83;4. Perfis e permissões / 4.1 Proteção efetiva do acesso;Requisito/regra e contexto da fonte;"PC-05 — Os arquivos devem ficar em armazenamento privado. O download exige usuário autenticado e autorizado, com controle do acesso ao documento solicitado. Contas desativadas e visitantes não recebem acesso. O Participante / Auditado não recebe permissão para a biblioteca corporativa nesta proposta. Os quatro perfis definitivos são os definidos no planejamento complementar; não criar perfis adicionais por esta mudança.";B02 B05;B02;C1;B14 B15;"Base existente; Administração global e escopo documental divergem do alvo";Consultar D01-D11 e B01 quando houver proposta/conflito;"Mapeado; implementação não realizada nesta entrega";"A preencher na execução; ver critérios e saída obrigatória do bloco"
BIB-L0087;PC-04;audita-planejamento-menu-biblioteca-documentos-v0.1.md;0.2;87;4. Perfis e permissões / 4.2 Visibilidade dos documentos;Requisito/regra e contexto da fonte;PC-04 — Administradores podem manter documentos em Rascunho e consultar suas revisões. Auditor Líder e Auditor veem e baixam somente a revisão Vigente dos documentos disponibilizados. Rascunhos, substituídos, arquivados e cancelados ficam fora da listagem desses perfis nesta proposta.;B02 B05;B02;C1;B14 B15;"Base existente; Administração global e escopo documental divergem do alvo";Consultar D01-D11 e B01 quando houver proposta/conflito;"Mapeado; implementação não realizada nesta entrega";"A preencher na execução; ver critérios e saída obrigatória do bloco"
BIB-L0089;;audita-planejamento-menu-biblioteca-documentos-v0.1.md;0.2;89;4. Perfis e permissões / 4.2 Visibilidade dos documentos;Requisito/regra e contexto da fonte;A inserção de um arquivo não o torna automaticamente Vigente. Para disponibilizar uma revisão, o Administrador deve confirmar sua aprovação e seus dados de emissão. A biblioteca deve preservar a situação real do documento. Essa regra evita que uma minuta seja apresentada como padrão oficial.;B02 B05;B02;C1;B14 B15;"Base existente; Administração global e escopo documental divergem do alvo";Consultar D01-D11 e B01 quando houver proposta/conflito;"Mapeado; implementação não realizada nesta entrega";"A preencher na execução; ver critérios e saída obrigatória do bloco"
BIB-L0091;;audita-planejamento-menu-biblioteca-documentos-v0.1.md;0.2;91;4. Perfis e permissões / 4.2 Visibilidade dos documentos;Requisito/regra e contexto da fonte;"A autorização de download controla o acesso ao arquivo no sistema. Documentos Word baixados continuam editáveis localmente quando esse for seu formato; essa edição não deve alterar a cópia armazenada na biblioteca.";B02 B05;B02;C1;B14 B15;"Base existente; Administração global e escopo documental divergem do alvo";Consultar D01-D11 e B01 quando houver proposta/conflito;"Mapeado; implementação não realizada nesta entrega";"A preencher na execução; ver critérios e saída obrigatória do bloco"
BIB-L0097;;audita-planejamento-menu-biblioteca-documentos-v0.1.md;0.2;97;5. Cadastro e manutenção dos documentos / 5.1 Informações do cadastro;Requisito/regra e contexto da fonte;| Campo | Regra proposta |;B05 B03;B05;C2 + C1;B14 B15;"Biblioteca atual lista auditorias; biblioteca corporativa não identificada";Consultar D01-D11 e B01 quando houver proposta/conflito;"Mapeado; implementação não realizada nesta entrega";"A preencher na execução; ver critérios e saída obrigatória do bloco"
BIB-L0099;;audita-planejamento-menu-biblioteca-documentos-v0.1.md;0.2;99;5. Cadastro e manutenção dos documentos / 5.1 Informações do cadastro;Requisito/regra e contexto da fonte;"| Título e tipo | Obrigatórios; exemplos de tipo: procedimento, modelo, formulário e instrução. |";B05 B03;B05;C2 + C1;B14 B15;"Biblioteca atual lista auditorias; biblioteca corporativa não identificada";Consultar D01-D11 e B01 quando houver proposta/conflito;"Mapeado; implementação não realizada nesta entrega";"A preencher na execução; ver critérios e saída obrigatória do bloco"
BIB-L0100;;audita-planejamento-menu-biblioteca-documentos-v0.1.md;0.2;100;5. Cadastro e manutenção dos documentos / 5.1 Informações do cadastro;Requisito/regra e contexto da fonte;| Código documental | Informar quando atribuído. Não gerar código corporativo sem a regra de numeração aprovada. |;B05 B03;B05;C2 + C1;B14 B15;"Biblioteca atual lista auditorias; biblioteca corporativa não identificada";Consultar D01-D11 e B01 quando houver proposta/conflito;"Mapeado; implementação não realizada nesta entrega";"A preencher na execução; ver critérios e saída obrigatória do bloco"
BIB-L0101;;audita-planejamento-menu-biblioteca-documentos-v0.1.md;0.2;101;5. Cadastro e manutenção dos documentos / 5.1 Informações do cadastro;Requisito/regra e contexto da fonte;"| Revisão ou versão | Obrigatória; preservar a diferença entre revisão do documento e versão do modelo. |";B05 B03;B05;C2 + C1;B14 B15;"Biblioteca atual lista auditorias; biblioteca corporativa não identificada";Consultar D01-D11 e B01 quando houver proposta/conflito;"Mapeado; implementação não realizada nesta entrega";"A preencher na execução; ver critérios e saída obrigatória do bloco"
BIB-L0102;;audita-planejamento-menu-biblioteca-documentos-v0.1.md;0.2;102;5. Cadastro e manutenção dos documentos / 5.1 Informações do cadastro;Requisito/regra e contexto da fonte;| Situação documental | Rascunho, Vigente, Substituído, Arquivado ou Cancelado. Cadastro inicial em Rascunho. |;B05 B03;B05;C2 + C1;B14 B15;"Biblioteca atual lista auditorias; biblioteca corporativa não identificada";Consultar D01-D11 e B01 quando houver proposta/conflito;"Mapeado; implementação não realizada nesta entrega";"A preencher na execução; ver critérios e saída obrigatória do bloco"
BIB-L0103;;audita-planejamento-menu-biblioteca-documentos-v0.1.md;0.2;103;5. Cadastro e manutenção dos documentos / 5.1 Informações do cadastro;Requisito/regra e contexto da fonte;"| Responsável e emissão | Obrigatórios para disponibilizar como Vigente; pendências permitidas em Rascunho. |";B05 B03;B05;C2 + C1;B14 B15;"Biblioteca atual lista auditorias; biblioteca corporativa não identificada";Consultar D01-D11 e B01 quando houver proposta/conflito;"Mapeado; implementação não realizada nesta entrega";"A preencher na execução; ver critérios e saída obrigatória do bloco"
BIB-L0104;;audita-planejamento-menu-biblioteca-documentos-v0.1.md;0.2;104;5. Cadastro e manutenção dos documentos / 5.1 Informações do cadastro;Requisito/regra e contexto da fonte;| Arquivo | Ao menos um arquivo válido por revisão. Nome, formato e tamanho identificados. |;B05 B03;B05;C2 + C1;B14 B15;"Biblioteca atual lista auditorias; biblioteca corporativa não identificada";Consultar D01-D11 e B01 quando houver proposta/conflito;"Mapeado; implementação não realizada nesta entrega";"A preencher na execução; ver critérios e saída obrigatória do bloco"
BIB-L0105;;audita-planejamento-menu-biblioteca-documentos-v0.1.md;0.2;105;5. Cadastro e manutenção dos documentos / 5.1 Informações do cadastro;Requisito/regra e contexto da fonte;"| Descrição | Opcional; explicar a finalidade ou o uso do documento. |";B05 B03;B05;C2 + C1;B14 B15;"Biblioteca atual lista auditorias; biblioteca corporativa não identificada";Consultar D01-D11 e B01 quando houver proposta/conflito;"Mapeado; implementação não realizada nesta entrega";"A preencher na execução; ver critérios e saída obrigatória do bloco"
BIB-L0106;;audita-planejamento-menu-biblioteca-documentos-v0.1.md;0.2;106;5. Cadastro e manutenção dos documentos / 5.1 Informações do cadastro;Requisito/regra e contexto da fonte;| Dados automáticos | Usuário que cadastrou, data/hora de inclusão e identificação do arquivo. Alterações registram autor, instante e ação. |;B05 B03;B05;C2 + C1;B14 B15;"Biblioteca atual lista auditorias; biblioteca corporativa não identificada";Consultar D01-D11 e B01 quando houver proposta/conflito;"Mapeado; implementação não realizada nesta entrega";"A preencher na execução; ver critérios e saída obrigatória do bloco"
BIB-L0110;PC-06;audita-planejamento-menu-biblioteca-documentos-v0.1.md;0.2;110;5. Cadastro e manutenção dos documentos / 5.2 Fluxo de inserção;Requisito/regra e contexto da fonte;"PC-06 — O Administrador acessa a biblioteca, aciona “Inserir documento”, informa os dados, seleciona o arquivo e salva o cadastro. O sistema verifica os campos, o formato, o tamanho e a conclusão do envio. Somente após sucesso confirma o cadastro; uma falha não deve deixar um documento disponível com arquivo incompleto.";B05 B03;B05;C2 + C1;B14 B15;"Biblioteca atual lista auditorias; biblioteca corporativa não identificada";Consultar D01-D11 e B01 quando houver proposta/conflito;"Mapeado; implementação não realizada nesta entrega";"A preencher na execução; ver critérios e saída obrigatória do bloco"
BIB-L0112;PC-07;audita-planejamento-menu-biblioteca-documentos-v0.1.md;0.2;112;5. Cadastro e manutenção dos documentos / 5.2 Fluxo de inserção;Requisito/regra e contexto da fonte;"PC-07 — Formatos iniciais propostos: PDF, DOCX e DOTX, suficientes para os documentos padrão já produzidos. Limite inicial proposto: 20 MB por arquivo, a confirmar. O tipo real do arquivo deve corresponder ao formato permitido; arquivos executáveis ou com macros não integram essa lista.";B05 B03;B05;C2 + C1;B14 B15;"Biblioteca atual lista auditorias; biblioteca corporativa não identificada";Consultar D01-D11 e B01 quando houver proposta/conflito;"Mapeado; implementação não realizada nesta entrega";"A preencher na execução; ver critérios e saída obrigatória do bloco"
BIB-L0114;PC-08;audita-planejamento-menu-biblioteca-documentos-v0.1.md;0.2;114;5. Cadastro e manutenção dos documentos / 5.2 Fluxo de inserção;Requisito/regra e contexto da fonte;PC-08 — Uma mesma revisão pode oferecer mais de um formato, como Word e PDF, quando representam o mesmo documento. A listagem deve indicar os formatos disponíveis e permitir escolher qual baixar. O modelo mestre DOTX é um documento próprio, separado do procedimento PDA. Não converter arquivos automaticamente neste escopo.;B05 B03;B05;C2 + C1;B14 B15;"Biblioteca atual lista auditorias; biblioteca corporativa não identificada";Consultar D01-D11 e B01 quando houver proposta/conflito;"Mapeado; implementação não realizada nesta entrega";"A preencher na execução; ver critérios e saída obrigatória do bloco"
BIB-L0118;PC-04;audita-planejamento-menu-biblioteca-documentos-v0.1.md;0.2;118;5. Cadastro e manutenção dos documentos / 5.3 Revisão e retirada de uso;Requisito/regra e contexto da fonte;PC-04 — O Administrador pode corrigir dados de cadastro, incluir nova revisão e arquivar documentos. Uma nova revisão deve preservar a anterior e seu arquivo original. Ao liberar a nova revisão, identificar a anterior como Substituído. Não permitir sobrescrita silenciosa de arquivo já emitido ou reutilização de código para outro documento.;B05 B03;B05;C2 + C1;B14 B15;"Biblioteca atual lista auditorias; biblioteca corporativa não identificada";Consultar D01-D11 e B01 quando houver proposta/conflito;"Mapeado; implementação não realizada nesta entrega";"A preencher na execução; ver critérios e saída obrigatória do bloco"
BIB-L0120;;audita-planejamento-menu-biblioteca-documentos-v0.1.md;0.2;120;5. Cadastro e manutenção dos documentos / 5.3 Revisão e retirada de uso;Requisito/regra e contexto da fonte;A exclusão definitiva não faz parte desta proposta. Arquivar retira o documento da disponibilidade corrente sem apagar o histórico. A troca de situação deve ser registrada e refletida nas permissões de consulta e download.;B05 B03;B05;C2 + C1;B14 B15;"Biblioteca atual lista auditorias; biblioteca corporativa não identificada";Consultar D01-D11 e B01 quando houver proposta/conflito;"Mapeado; implementação não realizada nesta entrega";"A preencher na execução; ver critérios e saída obrigatória do bloco"
BIB-L0124;RS-07;audita-planejamento-menu-biblioteca-documentos-v0.1.md;0.2;124;6. Separação do histórico de modificações;Requisito/regra e contexto da fonte;RS-07 — O botão “Histórico de modificações do sistema” abre uma área própria, separada da listagem de documentos. Essa área deve oferecer “Voltar à biblioteca”. Ao abrir a biblioteca pelo menu lateral, a tela inicial deve sempre voltar aos documentos, sem reabrir o histórico por preferência da visita anterior.;B05 B04;B05;C2 + C1;B14 B15;"Biblioteca atual lista auditorias; biblioteca corporativa não identificada";Consultar D01-D11 e B01 quando houver proposta/conflito;"Mapeado; implementação não realizada nesta entrega";"A preencher na execução; ver critérios e saída obrigatória do bloco"
BIB-L0126;PC-03;audita-planejamento-menu-biblioteca-documentos-v0.1.md;0.2;126;6. Separação do histórico de modificações;Requisito/regra e contexto da fonte;"PC-03 — Recomenda-se disponibilizar o histórico somente ao Administrador nesta primeira etapa, mantendo Auditor Líder e Auditor focados no acesso e download dos documentos. A exclusividade do histórico ao Administrador não foi definida pelo usuário; a restrição aos demais perfis, incluindo o Participante / Auditado, é proposta e precisa de confirmação.";B05 B04;B05;C2 + C1;B14 B15;"Biblioteca atual lista auditorias; biblioteca corporativa não identificada";Consultar D01-D11 e B01 quando houver proposta/conflito;"Mapeado; implementação não realizada nesta entrega";"A preencher na execução; ver critérios e saída obrigatória do bloco"
BIB-L0128;;audita-planejamento-menu-biblioteca-documentos-v0.1.md;0.2;128;6. Separação do histórico de modificações;Requisito/regra e contexto da fonte;O histórico existente deve ser preservado. A mudança de navegação não autoriza apagar, reconstruir ou inventar registros. Se a área atual não contiver de fato um histórico de modificações do sistema, a diferença deve ser apontada antes de desenvolver uma funcionalidade nova.;B05 B04;B05;C2 + C1;B14 B15;"Biblioteca atual lista auditorias; biblioteca corporativa não identificada";Consultar D01-D11 e B01 quando houver proposta/conflito;"Mapeado; implementação não realizada nesta entrega";"A preencher na execução; ver critérios e saída obrigatória do bloco"
BIB-L0130;;audita-planejamento-menu-biblioteca-documentos-v0.1.md;0.2;130;6. Separação do histórico de modificações;Requisito/regra e contexto da fonte;| Conceito | Conteúdo e localização |;B05 B04;B05;C2 + C1;B14 B15;"Biblioteca atual lista auditorias; biblioteca corporativa não identificada";Consultar D01-D11 e B01 quando houver proposta/conflito;"Mapeado; implementação não realizada nesta entrega";"A preencher na execução; ver critérios e saída obrigatória do bloco"
BIB-L0132;;audita-planejamento-menu-biblioteca-documentos-v0.1.md;0.2;132;6. Separação do histórico de modificações;Requisito/regra e contexto da fonte;| Biblioteca de documentos | Documentos padrão da AUDITA e formatos disponíveis para download. É a entrada principal da página. |;B05 B04;B05;C2 + C1;B14 B15;"Biblioteca atual lista auditorias; biblioteca corporativa não identificada";Consultar D01-D11 e B01 quando houver proposta/conflito;"Mapeado; implementação não realizada nesta entrega";"A preencher na execução; ver critérios e saída obrigatória do bloco"
BIB-L0133;PC-04;audita-planejamento-menu-biblioteca-documentos-v0.1.md;0.2;133;6. Separação do histórico de modificações;Requisito/regra e contexto da fonte;| Revisões de um documento | Versões e alterações daquele documento. Consulta na gestão do documento, conforme PC-04. |;B05 B04;B05;C2 + C1;B14 B15;"Biblioteca atual lista auditorias; biblioteca corporativa não identificada";Consultar D01-D11 e B01 quando houver proposta/conflito;"Mapeado; implementação não realizada nesta entrega";"A preencher na execução; ver critérios e saída obrigatória do bloco"
BIB-L0134;;audita-planejamento-menu-biblioteca-documentos-v0.1.md;0.2;134;6. Separação do histórico de modificações;Requisito/regra e contexto da fonte;| Histórico de modificações do sistema | Registros já mantidos pelo sistema sobre suas modificações. Acesso apenas pelo botão específico e com permissão. |;B05 B04;B05;C2 + C1;B14 B15;"Biblioteca atual lista auditorias; biblioteca corporativa não identificada";Consultar D01-D11 e B01 quando houver proposta/conflito;"Mapeado; implementação não realizada nesta entrega";"A preencher na execução; ver critérios e saída obrigatória do bloco"
BIB-L0138;;audita-planejamento-menu-biblioteca-documentos-v0.1.md;0.2;138;7. Exemplo de organização da tela;Requisito/regra e contexto da fonte;O exemplo abaixo descreve a disposição funcional, sem definir uma aparência final ou representar dados reais.;B05;B05;C2 + C1;B14 B15;"Biblioteca atual lista auditorias; biblioteca corporativa não identificada";Consultar D01-D11 e B01 quando houver proposta/conflito;"Mapeado; implementação não realizada nesta entrega";"A preencher na execução; ver critérios e saída obrigatória do bloco"
BIB-L0140;;audita-planejamento-menu-biblioteca-documentos-v0.1.md;0.2;140;7. Exemplo de organização da tela;Requisito/regra e contexto da fonte;| Área | Administrador | Auditor Líder e Auditor |;B05;B05;C2 + C1;B14 B15;"Biblioteca atual lista auditorias; biblioteca corporativa não identificada";Consultar D01-D11 e B01 quando houver proposta/conflito;"Mapeado; implementação não realizada nesta entrega";"A preencher na execução; ver critérios e saída obrigatória do bloco"
BIB-L0142;;audita-planejamento-menu-biblioteca-documentos-v0.1.md;0.2;142;7. Exemplo de organização da tela;Requisito/regra e contexto da fonte;| Topo da página | Biblioteca de documentos | Biblioteca de documentos |;B05;B05;C2 + C1;B14 B15;"Biblioteca atual lista auditorias; biblioteca corporativa não identificada";Consultar D01-D11 e B01 quando houver proposta/conflito;"Mapeado; implementação não realizada nesta entrega";"A preencher na execução; ver critérios e saída obrigatória do bloco"
BIB-L0143;;audita-planejamento-menu-biblioteca-documentos-v0.1.md;0.2;143;7. Exemplo de organização da tela;Requisito/regra e contexto da fonte;| Ação principal | Inserir documento | Nenhuma ação de cadastro |;B05;B05;C2 + C1;B14 B15;"Biblioteca atual lista auditorias; biblioteca corporativa não identificada";Consultar D01-D11 e B01 quando houver proposta/conflito;"Mapeado; implementação não realizada nesta entrega";"A preencher na execução; ver critérios e saída obrigatória do bloco"
BIB-L0144;;audita-planejamento-menu-biblioteca-documentos-v0.1.md;0.2;144;7. Exemplo de organização da tela;Requisito/regra e contexto da fonte;| Acesso secundário | Histórico de modificações do sistema¹ | Não exibido na proposta¹ |;B05;B05;C2 + C1;B14 B15;"Biblioteca atual lista auditorias; biblioteca corporativa não identificada";Consultar D01-D11 e B01 quando houver proposta/conflito;"Mapeado; implementação não realizada nesta entrega";"A preencher na execução; ver critérios e saída obrigatória do bloco"
BIB-L0145;;audita-planejamento-menu-biblioteca-documentos-v0.1.md;0.2;145;7. Exemplo de organização da tela;Requisito/regra e contexto da fonte;| Consulta | Busca, filtros e lista de documentos | Busca e lista de documentos disponibilizados |;B05;B05;C2 + C1;B14 B15;"Biblioteca atual lista auditorias; biblioteca corporativa não identificada";Consultar D01-D11 e B01 quando houver proposta/conflito;"Mapeado; implementação não realizada nesta entrega";"A preencher na execução; ver critérios e saída obrigatória do bloco"
BIB-L0146;;audita-planejamento-menu-biblioteca-documentos-v0.1.md;0.2;146;7. Exemplo de organização da tela;Requisito/regra e contexto da fonte;| Documento selecionado | Baixar e gerenciar revisão/situação | Baixar no formato disponível |;B05;B05;C2 + C1;B14 B15;"Biblioteca atual lista auditorias; biblioteca corporativa não identificada";Consultar D01-D11 e B01 quando houver proposta/conflito;"Mapeado; implementação não realizada nesta entrega";"A preencher na execução; ver critérios e saída obrigatória do bloco"
BIB-L0148;PC-03;audita-planejamento-menu-biblioteca-documentos-v0.1.md;0.2;148;7. Exemplo de organização da tela;Requisito/regra e contexto da fonte;"¹ Condicionado à validação da PC-03. Os documentos não se misturam aos registros do histórico. O Participante / Auditado não recebe esta tela da biblioteca na proposta inicial; sua consulta de documentos ocorre dentro das auditorias autorizadas da própria organização.";B05;B05;C2 + C1;B14 B15;"Biblioteca atual lista auditorias; biblioteca corporativa não identificada";Consultar D01-D11 e B01 quando houver proposta/conflito;"Mapeado; implementação não realizada nesta entrega";"A preencher na execução; ver critérios e saída obrigatória do bloco"
BIB-L0152;;audita-planejamento-menu-biblioteca-documentos-v0.1.md;0.2;152;7. Exemplo de organização da tela / 7.1 Tratamento dos arquivos já produzidos;Requisito/regra e contexto da fonte;O PDA Rev.00 e o modelo mestre produzidos nesta conversa permanecem em Rascunho. Após a implementação ser autorizada e concluída, o Administrador poderá cadastrá-los nessa situação. Sua disponibilização como documentos vigentes dependerá da aprovação institucional, com responsável e data confirmados. Não há carga inicial automática autorizada nesta etapa.;B05;B05;C2 + C1;B14 B15;"Biblioteca atual lista auditorias; biblioteca corporativa não identificada";Consultar D01-D11 e B01 quando houver proposta/conflito;"Mapeado; implementação não realizada nesta entrega";"A preencher na execução; ver critérios e saída obrigatória do bloco"
BIB-L0156;;audita-planejamento-menu-biblioteca-documentos-v0.1.md;0.2;156;8. Critérios de aceite da implementação futura;Requisito/regra e contexto da fonte;| ID | Verificação e resultado esperado |;B14;B14;C0 + revisor;B14 B15;Não testado funcionalmente nesta análise;Consultar D01-D11 e B01 quando houver proposta/conflito;"Mapeado; implementação não realizada nesta entrega";"A preencher na execução; ver critérios e saída obrigatória do bloco"
BIB-L0158;CA-01;audita-planejamento-menu-biblioteca-documentos-v0.1.md;0.2;158;8. Critérios de aceite da implementação futura;Critério de aceite;| CA-01 | Nos quatro perfis, as abas Não conformidades, Planos de ação e Indicadores deixam de aparecer no menu lateral, inclusive recolhido e em tela menor. |;B04;B04;C2;B14 B15;"Menu e Meu Perfil existentes; nova navegação ainda não aplicada";Consultar D01-D11 e B01 quando houver proposta/conflito;"Mapeado; implementação não realizada nesta entrega";"A preencher na execução; ver critérios e saída obrigatória do bloco"
BIB-L0159;CA-02;audita-planejamento-menu-biblioteca-documentos-v0.1.md;0.2;159;8. Critérios de aceite da implementação futura;Critério de aceite;"| CA-02 | O item antigo é substituído por Biblioteca de documentos; os demais itens mantêm sua ordem e regras de acesso. |";B04;B04;C2;B14 B15;"Menu e Meu Perfil existentes; nova navegação ainda não aplicada";Consultar D01-D11 e B01 quando houver proposta/conflito;"Mapeado; implementação não realizada nesta entrega";"A preencher na execução; ver critérios e saída obrigatória do bloco"
BIB-L0160;CA-03;audita-planejamento-menu-biblioteca-documentos-v0.1.md;0.2;160;8. Critérios de aceite da implementação futura;Critério de aceite;| CA-03 | Abrir a biblioteca pelo menu mostra os documentos, sem apresentar o histórico automaticamente, inclusive após visita anterior ao histórico. |;B04 B05;B04;C2;B14 B15;"Menu e Meu Perfil existentes; nova navegação ainda não aplicada";Consultar D01-D11 e B01 quando houver proposta/conflito;"Mapeado; implementação não realizada nesta entrega";"A preencher na execução; ver critérios e saída obrigatória do bloco"
BIB-L0161;CA-04;audita-planejamento-menu-biblioteca-documentos-v0.1.md;0.2;161;8. Critérios de aceite da implementação futura;Critério de aceite;| CA-04 | O Administrador insere um arquivo válido e vê confirmação somente após concluir o envio. Falha de envio ou campo inválido não publica cadastro incompleto. |;B05;B05;C2 + C1;B14 B15;"Biblioteca atual lista auditorias; biblioteca corporativa não identificada";Consultar D01-D11 e B01 quando houver proposta/conflito;"Mapeado; implementação não realizada nesta entrega";"A preencher na execução; ver critérios e saída obrigatória do bloco"
BIB-L0162;CA-05;audita-planejamento-menu-biblioteca-documentos-v0.1.md;0.2;162;8. Critérios de aceite da implementação futura;Critério de aceite;"| CA-05 | Auditor Líder e Auditor localizam e baixam documentos permitidos; não veem ações de gestão e têm recusadas tentativas diretas de escrita. |";B02 B05;B02;C1;B14 B15;"Base existente; Administração global e escopo documental divergem do alvo";Consultar D01-D11 e B01 quando houver proposta/conflito;"Mapeado; implementação não realizada nesta entrega";"A preencher na execução; ver critérios e saída obrigatória do bloco"
BIB-L0163;CA-06;audita-planejamento-menu-biblioteca-documentos-v0.1.md;0.2;163;8. Critérios de aceite da implementação futura;Critério de aceite;"| CA-06 | O download entrega o arquivo e a revisão selecionados; um usuário sem autorização não consegue baixar usando o endereço direto. |";B02 B05;B02;C1;B14 B15;"Base existente; Administração global e escopo documental divergem do alvo";Consultar D01-D11 e B01 quando houver proposta/conflito;"Mapeado; implementação não realizada nesta entrega";"A preencher na execução; ver critérios e saída obrigatória do bloco"
BIB-L0164;CA-07;audita-planejamento-menu-biblioteca-documentos-v0.1.md;0.2;164;8. Critérios de aceite da implementação futura;Critério de aceite;| CA-07 | O histórico abre somente mediante ação explícita no acesso proposto, permite voltar aos documentos e preserva os registros existentes. |;B05;B05;C2 + C1;B14 B15;"Biblioteca atual lista auditorias; biblioteca corporativa não identificada";Consultar D01-D11 e B01 quando houver proposta/conflito;"Mapeado; implementação não realizada nesta entrega";"A preencher na execução; ver critérios e saída obrigatória do bloco"
BIB-L0165;CA-08;audita-planejamento-menu-biblioteca-documentos-v0.1.md;0.2;165;8. Critérios de aceite da implementação futura;Critério de aceite;| CA-08 | Se PC-03 for aprovada, o histórico não fica acessível ao Auditor Líder, Auditor ou Participante / Auditado, inclusive por acesso direto. |;B02 B05;B02;C1;B14 B15;"Base existente; Administração global e escopo documental divergem do alvo";D07;"Mapeado; implementação não realizada nesta entrega";"A preencher na execução; ver critérios e saída obrigatória do bloco"
BIB-L0166;CA-09;audita-planejamento-menu-biblioteca-documentos-v0.1.md;0.2;166;8. Critérios de aceite da implementação futura;Critério de aceite;"| CA-09 | Se PC-04 for aprovada, rascunhos e arquivos retirados de uso não ficam disponíveis aos auditores; a nova revisão preserva o original anterior. |";B05;B05;C2 + C1;B14 B15;"Biblioteca atual lista auditorias; biblioteca corporativa não identificada";D07;"Mapeado; implementação não realizada nesta entrega";"A preencher na execução; ver critérios e saída obrigatória do bloco"
BIB-L0167;CA-10;audita-planejamento-menu-biblioteca-documentos-v0.1.md;0.2;167;8. Critérios de aceite da implementação futura;Critério de aceite;| CA-10 | Arquivos com formato ou tamanho fora das regras aprovadas são recusados com mensagem clara. |;B05;B05;C2 + C1;B14 B15;"Biblioteca atual lista auditorias; biblioteca corporativa não identificada";D07;"Mapeado; implementação não realizada nesta entrega";"A preencher na execução; ver critérios e saída obrigatória do bloco"
BIB-L0168;CA-11;audita-planejamento-menu-biblioteca-documentos-v0.1.md;0.2;168;8. Critérios de aceite da implementação futura;Critério de aceite;"| CA-11 | Biblioteca vazia, busca sem resultado e falha de download têm mensagens próprias; erro de carregamento não aparece como ausência de documentos. |";B05;B05;C2 + C1;B14 B15;"Biblioteca atual lista auditorias; biblioteca corporativa não identificada";Consultar D01-D11 e B01 quando houver proposta/conflito;"Mapeado; implementação não realizada nesta entrega";"A preencher na execução; ver critérios e saída obrigatória do bloco"
BIB-L0169;CA-12;audita-planejamento-menu-biblioteca-documentos-v0.1.md;0.2;169;8. Critérios de aceite da implementação futura;Critério de aceite;| CA-12 | Auditorias, relatórios, dados existentes e o histórico não são removidos ou modificados como efeito da retirada das três abas. |;B04 B14;B04;C2;B14 B15;"Menu e Meu Perfil existentes; nova navegação ainda não aplicada";Consultar D01-D11 e B01 quando houver proposta/conflito;"Mapeado; implementação não realizada nesta entrega";"A preencher na execução; ver critérios e saída obrigatória do bloco"
BIB-L0170;CA-13;audita-planejamento-menu-biblioteca-documentos-v0.1.md;0.2;170;8. Critérios de aceite da implementação futura;Critério de aceite;| CA-13 | Se V-07 do planejamento de perfis for aprovada, o Participante não vê nem acessa a biblioteca corporativa, inclusive por endereço direto. Os relatórios autorizados da sua organização continuam acessíveis em Auditorias. |;B02 B05 B12;B02;C1;B14 B15;"Base existente; Administração global e escopo documental divergem do alvo";D07;"Mapeado; implementação não realizada nesta entrega";"A preencher na execução; ver critérios e saída obrigatória do bloco"
BIB-L0174;;audita-planejamento-menu-biblioteca-documentos-v0.1.md;0.2;174;8. Critérios de aceite da implementação futura / 8.1 Etapas após validação;Requisito/regra e contexto da fonte;"Após a aprovação do documento e a autorização expressa para executar, conferir o funcionamento atual e suas dependências; detalhar as alterações compatíveis com a estrutura existente; implementar navegação, biblioteca e permissões; testar os critérios de aceite com os quatro perfis; submeter o resultado à homologação e autorizar a liberação. Este roteiro não define prazo nem presume tecnologias ou recursos já implementados.";B14;B14;C0 + revisor;B14 B15;Não testado funcionalmente nesta análise;Consultar D01-D11 e B01 quando houver proposta/conflito;"Mapeado; implementação não realizada nesta entrega";"A preencher na execução; ver critérios e saída obrigatória do bloco"
BIB-L0178;RS-01;audita-planejamento-menu-biblioteca-documentos-v0.1.md;0.2;178;9. Decisões para validação;Decisão/proposta;Os requisitos RS-01 a RS-09 registram o pedido recebido. As decisões abaixo completam a especificação e podem ser aprovadas ou ajustadas antes da implementação.;B01 B05;B01;C0 + C1;B14 B15;"Planejamento novo; decisões ainda não homologadas";Consultar D01-D11 e B01 quando houver proposta/conflito;"Mapeado; implementação não realizada nesta entrega";"A preencher na execução; ver critérios e saída obrigatória do bloco"
BIB-L0180;;audita-planejamento-menu-biblioteca-documentos-v0.1.md;0.2;180;9. Decisões para validação;Decisão/proposta;| Referência | Proposta a confirmar |;B01 B05;B01;C0 + C1;B14 B15;"Planejamento novo; decisões ainda não homologadas";Consultar D01-D11 e B01 quando houver proposta/conflito;"Mapeado; implementação não realizada nesta entrega";"A preencher na execução; ver critérios e saída obrigatória do bloco"
BIB-L0182;PC-01;audita-planejamento-menu-biblioteca-documentos-v0.1.md;0.2;182;9. Decisões para validação;Decisão/proposta;| PC-01 | Retirar as três abas da navegação, preservando dados e funções internas. Qualquer desativação completa de módulos/rotas fica fora deste escopo. |;B01 B05;B01;C0 + C1;B14 B15;"Planejamento novo; decisões ainda não homologadas";Consultar D01-D11 e B01 quando houver proposta/conflito;"Mapeado; implementação não realizada nesta entrega";"A preencher na execução; ver critérios e saída obrigatória do bloco"
BIB-L0183;PC-02;audita-planejamento-menu-biblioteca-documentos-v0.1.md;0.2;183;9. Decisões para validação;Decisão/proposta;| PC-02 | Incluir busca por título/código e filtros por tipo e situação, limitados ao que cada perfil pode consultar. |;B01 B05;B01;C0 + C1;B14 B15;"Planejamento novo; decisões ainda não homologadas";Consultar D01-D11 e B01 quando houver proposta/conflito;"Mapeado; implementação não realizada nesta entrega";"A preencher na execução; ver critérios e saída obrigatória do bloco"
BIB-L0184;PC-03;audita-planejamento-menu-biblioteca-documentos-v0.1.md;0.2;184;9. Decisões para validação;Decisão/proposta;| PC-03 | Permitir acesso ao histórico de modificações do sistema somente ao Administrador. |;B01 B05;B01;C0 + C1;B14 B15;"Planejamento novo; decisões ainda não homologadas";Consultar D01-D11 e B01 quando houver proposta/conflito;"Mapeado; implementação não realizada nesta entrega";"A preencher na execução; ver critérios e saída obrigatória do bloco"
BIB-L0185;PC-04;audita-planejamento-menu-biblioteca-documentos-v0.1.md;0.2;185;9. Decisões para validação;Decisão/proposta;"| PC-04 | Reservar a gestão de revisões e arquivamento ao Administrador; disponibilizar aos auditores somente documentos vigentes; preservar as versões anteriores. |";B01 B05;B01;C0 + C1;B14 B15;"Planejamento novo; decisões ainda não homologadas";Consultar D01-D11 e B01 quando houver proposta/conflito;"Mapeado; implementação não realizada nesta entrega";"A preencher na execução; ver critérios e saída obrigatória do bloco"
BIB-L0186;PC-05;audita-planejamento-menu-biblioteca-documentos-v0.1.md;0.2;186;9. Decisões para validação;Decisão/proposta;| PC-05 | Manter arquivos privados, exigir autenticação e autorização no download e não conceder acesso a outros perfis por padrão. |;B01 B05;B01;C0 + C1;B14 B15;"Planejamento novo; decisões ainda não homologadas";Consultar D01-D11 e B01 quando houver proposta/conflito;"Mapeado; implementação não realizada nesta entrega";"A preencher na execução; ver critérios e saída obrigatória do bloco"
BIB-L0187;PC-06;audita-planejamento-menu-biblioteca-documentos-v0.1.md;0.2;187;9. Decisões para validação;Decisão/proposta;| PC-06 | Cadastrar documentos com validação de dados e envio concluído antes da confirmação. |;B01 B05;B01;C0 + C1;B14 B15;"Planejamento novo; decisões ainda não homologadas";Consultar D01-D11 e B01 quando houver proposta/conflito;"Mapeado; implementação não realizada nesta entrega";"A preencher na execução; ver critérios e saída obrigatória do bloco"
BIB-L0188;PC-07;audita-planejamento-menu-biblioteca-documentos-v0.1.md;0.2;188;9. Decisões para validação;Decisão/proposta;| PC-07 | Aceitar PDF, DOCX e DOTX, com até 20 MB por arquivo. |;B01 B05;B01;C0 + C1;B14 B15;"Planejamento novo; decisões ainda não homologadas";Consultar D01-D11 e B01 quando houver proposta/conflito;"Mapeado; implementação não realizada nesta entrega";"A preencher na execução; ver critérios e saída obrigatória do bloco"
BIB-L0189;PC-08;audita-planejamento-menu-biblioteca-documentos-v0.1.md;0.2;189;9. Decisões para validação;Decisão/proposta;"| PC-08 | Permitir formatos alternativos vinculados à mesma revisão, sem conversão automática; manter o modelo mestre como documento separado. |";B01 B05;B01;C0 + C1;B14 B15;"Planejamento novo; decisões ainda não homologadas";Consultar D01-D11 e B01 quando houver proposta/conflito;"Mapeado; implementação não realizada nesta entrega";"A preencher na execução; ver critérios e saída obrigatória do bloco"
BIB-L0193;;audita-planejamento-menu-biblioteca-documentos-v0.1.md;0.2;193;9. Decisões para validação / 9.1 Registro da decisão;Decisão/proposta;| Campo | Preenchimento |;B01 B05;B01;C0 + C1;B14 B15;"Planejamento novo; decisões ainda não homologadas";Consultar D01-D11 e B01 quando houver proposta/conflito;"Mapeado; implementação não realizada nesta entrega";"A preencher na execução; ver critérios e saída obrigatória do bloco"
BIB-L0195;;audita-planejamento-menu-biblioteca-documentos-v0.1.md;0.2;195;9. Decisões para validação / 9.1 Registro da decisão;Decisão/proposta;| Resultado da validação | [Aprovado / Aprovado com ajustes / Revisar] |;B01 B05;B01;C0 + C1;B14 B15;"Planejamento novo; decisões ainda não homologadas";Consultar D01-D11 e B01 quando houver proposta/conflito;"Mapeado; implementação não realizada nesta entrega";"A preencher na execução; ver critérios e saída obrigatória do bloco"
BIB-L0196;;audita-planejamento-menu-biblioteca-documentos-v0.1.md;0.2;196;9. Decisões para validação / 9.1 Registro da decisão;Decisão/proposta;| Ajustes solicitados | [Descrever os ajustes, se houver] |;B01 B05;B01;C0 + C1;B14 B15;"Planejamento novo; decisões ainda não homologadas";Consultar D01-D11 e B01 quando houver proposta/conflito;"Mapeado; implementação não realizada nesta entrega";"A preencher na execução; ver critérios e saída obrigatória do bloco"
BIB-L0197;;audita-planejamento-menu-biblioteca-documentos-v0.1.md;0.2;197;9. Decisões para validação / 9.1 Registro da decisão;Decisão/proposta;| Responsável | [Nome e função] |;B01 B05;B01;C0 + C1;B14 B15;"Planejamento novo; decisões ainda não homologadas";Consultar D01-D11 e B01 quando houver proposta/conflito;"Mapeado; implementação não realizada nesta entrega";"A preencher na execução; ver critérios e saída obrigatória do bloco"
BIB-L0198;;audita-planejamento-menu-biblioteca-documentos-v0.1.md;0.2;198;9. Decisões para validação / 9.1 Registro da decisão;Decisão/proposta;| Data | [DD/MM/AAAA] |;B01 B05;B01;C0 + C1;B14 B15;"Planejamento novo; decisões ainda não homologadas";Consultar D01-D11 e B01 quando houver proposta/conflito;"Mapeado; implementação não realizada nesta entrega";"A preencher na execução; ver critérios e saída obrigatória do bloco"
BIB-L0199;;audita-planejamento-menu-biblioteca-documentos-v0.1.md;0.2;199;9. Decisões para validação / 9.1 Registro da decisão;Decisão/proposta;| Autorização para execução | [Aguardar / Autorização expressa a registrar] |;B01 B05;B01;C0 + C1;B14 B15;"Planejamento novo; decisões ainda não homologadas";Consultar D01-D11 e B01 quando houver proposta/conflito;"Mapeado; implementação não realizada nesta entrega";"A preencher na execução; ver critérios e saída obrigatória do bloco"
BIB-L0201;;audita-planejamento-menu-biblioteca-documentos-v0.1.md;0.2;201;9. Decisões para validação / 9.1 Registro da decisão;Decisão/proposta;A implementação deve utilizar a versão validada deste documento. Ajustes que alterem permissões, disponibilidade dos arquivos ou o alcance da remoção de módulos devem ser registrados antes da execução.;B01 B05;B01;C0 + C1;B14 B15;"Planejamento novo; decisões ainda não homologadas";Consultar D01-D11 e B01 quando houver proposta/conflito;"Mapeado; implementação não realizada nesta entrega";"A preencher na execução; ver critérios e saída obrigatória do bloco"
BIB-L0205;;audita-planejamento-menu-biblioteca-documentos-v0.1.md;0.2;205;Histórico do planejamento;Requisito/regra e contexto da fonte;| Versão | Data | Descrição |;B01;B01;C0 + C1;B14 B15;"Planejamento novo; decisões ainda não homologadas";Consultar D01-D11 e B01 quando houver proposta/conflito;"Mapeado; implementação não realizada nesta entrega";"A preencher na execução; ver critérios e saída obrigatória do bloco"
BIB-L0207;;audita-planejamento-menu-biblioteca-documentos-v0.1.md;0.2;207;Histórico do planejamento;Requisito/regra e contexto da fonte;| 0.1 | 07/10/2026 | Proposta inicial baseada na solicitação e na imagem do menu. Preservada para referência. |;B01;B01;C0 + C1;B14 B15;"Planejamento novo; decisões ainda não homologadas";Consultar D01-D11 e B01 quando houver proposta/conflito;"Mapeado; implementação não realizada nesta entrega";"A preencher na execução; ver critérios e saída obrigatória do bloco"
BIB-L0208;;audita-planejamento-menu-biblioteca-documentos-v0.1.md;0.2;208;Histórico do planejamento;Requisito/regra e contexto da fonte;| 0.2 | 07/10/2026 | Compatibilização com os quatro perfis definitivos, inclusão do Participante / Auditado e vínculo ao planejamento de permissões e dashboards. Aguardando validação. |;B01;B01;C0 + C1;B14 B15;"Planejamento novo; decisões ainda não homologadas";Consultar D01-D11 e B01 quando houver proposta/conflito;"Mapeado; implementação não realizada nesta entrega";"A preencher na execução; ver critérios e saída obrigatória do bloco"
PER-L0003;;audita-planejamento-perfis-permissoes-dashboards-v0.1.md;0.1;3;Preâmbulo;Requisito/regra e contexto da fonte;**Versão:** 0.1;B01;B01;C0 + C1;B14 B15;"Planejamento novo; decisões ainda não homologadas";Consultar D01-D11 e B01 quando houver proposta/conflito;"Mapeado; implementação não realizada nesta entrega";"A preencher na execução; ver critérios e saída obrigatória do bloco"
PER-L0004;;audita-planejamento-perfis-permissoes-dashboards-v0.1.md;0.1;4;Preâmbulo;Requisito/regra e contexto da fonte;**Data:** 07/10/2026;B01;B01;C0 + C1;B14 B15;"Planejamento novo; decisões ainda não homologadas";Consultar D01-D11 e B01 quando houver proposta/conflito;"Mapeado; implementação não realizada nesta entrega";"A preencher na execução; ver critérios e saída obrigatória do bloco"
PER-L0005;;audita-planejamento-perfis-permissoes-dashboards-v0.1.md;0.1;5;Preâmbulo;Requisito/regra e contexto da fonte;**Situação:** proposta para validação;B01;B01;C0 + C1;B14 B15;"Planejamento novo; decisões ainda não homologadas";Consultar D01-D11 e B01 quando houver proposta/conflito;"Mapeado; implementação não realizada nesta entrega";"A preencher na execução; ver critérios e saída obrigatória do bloco"
PER-L0006;;audita-planejamento-perfis-permissoes-dashboards-v0.1.md;0.1;6;Preâmbulo;Requisito/regra e contexto da fonte;**Execução:** nenhuma alteração no sistema autorizada ou realizada nesta etapa;B01;B01;C0 + C1;B14 B15;"Planejamento novo; decisões ainda não homologadas";Consultar D01-D11 e B01 quando houver proposta/conflito;"Mapeado; implementação não realizada nesta entrega";"A preencher na execução; ver critérios e saída obrigatória do bloco"
PER-L0007;;audita-planejamento-perfis-permissoes-dashboards-v0.1.md;0.1;7;Preâmbulo;Requisito/regra e contexto da fonte;"**Formato de referência:** Markdown; Word e PDF somente mediante solicitação explícita";B01;B01;C0 + C1;B14 B15;"Planejamento novo; decisões ainda não homologadas";Consultar D01-D11 e B01 quando houver proposta/conflito;"Mapeado; implementação não realizada nesta entrega";"A preencher na execução; ver critérios e saída obrigatória do bloco"
PER-L0011;;audita-planejamento-perfis-permissoes-dashboards-v0.1.md;0.1;11;1. Objetivo e relação com os planejamentos anteriores;Requisito/regra e contexto da fonte;Definir o funcionamento dos quatro perfis definitivos do Audita PRO e a visão de cada um no Dashboard e nas demais abas. O acesso deve considerar a função do usuário, seu vínculo com a auditoria e, no caso do cliente, sua organização. O dashboard deve apresentar informações úteis à gestão, com gráficos claros e sem excesso de elementos.;B01;B01;C0 + C1;B14 B15;"Planejamento novo; decisões ainda não homologadas";Consultar D01-D11 e B01 quando houver proposta/conflito;"Mapeado; implementação não realizada nesta entrega";"A preencher na execução; ver critérios e saída obrigatória do bloco"
PER-L0013;;audita-planejamento-perfis-permissoes-dashboards-v0.1.md;0.1;13;1. Objetivo e relação com os planejamentos anteriores;Requisito/regra e contexto da fonte;Este planejamento se baseia na definição fornecida pelo usuário. Não houve inspeção do código, banco de dados ou configuração atual das permissões. As etapas técnicas abaixo são propostas para a implementação futura e deverão ser adaptadas à estrutura existente, após autorização.;B01;B01;C0 + C1;B14 B15;"Planejamento novo; decisões ainda não homologadas";Consultar D01-D11 e B01 quando houver proposta/conflito;"Mapeado; implementação não realizada nesta entrega";"A preencher na execução; ver critérios e saída obrigatória do bloco"
PER-L0015;;audita-planejamento-perfis-permissoes-dashboards-v0.1.md;0.1;15;1. Objetivo e relação com os planejamentos anteriores;Requisito/regra e contexto da fonte;Mantém-se o planejamento de retirar do menu as abas **Não conformidades**, **Planos de ação** e **Indicadores**, e substituir **Biblioteca / histórico** por **Biblioteca de documentos**. A retirada da aba Indicadores não impede a apresentação de indicadores e gráficos no Dashboard.;B01;B01;C0 + C1;B14 B15;"Planejamento novo; decisões ainda não homologadas";Consultar D01-D11 e B01 quando houver proposta/conflito;"Mapeado; implementação não realizada nesta entrega";"A preencher na execução; ver critérios e saída obrigatória do bloco"
PER-L0017;;audita-planejamento-perfis-permissoes-dashboards-v0.1.md;0.1;17;1. Objetivo e relação com os planejamentos anteriores;Requisito/regra e contexto da fonte;A [proposta de menu e biblioteca v0.2](audita-planejamento-menu-biblioteca-documentos-v0.2.md) incorpora os quatro perfis e deve ser lida em conjunto com este arquivo. Nenhum desses planejamentos representa implementação concluída.;B01;B01;C0 + C1;B14 B15;"Planejamento novo; decisões ainda não homologadas";Consultar D01-D11 e B01 quando houver proposta/conflito;"Mapeado; implementação não realizada nesta entrega";"A preencher na execução; ver critérios e saída obrigatória do bloco"
PER-L0021;;audita-planejamento-perfis-permissoes-dashboards-v0.1.md;0.1;21;1. Objetivo e relação com os planejamentos anteriores / 1.1 O que está definido e o que depende de validação;Requisito/regra e contexto da fonte;- **Definido pelo usuário:** os quatro perfis, os poderes gerais do Administrador, a condução pelo Auditor Líder, a atuação de apoio do Auditor, a consulta sem alterações pelo Participante / Auditado e as visões de dashboard descritas neste documento.;B01;B01;C0 + C1;B14 B15;"Planejamento novo; decisões ainda não homologadas";Consultar D01-D11 e B01 quando houver proposta/conflito;"Mapeado; implementação não realizada nesta entrega";"A preencher na execução; ver critérios e saída obrigatória do bloco"
PER-L0022;;audita-planejamento-perfis-permissoes-dashboards-v0.1.md;0.1;22;1. Objetivo e relação com os planejamentos anteriores / 1.1 O que está definido e o que depende de validação;Requisito/regra e contexto da fonte;- **Proposto para validação:** detalhes de atribuição de equipe, acesso histórico, visibilidade de rascunhos, gráficos e cálculos, download pelo cliente e permissões complementares não especificadas no pedido.;B01;B01;C0 + C1;B14 B15;"Planejamento novo; decisões ainda não homologadas";Consultar D01-D11 e B01 quando houver proposta/conflito;"Mapeado; implementação não realizada nesta entrega";"A preencher na execução; ver critérios e saída obrigatória do bloco"
PER-L0024;;audita-planejamento-perfis-permissoes-dashboards-v0.1.md;0.1;24;1. Objetivo e relação com os planejamentos anteriores / 1.1 O que está definido e o que depende de validação;Requisito/regra e contexto da fonte;As decisões propostas estão reunidas na seção 12. Elas não devem ser tratadas como autorizações já concedidas.;B01;B01;C0 + C1;B14 B15;"Planejamento novo; decisões ainda não homologadas";Consultar D01-D11 e B01 quando houver proposta/conflito;"Mapeado; implementação não realizada nesta entrega";"A preencher na execução; ver critérios e saída obrigatória do bloco"
PER-L0028;;audita-planejamento-perfis-permissoes-dashboards-v0.1.md;0.1;28;2. Perfis definitivos;Requisito/regra e contexto da fonte;| Perfil | Finalidade | Regra principal |;B02;B02;C1;B14 B15;"Base existente; Administração global e escopo documental divergem do alvo";Consultar D01-D11 e B01 quando houver proposta/conflito;"Mapeado; implementação não realizada nesta entrega";"A preencher na execução; ver critérios e saída obrigatória do bloco"
PER-L0030;;audita-planejamento-perfis-permissoes-dashboards-v0.1.md;0.1;30;2. Perfis definitivos;Requisito/regra e contexto da fonte;| Administrador | Administrar e operar todo o sistema. | Acesso geral a todas as organizações, auditorias, documentos, usuários e configurações, com todas as permissões funcionais. |;B02;B02;C1;B14 B15;"Base existente; Administração global e escopo documental divergem do alvo";Consultar D01-D11 e B01 quando houver proposta/conflito;"Mapeado; implementação não realizada nesta entrega";"A preencher na execução; ver critérios e saída obrigatória do bloco"
PER-L0031;;audita-planejamento-perfis-permissoes-dashboards-v0.1.md;0.1;31;2. Perfis definitivos;Requisito/regra e contexto da fonte;| Auditor Líder | Ser responsável pela auditoria e conduzi-la do planejamento ao encerramento. | Criar auditoria, elaborar planejamento, conduzir e preencher checklist, validar relatórios diários e relatório de encerramento. |;B02;B02;C1;B14 B15;"Base existente; Administração global e escopo documental divergem do alvo";Consultar D01-D11 e B01 quando houver proposta/conflito;"Mapeado; implementação não realizada nesta entrega";"A preencher na execução; ver critérios e saída obrigatória do bloco"
PER-L0032;;audita-planejamento-perfis-permissoes-dashboards-v0.1.md;0.1;32;2. Perfis definitivos;Requisito/regra e contexto da fonte;"| Auditor | Apoiar o Auditor Líder como integrante da equipe. | Acompanhar auditorias das quais participa e acessar seus relatórios; não conduzir sozinho, assumir responsabilidade ou validar relatórios. |";B02;B02;C1;B14 B15;"Base existente; Administração global e escopo documental divergem do alvo";Consultar D01-D11 e B01 quando houver proposta/conflito;"Mapeado; implementação não realizada nesta entrega";"A preencher na execução; ver critérios e saída obrigatória do bloco"
PER-L0033;;audita-planejamento-perfis-permissoes-dashboards-v0.1.md;0.1;33;2. Perfis definitivos;Requisito/regra e contexto da fonte;| Participante / Auditado | Acompanhar, como cliente, o processo de auditoria da sua organização. | Consulta sem alterações, do planejamento disponibilizado ao encerramento, com acesso apenas aos relatórios validados. |;B02;B02;C1;B14 B15;"Base existente; Administração global e escopo documental divergem do alvo";Consultar D01-D11 e B01 quando houver proposta/conflito;"Mapeado; implementação não realizada nesta entrega";"A preencher na execução; ver critérios e saída obrigatória do bloco"
PER-L0035;;audita-planejamento-perfis-permissoes-dashboards-v0.1.md;0.1;35;2. Perfis definitivos;Requisito/regra e contexto da fonte;“Administrativo” será tratado como referência ao perfil **Administrador**, sem criar um quinto perfil. Na interface, utilizar os quatro nomes acima de forma consistente.;B02;B02;C1;B14 B15;"Base existente; Administração global e escopo documental divergem do alvo";Consultar D01-D11 e B01 quando houver proposta/conflito;"Mapeado; implementação não realizada nesta entrega";"A preencher na execução; ver critérios e saída obrigatória do bloco"
PER-L0037;;audita-planejamento-perfis-permissoes-dashboards-v0.1.md;0.1;37;2. Perfis definitivos;Requisito/regra e contexto da fonte;"O acesso geral do Administrador inclui criar, planejar, conduzir, alterar e validar auditorias, além de gerir usuários e documentos. Suas ações devem registrar o autor real. Quando uma alteração atingir um relatório já emitido, preservar a versão anterior e registrar a nova revisão; acesso geral não deve apagar a rastreabilidade nem atribuir a ação a outra pessoa.";B02;B02;C1;B14 B15;"Base existente; Administração global e escopo documental divergem do alvo";Consultar D01-D11 e B01 quando houver proposta/conflito;"Mapeado; implementação não realizada nesta entrega";"A preencher na execução; ver critérios e saída obrigatória do bloco"
PER-L0043;;audita-planejamento-perfis-permissoes-dashboards-v0.1.md;0.1;43;3. Vínculos que determinam o acesso / 3.1 Auditoria, organização e equipe;Requisito/regra e contexto da fonte;Cada auditoria deve estar vinculada a uma organização e permitir identificar seu responsável, os auditores de apoio e os participantes autorizados. A organização que está sendo auditada deve ser distinguida da AUDITA, que administra o sistema.;B02;B02;C1;B14 B15;"Base existente; Administração global e escopo documental divergem do alvo";Consultar D01-D11 e B01 quando houver proposta/conflito;"Mapeado; implementação não realizada nesta entrega";"A preencher na execução; ver critérios e saída obrigatória do bloco"
PER-L0045;;audita-planejamento-perfis-permissoes-dashboards-v0.1.md;0.1;45;3. Vínculos que determinam o acesso / 3.1 Auditoria, organização e equipe;Requisito/regra e contexto da fonte;| Perfil | Conjunto de auditorias acessível |;B02;B02;C1;B14 B15;"Base existente; Administração global e escopo documental divergem do alvo";Consultar D01-D11 e B01 quando houver proposta/conflito;"Mapeado; implementação não realizada nesta entrega";"A preencher na execução; ver critérios e saída obrigatória do bloco"
PER-L0047;;audita-planejamento-perfis-permissoes-dashboards-v0.1.md;0.1;47;3. Vínculos que determinam o acesso / 3.1 Auditoria, organização e equipe;Requisito/regra e contexto da fonte;| Administrador | Todas as auditorias do sistema. |;B02;B02;C1;B14 B15;"Base existente; Administração global e escopo documental divergem do alvo";Consultar D01-D11 e B01 quando houver proposta/conflito;"Mapeado; implementação não realizada nesta entrega";"A preencher na execução; ver critérios e saída obrigatória do bloco"
PER-L0048;;audita-planejamento-perfis-permissoes-dashboards-v0.1.md;0.1;48;3. Vínculos que determinam o acesso / 3.1 Auditoria, organização e equipe;Requisito/regra e contexto da fonte;| Auditor Líder | Auditorias que criou sob sua responsabilidade ou para as quais foi designado responsável, incluindo as encerradas cujo acesso histórico permaneça autorizado. |;B02;B02;C1;B14 B15;"Base existente; Administração global e escopo documental divergem do alvo";Consultar D01-D11 e B01 quando houver proposta/conflito;"Mapeado; implementação não realizada nesta entrega";"A preencher na execução; ver critérios e saída obrigatória do bloco"
PER-L0049;;audita-planejamento-perfis-permissoes-dashboards-v0.1.md;0.1;49;3. Vínculos que determinam o acesso / 3.1 Auditoria, organização e equipe;Requisito/regra e contexto da fonte;| Auditor | Auditorias em cuja equipe foi incluído, incluindo as encerradas cujo acesso histórico permaneça autorizado. |;B02;B02;C1;B14 B15;"Base existente; Administração global e escopo documental divergem do alvo";Consultar D01-D11 e B01 quando houver proposta/conflito;"Mapeado; implementação não realizada nesta entrega";"A preencher na execução; ver critérios e saída obrigatória do bloco"
PER-L0050;;audita-planejamento-perfis-permissoes-dashboards-v0.1.md;0.1;50;3. Vínculos que determinam o acesso / 3.1 Auditoria, organização e equipe;Requisito/regra e contexto da fonte;"| Participante / Auditado | Somente auditorias da organização à qual está vinculado; propõe-se exigir também liberação específica da auditoria para esse participante. |";B02;B02;C1;B14 B15;"Base existente; Administração global e escopo documental divergem do alvo";Consultar D01-D11 e B01 quando houver proposta/conflito;"Mapeado; implementação não realizada nesta entrega";"A preencher na execução; ver critérios e saída obrigatória do bloco"
PER-L0052;;audita-planejamento-perfis-permissoes-dashboards-v0.1.md;0.1;52;3. Vínculos que determinam o acesso / 3.1 Auditoria, organização e equipe;Requisito/regra e contexto da fonte;**Regra obrigatória:** pertencer à empresa X nunca permite visualizar auditorias, relatórios ou dados da empresa Y.;B02;B02;C1;B14 B15;"Base existente; Administração global e escopo documental divergem do alvo";Consultar D01-D11 e B01 quando houver proposta/conflito;"Mapeado; implementação não realizada nesta entrega";"A preencher na execução; ver critérios e saída obrigatória do bloco"
PER-L0054;;audita-planejamento-perfis-permissoes-dashboards-v0.1.md;0.1;54;3. Vínculos que determinam o acesso / 3.1 Auditoria, organização e equipe;Requisito/regra e contexto da fonte;Para Auditor Líder e Auditor, ter acesso a uma auditoria de determinada empresa não concede automaticamente acesso a todas as outras auditorias dessa empresa. A visão por organização deve agrupar apenas as auditorias autorizadas ao usuário.;B02;B02;C1;B14 B15;"Base existente; Administração global e escopo documental divergem do alvo";Consultar D01-D11 e B01 quando houver proposta/conflito;"Mapeado; implementação não realizada nesta entrega";"A preencher na execução; ver critérios e saída obrigatória do bloco"
PER-L0056;;audita-planejamento-perfis-permissoes-dashboards-v0.1.md;0.1;56;3. Vínculos que determinam o acesso / 3.1 Auditoria, organização e equipe;Requisito/regra e contexto da fonte;**Propostas de vínculo para validação:**;B02;B02;C1;B14 B15;"Base existente; Administração global e escopo documental divergem do alvo";Consultar D01-D11 e B01 quando houver proposta/conflito;"Mapeado; implementação não realizada nesta entrega";"A preencher na execução; ver critérios e saída obrigatória do bloco"
PER-L0058;;audita-planejamento-perfis-permissoes-dashboards-v0.1.md;0.1;58;3. Vínculos que determinam o acesso / 3.1 Auditoria, organização e equipe;Requisito/regra e contexto da fonte;- Um perfil principal por conta nesta etapa, com um responsável principal por auditoria. O Administrador pode operar qualquer auditoria, sem que isso troque automaticamente seu responsável.;B02;B02;C1;B14 B15;"Base existente; Administração global e escopo documental divergem do alvo";Consultar D01-D11 e B01 quando houver proposta/conflito;"Mapeado; implementação não realizada nesta entrega";"A preencher na execução; ver critérios e saída obrigatória do bloco"
PER-L0059;;audita-planejamento-perfis-permissoes-dashboards-v0.1.md;0.1;59;3. Vínculos que determinam o acesso / 3.1 Auditoria, organização e equipe;Requisito/regra e contexto da fonte;- Um Participante / Auditado vinculado a uma organização por vez. Necessidades de múltiplas empresas ou grupos empresariais devem ser definidas explicitamente antes de ampliar o acesso.;B02;B02;C1;B14 B15;"Base existente; Administração global e escopo documental divergem do alvo";Consultar D01-D11 e B01 quando houver proposta/conflito;"Mapeado; implementação não realizada nesta entrega";"A preencher na execução; ver critérios e saída obrigatória do bloco"
PER-L0060;;audita-planejamento-perfis-permissoes-dashboards-v0.1.md;0.1;60;3. Vínculos que determinam o acesso / 3.1 Auditoria, organização e equipe;Requisito/regra e contexto da fonte;- O Administrador define perfis, vínculos organizacionais, acessos de clientes e transferências de responsabilidade.;B02;B02;C1;B14 B15;"Base existente; Administração global e escopo documental divergem do alvo";Consultar D01-D11 e B01 quando houver proposta/conflito;"Mapeado; implementação não realizada nesta entrega";"A preencher na execução; ver critérios e saída obrigatória do bloco"
PER-L0061;;audita-planejamento-perfis-permissoes-dashboards-v0.1.md;0.1;61;3. Vínculos que determinam o acesso / 3.1 Auditoria, organização e equipe;Requisito/regra e contexto da fonte;- O Auditor Líder pode selecionar auditores de apoio já cadastrados e habilitados para a auditoria sob sua responsabilidade. Essa ação não permite criar usuários, alterar perfis ou conceder acesso de cliente a outra empresa.;B02;B02;C1;B14 B15;"Base existente; Administração global e escopo documental divergem do alvo";Consultar D01-D11 e B01 quando houver proposta/conflito;"Mapeado; implementação não realizada nesta entrega";"A preencher na execução; ver critérios e saída obrigatória do bloco"
PER-L0062;;audita-planejamento-perfis-permissoes-dashboards-v0.1.md;0.1;62;3. Vínculos que determinam o acesso / 3.1 Auditoria, organização e equipe;Requisito/regra e contexto da fonte;- Encerrar uma auditoria mantém o acesso histórico dos integrantes autorizados, necessário aos dashboards solicitados. Remover ou revogar um vínculo deve impedir novos acessos, sem apagar os registros de participação e autoria.;B02;B02;C1;B14 B15;"Base existente; Administração global e escopo documental divergem do alvo";Consultar D01-D11 e B01 quando houver proposta/conflito;"Mapeado; implementação não realizada nesta entrega";"A preencher na execução; ver critérios e saída obrigatória do bloco"
PER-L0066;;audita-planejamento-perfis-permissoes-dashboards-v0.1.md;0.1;66;3. Vínculos que determinam o acesso / 3.2 Regra de decisão de acesso;Requisito/regra e contexto da fonte;Antes de apresentar qualquer informação, verificar:;B02;B02;C1;B14 B15;"Base existente; Administração global e escopo documental divergem do alvo";Consultar D01-D11 e B01 quando houver proposta/conflito;"Mapeado; implementação não realizada nesta entrega";"A preencher na execução; ver critérios e saída obrigatória do bloco"
PER-L0068;;audita-planejamento-perfis-permissoes-dashboards-v0.1.md;0.1;68;3. Vínculos que determinam o acesso / 3.2 Regra de decisão de acesso;Requisito/regra e contexto da fonte;1. O usuário está autenticado e ativo?;B02;B02;C1;B14 B15;"Base existente; Administração global e escopo documental divergem do alvo";Consultar D01-D11 e B01 quando houver proposta/conflito;"Mapeado; implementação não realizada nesta entrega";"A preencher na execução; ver critérios e saída obrigatória do bloco"
PER-L0069;;audita-planejamento-perfis-permissoes-dashboards-v0.1.md;0.1;69;3. Vínculos que determinam o acesso / 3.2 Regra de decisão de acesso;Requisito/regra e contexto da fonte;2. O perfil permite a ação solicitada?;B02;B02;C1;B14 B15;"Base existente; Administração global e escopo documental divergem do alvo";Consultar D01-D11 e B01 quando houver proposta/conflito;"Mapeado; implementação não realizada nesta entrega";"A preencher na execução; ver critérios e saída obrigatória do bloco"
PER-L0070;;audita-planejamento-perfis-permissoes-dashboards-v0.1.md;0.1;70;3. Vínculos que determinam o acesso / 3.2 Regra de decisão de acesso;Requisito/regra e contexto da fonte;3. O usuário pode acessar a organização e a auditoria em questão?;B02;B02;C1;B14 B15;"Base existente; Administração global e escopo documental divergem do alvo";Consultar D01-D11 e B01 quando houver proposta/conflito;"Mapeado; implementação não realizada nesta entrega";"A preencher na execução; ver critérios e saída obrigatória do bloco"
PER-L0071;;audita-planejamento-perfis-permissoes-dashboards-v0.1.md;0.1;71;3. Vínculos que determinam o acesso / 3.2 Regra de decisão de acesso;Requisito/regra e contexto da fonte;4. O documento está em uma situação permitida para esse usuário?;B02;B02;C1;B14 B15;"Base existente; Administração global e escopo documental divergem do alvo";Consultar D01-D11 e B01 quando houver proposta/conflito;"Mapeado; implementação não realizada nesta entrega";"A preencher na execução; ver critérios e saída obrigatória do bloco"
PER-L0073;;audita-planejamento-perfis-permissoes-dashboards-v0.1.md;0.1;73;3. Vínculos que determinam o acesso / 3.2 Regra de decisão de acesso;Requisito/regra e contexto da fonte;Para o Administrador, a abrangência é geral. Para os demais perfis, todos os vínculos e limites aplicáveis devem ser respeitados. A mesma regra vale para telas, buscas, gráficos, contadores, notificações, exportações, relatórios e arquivos.;B02;B02;C1;B14 B15;"Base existente; Administração global e escopo documental divergem do alvo";Consultar D01-D11 e B01 quando houver proposta/conflito;"Mapeado; implementação não realizada nesta entrega";"A preencher na execução; ver critérios e saída obrigatória do bloco"
PER-L0077;;audita-planejamento-perfis-permissoes-dashboards-v0.1.md;0.1;77;4. Visão das abas por perfil;Requisito/regra e contexto da fonte;| Aba | Administrador | Auditor Líder | Auditor | Participante / Auditado |;B02 B04;B02;C1;B14 B15;"Base existente; Administração global e escopo documental divergem do alvo";Consultar D01-D11 e B01 quando houver proposta/conflito;"Mapeado; implementação não realizada nesta entrega";"A preencher na execução; ver critérios e saída obrigatória do bloco"
PER-L0079;;audita-planejamento-perfis-permissoes-dashboards-v0.1.md;0.1;79;4. Visão das abas por perfil;Requisito/regra e contexto da fonte;| Dashboard | Visão geral de todo o sistema. | Gestão das auditorias sob sua responsabilidade, em andamento e históricas. | Visão das auditorias de cuja equipe participa ou participou. | Acompanhamento das auditorias autorizadas da própria organização. |;B02 B04;B02;C1;B14 B15;"Base existente; Administração global e escopo documental divergem do alvo";Consultar D01-D11 e B01 quando houver proposta/conflito;"Mapeado; implementação não realizada nesta entrega";"A preencher na execução; ver critérios e saída obrigatória do bloco"
PER-L0080;;audita-planejamento-perfis-permissoes-dashboards-v0.1.md;0.1;80;4. Visão das abas por perfil;Requisito/regra e contexto da fonte;"| Auditorias | Acesso e operação geral. | Criação, planejamento, condução e validações no seu âmbito de responsabilidade. | Acompanhamento das auditorias da equipe; sem condução ou validação. | Consulta do planejamento e das informações disponibilizadas; relatórios somente validados. |";B02 B04;B02;C1;B14 B15;"Base existente; Administração global e escopo documental divergem do alvo";Consultar D01-D11 e B01 quando houver proposta/conflito;"Mapeado; implementação não realizada nesta entrega";"A preencher na execução; ver critérios e saída obrigatória do bloco"
PER-L0081;;audita-planejamento-perfis-permissoes-dashboards-v0.1.md;0.1;81;4. Visão das abas por perfil;Requisito/regra e contexto da fonte;| Usuários | Cadastro, edição, ativação, desativação, perfis e vínculos. | Sem acesso à administração de usuários, conforme proposta. | Sem acesso, conforme proposta. | Sem acesso, conforme proposta. |;B02 B04;B02;C1;B14 B15;"Base existente; Administração global e escopo documental divergem do alvo";Consultar D01-D11 e B01 quando houver proposta/conflito;"Mapeado; implementação não realizada nesta entrega";"A preencher na execução; ver critérios e saída obrigatória do bloco"
PER-L0082;;audita-planejamento-perfis-permissoes-dashboards-v0.1.md;0.1;82;4. Visão das abas por perfil;Requisito/regra e contexto da fonte;| Biblioteca de documentos | Cadastro, download e gestão dos padrões corporativos. | Consulta e download dos documentos disponibilizados. | Consulta e download dos documentos disponibilizados. | Sem acesso à biblioteca corporativa interna, conforme proposta. |;B02 B04;B02;C1;B14 B15;"Base existente; Administração global e escopo documental divergem do alvo";Consultar D01-D11 e B01 quando houver proposta/conflito;"Mapeado; implementação não realizada nesta entrega";"A preencher na execução; ver critérios e saída obrigatória do bloco"
PER-L0083;;audita-planejamento-perfis-permissoes-dashboards-v0.1.md;0.1;83;4. Visão das abas por perfil;Requisito/regra e contexto da fonte;"| Meu Perfil | Consulta e manutenção dos próprios dados permitidos. | Consulta e manutenção dos próprios dados permitidos. | Consulta e manutenção dos próprios dados permitidos. | Consulta dos próprios dados; controles pessoais de acesso conforme decisão da seção 12. |";B02 B04;B02;C1;B14 B15;"Base existente; Administração global e escopo documental divergem do alvo";Consultar D01-D11 e B01 quando houver proposta/conflito;"Mapeado; implementação não realizada nesta entrega";"A preencher na execução; ver critérios e saída obrigatória do bloco"
PER-L0085;;audita-planejamento-perfis-permissoes-dashboards-v0.1.md;0.1;85;4. Visão das abas por perfil;Requisito/regra e contexto da fonte;O histórico de modificações do sistema continua como acesso secundário dentro da Biblioteca, somente após clique. Sua disponibilização exclusiva ao Administrador permanece uma proposta para validação. Não criar uma nova aba lateral de histórico.;B02 B04;B02;C1;B14 B15;"Base existente; Administração global e escopo documental divergem do alvo";Consultar D01-D11 e B01 quando houver proposta/conflito;"Mapeado; implementação não realizada nesta entrega";"A preencher na execução; ver critérios e saída obrigatória do bloco"
PER-L0087;;audita-planejamento-perfis-permissoes-dashboards-v0.1.md;0.1;87;4. Visão das abas por perfil;Requisito/regra e contexto da fonte;Os documentos específicos do cliente serão acessados dentro da respectiva auditoria. Eles não devem ser confundidos com os modelos internos da biblioteca corporativa.;B02 B04;B02;C1;B14 B15;"Base existente; Administração global e escopo documental divergem do alvo";Consultar D01-D11 e B01 quando houver proposta/conflito;"Mapeado; implementação não realizada nesta entrega";"A preencher na execução; ver critérios e saída obrigatória do bloco"
PER-L0091;;audita-planejamento-perfis-permissoes-dashboards-v0.1.md;0.1;91;5. Permissões dentro de Auditorias;Requisito/regra e contexto da fonte;| Operação | Administrador | Auditor Líder | Auditor | Participante / Auditado |;B02 B06 B11;B02;C1;B14 B15;"Base existente; Administração global e escopo documental divergem do alvo";Consultar D01-D11 e B01 quando houver proposta/conflito;"Mapeado; implementação não realizada nesta entrega";"A preencher na execução; ver critérios e saída obrigatória do bloco"
PER-L0093;;audita-planejamento-perfis-permissoes-dashboards-v0.1.md;0.1;93;5. Permissões dentro de Auditorias;Requisito/regra e contexto da fonte;| Iniciar uma nova auditoria | Sim. | Sim, assumindo a responsabilidade inicial. | Não. | Não. |;B02 B06 B11;B02;C1;B14 B15;"Base existente; Administração global e escopo documental divergem do alvo";Consultar D01-D11 e B01 quando houver proposta/conflito;"Mapeado; implementação não realizada nesta entrega";"A preencher na execução; ver critérios e saída obrigatória do bloco"
PER-L0094;;audita-planejamento-perfis-permissoes-dashboards-v0.1.md;0.1;94;5. Permissões dentro de Auditorias;Requisito/regra e contexto da fonte;"| Elaborar e alterar o planejamento | Sim. | Sim, nas auditorias sob sua responsabilidade. | Consulta; contribuição de apoio a definir. | Consulta da versão disponibilizada. |";B02 B06 B11;B02;C1;B14 B15;"Base existente; Administração global e escopo documental divergem do alvo";Consultar D01-D11 e B01 quando houver proposta/conflito;"Mapeado; implementação não realizada nesta entrega";"A preencher na execução; ver critérios e saída obrigatória do bloco"
PER-L0095;;audita-planejamento-perfis-permissoes-dashboards-v0.1.md;0.1;95;5. Permissões dentro de Auditorias;Requisito/regra e contexto da fonte;| Selecionar equipe de apoio | Sim. | Proposto: usuários já habilitados, sem gestão de contas. | Não. | Não. |;B02 B06 B11;B02;C1;B14 B15;"Base existente; Administração global e escopo documental divergem do alvo";Consultar D01-D11 e B01 quando houver proposta/conflito;"Mapeado; implementação não realizada nesta entrega";"A preencher na execução; ver critérios e saída obrigatória do bloco"
PER-L0096;;audita-planejamento-perfis-permissoes-dashboards-v0.1.md;0.1;96;5. Permissões dentro de Auditorias;Requisito/regra e contexto da fonte;| Conduzir auditoria e preencher checklist oficial | Sim. | Sim. | Não nesta proposta inicial. | Não. |;B02 B06 B11;B02;C1;B14 B15;"Base existente; Administração global e escopo documental divergem do alvo";Consultar D01-D11 e B01 quando houver proposta/conflito;"Mapeado; implementação não realizada nesta entrega";"A preencher na execução; ver critérios e saída obrigatória do bloco"
PER-L0097;;audita-planejamento-perfis-permissoes-dashboards-v0.1.md;0.1;97;5. Permissões dentro de Auditorias;Requisito/regra e contexto da fonte;| Ser responsável principal pela auditoria | Sim, se formalmente designado. | Sim. | Não. | Não. |;B02 B06 B11;B02;C1;B14 B15;"Base existente; Administração global e escopo documental divergem do alvo";Consultar D01-D11 e B01 quando houver proposta/conflito;"Mapeado; implementação não realizada nesta entrega";"A preencher na execução; ver critérios e saída obrigatória do bloco"
PER-L0098;;audita-planejamento-perfis-permissoes-dashboards-v0.1.md;0.1;98;5. Permissões dentro de Auditorias;Requisito/regra e contexto da fonte;"| Registrar observações ou anexos de apoio | Sim. | Sim. | Permissão não definida; proposta inicial sem escrita. | Não. |";B02 B06 B11;B02;C1;B14 B15;"Base existente; Administração global e escopo documental divergem do alvo";Consultar D01-D11 e B01 quando houver proposta/conflito;"Mapeado; implementação não realizada nesta entrega";"A preencher na execução; ver critérios e saída obrigatória do bloco"
PER-L0099;;audita-planejamento-perfis-permissoes-dashboards-v0.1.md;0.1;99;5. Permissões dentro de Auditorias;Requisito/regra e contexto da fonte;"| Consultar checklist e evidências internas | Sim. | Sim, no seu âmbito. | Proposto: consulta nas auditorias da equipe. | Não; somente informações incluídas nos documentos disponibilizados. |";B02 B06 B11;B02;C1;B14 B15;"Base existente; Administração global e escopo documental divergem do alvo";Consultar D01-D11 e B01 quando houver proposta/conflito;"Mapeado; implementação não realizada nesta entrega";"A preencher na execução; ver critérios e saída obrigatória do bloco"
PER-L0100;;audita-planejamento-perfis-permissoes-dashboards-v0.1.md;0.1;100;5. Permissões dentro de Auditorias;Requisito/regra e contexto da fonte;"| Consultar relatórios diários e de encerramento | Sim, inclusive rascunhos. | Sim, inclusive rascunhos das suas auditorias. | Sim; proposta inicial de acesso às versões validadas. | Somente versões validadas e disponibilizadas da própria organização. |";B02 B06 B11;B02;C1;B14 B15;"Base existente; Administração global e escopo documental divergem do alvo";Consultar D01-D11 e B01 quando houver proposta/conflito;"Mapeado; implementação não realizada nesta entrega";"A preencher na execução; ver critérios e saída obrigatória do bloco"
PER-L0101;;audita-planejamento-perfis-permissoes-dashboards-v0.1.md;0.1;101;5. Permissões dentro de Auditorias;Requisito/regra e contexto da fonte;| Validar relatório diário | Sim, com registro de quem validou. | Sim, nas suas auditorias. | Não. | Não. |;B02 B06 B11;B02;C1;B14 B15;"Base existente; Administração global e escopo documental divergem do alvo";Consultar D01-D11 e B01 quando houver proposta/conflito;"Mapeado; implementação não realizada nesta entrega";"A preencher na execução; ver critérios e saída obrigatória do bloco"
PER-L0102;;audita-planejamento-perfis-permissoes-dashboards-v0.1.md;0.1;102;5. Permissões dentro de Auditorias;Requisito/regra e contexto da fonte;| Validar relatório de encerramento | Sim, com registro de quem validou. | Sim, nas suas auditorias. | Não. | Não. |;B02 B06 B11;B02;C1;B14 B15;"Base existente; Administração global e escopo documental divergem do alvo";Consultar D01-D11 e B01 quando houver proposta/conflito;"Mapeado; implementação não realizada nesta entrega";"A preencher na execução; ver critérios e saída obrigatória do bloco"
PER-L0103;;audita-planejamento-perfis-permissoes-dashboards-v0.1.md;0.1;103;5. Permissões dentro de Auditorias;Requisito/regra e contexto da fonte;"| Encerrar ou reabrir auditoria | Sim, com registro. | Proposto: encerrar após as validações necessárias; reabertura reservada ao Administrador. | Não. | Não. |";B02 B06 B11;B02;C1;B14 B15;"Base existente; Administração global e escopo documental divergem do alvo";Consultar D01-D11 e B01 quando houver proposta/conflito;"Mapeado; implementação não realizada nesta entrega";"A preencher na execução; ver critérios e saída obrigatória do bloco"
PER-L0104;;audita-planejamento-perfis-permissoes-dashboards-v0.1.md;0.1;104;5. Permissões dentro de Auditorias;Requisito/regra e contexto da fonte;"| Baixar documentos da auditoria | Sim. | Sim, conforme acesso à auditoria. | Proposto: versões disponibilizadas da auditoria. | Visualização definida; download depende de validação. |";B02 B06 B11;B02;C1;B14 B15;"Base existente; Administração global e escopo documental divergem do alvo";Consultar D01-D11 e B01 quando houver proposta/conflito;"Mapeado; implementação não realizada nesta entrega";"A preencher na execução; ver critérios e saída obrigatória do bloco"
PER-L0108;;audita-planejamento-perfis-permissoes-dashboards-v0.1.md;0.1;108;5. Permissões dentro de Auditorias / 5.1 Apoio do Auditor;Requisito/regra e contexto da fonte;O usuário definiu que o Auditor presta apoio, mas não especificou se esse apoio inclui escrever observações, anexar evidências ou preparar conteúdo para revisão. Não conceder essas permissões por inferência.;B02 B06 B11;B02;C1;B14 B15;"Base existente; Administração global e escopo documental divergem do alvo";Consultar D01-D11 e B01 quando houver proposta/conflito;"Mapeado; implementação não realizada nesta entrega";"A preencher na execução; ver critérios e saída obrigatória do bloco"
PER-L0110;;audita-planejamento-perfis-permissoes-dashboards-v0.1.md;0.1;110;5. Permissões dentro de Auditorias / 5.1 Apoio do Auditor;Requisito/regra e contexto da fonte;**Proposta inicial:** acompanhamento e consulta, sem alteração do checklist oficial, validação ou responsabilidade pela auditoria. Caso seja necessário registrar contribuições, criar permissões específicas de apoio. Essas contribuições devem ter autoria própria e depender da análise do Auditor Líder, sem conceder condução ou publicação autônoma.;B02 B06 B11;B02;C1;B14 B15;"Base existente; Administração global e escopo documental divergem do alvo";Consultar D01-D11 e B01 quando houver proposta/conflito;"Mapeado; implementação não realizada nesta entrega";"A preencher na execução; ver critérios e saída obrigatória do bloco"
PER-L0112;;audita-planejamento-perfis-permissoes-dashboards-v0.1.md;0.1;112;5. Permissões dentro de Auditorias / 5.1 Apoio do Auditor;Requisito/regra e contexto da fonte;Mesmo sem permissão de escrita, o Auditor terá a visão de equipe e o dashboard das auditorias em que participa, conforme solicitado.;B02 B06 B11;B02;C1;B14 B15;"Base existente; Administração global e escopo documental divergem do alvo";Consultar D01-D11 e B01 quando houver proposta/conflito;"Mapeado; implementação não realizada nesta entrega";"A preencher na execução; ver critérios e saída obrigatória do bloco"
PER-L0116;;audita-planejamento-perfis-permissoes-dashboards-v0.1.md;0.1;116;5. Permissões dentro de Auditorias / 5.2 Participante / Auditado;Requisito/regra e contexto da fonte;O Participante / Auditado não cria nem modifica planejamento, respostas, checklist, evidências, relatórios, equipe, situações ou configurações. Não atribuir ao cliente ações de validação, encerramento, aprovação ou ciência que alterem o processo sem nova definição expressa.;B02 B06 B11;B02;C1;B14 B15;"Base existente; Administração global e escopo documental divergem do alvo";Consultar D01-D11 e B01 quando houver proposta/conflito;"Mapeado; implementação não realizada nesta entrega";"A preencher na execução; ver critérios e saída obrigatória do bloco"
PER-L0118;;audita-planejamento-perfis-permissoes-dashboards-v0.1.md;0.1;118;5. Permissões dentro de Auditorias / 5.2 Participante / Auditado;Requisito/regra e contexto da fonte;Seu acompanhamento deve apresentar o planejamento disponibilizado, a etapa atual, o cronograma divulgado e os relatórios já validados. Resultados provisórios, anotações internas e rascunhos permanecem fora dessa visão.;B02 B06 B11;B02;C1;B14 B15;"Base existente; Administração global e escopo documental divergem do alvo";Consultar D01-D11 e B01 quando houver proposta/conflito;"Mapeado; implementação não realizada nesta entrega";"A preencher na execução; ver critérios e saída obrigatória do bloco"
PER-L0122;;audita-planejamento-perfis-permissoes-dashboards-v0.1.md;0.1;122;6. Disponibilização do planejamento e dos relatórios;Requisito/regra e contexto da fonte;"Propõe-se separar a preparação interna da versão disponibilizada para consulta. Antes de implementar, verificar e reaproveitar o fluxo existente; não criar estados duplicados para eventos que já possuem controle no sistema.";B09 B12 B02;B09;C3;B14 B15;"Versões do plano existentes; publicação/PDF completo pendentes";Consultar D01-D11 e B01 quando houver proposta/conflito;"Mapeado; implementação não realizada nesta entrega";"A preencher na execução; ver critérios e saída obrigatória do bloco"
PER-L0124;;audita-planejamento-perfis-permissoes-dashboards-v0.1.md;0.1;124;6. Disponibilização do planejamento e dos relatórios;Requisito/regra e contexto da fonte;1. O Auditor Líder prepara ou revisa o planejamento e confirma a versão a disponibilizar ao cliente. Esse passo é proposto porque o usuário não definiu o momento de liberação do planejamento.;B09 B12 B02;B09;C3;B14 B15;"Versões do plano existentes; publicação/PDF completo pendentes";Consultar D01-D11 e B01 quando houver proposta/conflito;"Mapeado; implementação não realizada nesta entrega";"A preencher na execução; ver critérios e saída obrigatória do bloco"
PER-L0125;;audita-planejamento-perfis-permissoes-dashboards-v0.1.md;0.1;125;6. Disponibilização do planejamento e dos relatórios;Requisito/regra e contexto da fonte;2. Durante a execução, o Auditor Líder preenche o checklist e prepara o relatório diário conforme o processo existente.;B09 B12 B02;B09;C3;B14 B15;"Versões do plano existentes; publicação/PDF completo pendentes";Consultar D01-D11 e B01 quando houver proposta/conflito;"Mapeado; implementação não realizada nesta entrega";"A preencher na execução; ver critérios e saída obrigatória do bloco"
PER-L0126;;audita-planejamento-perfis-permissoes-dashboards-v0.1.md;0.1;126;6. Disponibilização do planejamento e dos relatórios;Requisito/regra e contexto da fonte;3. O relatório diário só fica disponível ao Participante / Auditado após a validação do Auditor Líder e a conclusão de sua disponibilização.;B09 B12 B02;B09;C3;B14 B15;"Versões do plano existentes; publicação/PDF completo pendentes";Consultar D01-D11 e B01 quando houver proposta/conflito;"Mapeado; implementação não realizada nesta entrega";"A preencher na execução; ver critérios e saída obrigatória do bloco"
PER-L0127;;audita-planejamento-perfis-permissoes-dashboards-v0.1.md;0.1;127;6. Disponibilização do planejamento e dos relatórios;Requisito/regra e contexto da fonte;4. O relatório de encerramento segue a mesma regra: o cliente acessa a versão validada e disponibilizada.;B09 B12 B02;B09;C3;B14 B15;"Versões do plano existentes; publicação/PDF completo pendentes";Consultar D01-D11 e B01 quando houver proposta/conflito;"Mapeado; implementação não realizada nesta entrega";"A preencher na execução; ver critérios e saída obrigatória do bloco"
PER-L0128;;audita-planejamento-perfis-permissoes-dashboards-v0.1.md;0.1;128;6. Disponibilização do planejamento e dos relatórios;Requisito/regra e contexto da fonte;5. O Administrador tem permissão para executar essas operações. Quando atuar, o registro identifica o Administrador como autor/validador, sem apresentar a ação como se tivesse sido realizada pelo Auditor Líder.;B09 B12 B02;B09;C3;B14 B15;"Versões do plano existentes; publicação/PDF completo pendentes";Consultar D01-D11 e B01 quando houver proposta/conflito;"Mapeado; implementação não realizada nesta entrega";"A preencher na execução; ver critérios e saída obrigatória do bloco"
PER-L0130;;audita-planejamento-perfis-permissoes-dashboards-v0.1.md;0.1;130;6. Disponibilização do planejamento e dos relatórios;Requisito/regra e contexto da fonte;Se existir geração de arquivo após a validação, uma falha nessa geração não deve disponibilizar arquivo incompleto nem versão anterior como se fosse a nova. O cliente verá a última versão validada e disponibilizada, ou a indicação de que ainda não há relatório disponível.;B09 B12 B02;B09;C3;B14 B15;"Versões do plano existentes; publicação/PDF completo pendentes";Consultar D01-D11 e B01 quando houver proposta/conflito;"Mapeado; implementação não realizada nesta entrega";"A preencher na execução; ver critérios e saída obrigatória do bloco"
PER-L0132;;audita-planejamento-perfis-permissoes-dashboards-v0.1.md;0.1;132;6. Disponibilização do planejamento e dos relatórios;Requisito/regra e contexto da fonte;Uma nova revisão em rascunho não deve substituir silenciosamente a última versão disponibilizada. Correções precisam preservar a versão anterior e indicar qual é a atual. A etapa operacional da auditoria e a situação documental do relatório são informações distintas.;B09 B12 B02;B09;C3;B14 B15;"Versões do plano existentes; publicação/PDF completo pendentes";Consultar D01-D11 e B01 quando houver proposta/conflito;"Mapeado; implementação não realizada nesta entrega";"A preencher na execução; ver critérios e saída obrigatória do bloco"
PER-L0138;;audita-planejamento-perfis-permissoes-dashboards-v0.1.md;0.1;138;7. Dashboards por perfil / 7.1 Princípios comuns;Requisito/regra e contexto da fonte;Cada dashboard deve começar por um resumo do âmbito de acesso, por exemplo: “Visão geral do sistema”, “Auditorias sob minha responsabilidade”, “Auditorias da minha equipe” ou o nome da organização do cliente.;B13;B13;C2 + C1;B14 B15;"Dashboard existente; quatro visões e regras novas pendentes";Consultar D01-D11 e B01 quando houver proposta/conflito;"Mapeado; implementação não realizada nesta entrega";"A preencher na execução; ver critérios e saída obrigatória do bloco"
PER-L0140;;audita-planejamento-perfis-permissoes-dashboards-v0.1.md;0.1;140;7. Dashboards por perfil / 7.1 Princípios comuns;Requisito/regra e contexto da fonte;**Composição visual proposta:** até quatro cartões de resumo, dois gráficos principais e uma lista de auditorias ou uma linha do tempo. Usar cores consistentes, legendas e valores legíveis. O significado não pode depender apenas da cor. Evitar gráficos 3D, excesso de setores, animações decorativas e painéis com muitos blocos simultâneos.;B13;B13;C2 + C1;B14 B15;"Dashboard existente; quatro visões e regras novas pendentes";Consultar D01-D11 e B01 quando houver proposta/conflito;"Mapeado; implementação não realizada nesta entrega";"A preencher na execução; ver critérios e saída obrigatória do bloco"
PER-L0142;;audita-planejamento-perfis-permissoes-dashboards-v0.1.md;0.1;142;7. Dashboards por perfil / 7.1 Princípios comuns;Requisito/regra e contexto da fonte;Gráficos devem permitir abrir a listagem correspondente sem ampliar as permissões. Exibir período, filtros ativos e data de atualização. Em telas menores, reorganizar os blocos sem perder rótulos ou controles.;B13;B13;C2 + C1;B14 B15;"Dashboard existente; quatro visões e regras novas pendentes";Consultar D01-D11 e B01 quando houver proposta/conflito;"Mapeado; implementação não realizada nesta entrega";"A preencher na execução; ver critérios e saída obrigatória do bloco"
PER-L0146;;audita-planejamento-perfis-permissoes-dashboards-v0.1.md;0.1;146;7. Dashboards por perfil / 7.2 Administrador — visão geral;Requisito/regra e contexto da fonte;**Âmbito:** todas as organizações e auditorias do sistema.;B13;B13;C2 + C1;B14 B15;"Dashboard existente; quatro visões e regras novas pendentes";Consultar D01-D11 e B01 quando houver proposta/conflito;"Mapeado; implementação não realizada nesta entrega";"A preencher na execução; ver critérios e saída obrigatória do bloco"
PER-L0148;;audita-planejamento-perfis-permissoes-dashboards-v0.1.md;0.1;148;7. Dashboards por perfil / 7.2 Administrador — visão geral;Requisito/regra e contexto da fonte;| Elemento proposto | Informação e finalidade |;B13;B13;C2 + C1;B14 B15;"Dashboard existente; quatro visões e regras novas pendentes";Consultar D01-D11 e B01 quando houver proposta/conflito;"Mapeado; implementação não realizada nesta entrega";"A preencher na execução; ver critérios e saída obrigatória do bloco"
PER-L0150;;audita-planejamento-perfis-permissoes-dashboards-v0.1.md;0.1;150;7. Dashboards por perfil / 7.2 Administrador — visão geral;Requisito/regra e contexto da fonte;"| Cartões | Organizações com auditorias no recorte; auditorias em planejamento; em andamento; encerradas. |";B13;B13;C2 + C1;B14 B15;"Dashboard existente; quatro visões e regras novas pendentes";Consultar D01-D11 e B01 quando houver proposta/conflito;"Mapeado; implementação não realizada nesta entrega";"A preencher na execução; ver critérios e saída obrigatória do bloco"
PER-L0151;;audita-planejamento-perfis-permissoes-dashboards-v0.1.md;0.1;151;7. Dashboards por perfil / 7.2 Administrador — visão geral;Requisito/regra e contexto da fonte;| Gráfico de rosca | Distribuição das auditorias por etapa, com quantidade e percentual de cada grupo. |;B13;B13;C2 + C1;B14 B15;"Dashboard existente; quatro visões e regras novas pendentes";Consultar D01-D11 e B01 quando houver proposta/conflito;"Mapeado; implementação não realizada nesta entrega";"A preencher na execução; ver critérios e saída obrigatória do bloco"
PER-L0152;;audita-planejamento-perfis-permissoes-dashboards-v0.1.md;0.1;152;7. Dashboards por perfil / 7.2 Administrador — visão geral;Requisito/regra e contexto da fonte;| Gráfico de barras | Volume de auditorias por organização, com opção de alternar para tipo de auditoria. |;B13;B13;C2 + C1;B14 B15;"Dashboard existente; quatro visões e regras novas pendentes";Consultar D01-D11 e B01 quando houver proposta/conflito;"Mapeado; implementação não realizada nesta entrega";"A preencher na execução; ver critérios e saída obrigatória do bloco"
PER-L0153;;audita-planejamento-perfis-permissoes-dashboards-v0.1.md;0.1;153;7. Dashboards por perfil / 7.2 Administrador — visão geral;Requisito/regra e contexto da fonte;| Lista de atenção | Próximas auditorias, auditorias com prazo ultrapassado e relatórios aguardando validação, quando houver dados confiáveis para essas situações. |;B13;B13;C2 + C1;B14 B15;"Dashboard existente; quatro visões e regras novas pendentes";Consultar D01-D11 e B01 quando houver proposta/conflito;"Mapeado; implementação não realizada nesta entrega";"A preencher na execução; ver critérios e saída obrigatória do bloco"
PER-L0154;;audita-planejamento-perfis-permissoes-dashboards-v0.1.md;0.1;154;7. Dashboards por perfil / 7.2 Administrador — visão geral;Requisito/regra e contexto da fonte;| Filtros | Período, organização, tipo de auditoria, responsável e etapa. |;B13;B13;C2 + C1;B14 B15;"Dashboard existente; quatro visões e regras novas pendentes";Consultar D01-D11 e B01 quando houver proposta/conflito;"Mapeado; implementação não realizada nesta entrega";"A preencher na execução; ver critérios e saída obrigatória do bloco"
PER-L0155;;audita-planejamento-perfis-permissoes-dashboards-v0.1.md;0.1;155;7. Dashboards por perfil / 7.2 Administrador — visão geral;Requisito/regra e contexto da fonte;| Atalhos | Abrir auditoria, iniciar auditoria e acessar gestão de usuários/documentos. |;B13;B13;C2 + C1;B14 B15;"Dashboard existente; quatro visões e regras novas pendentes";Consultar D01-D11 e B01 quando houver proposta/conflito;"Mapeado; implementação não realizada nesta entrega";"A preencher na execução; ver critérios e saída obrigatória do bloco"
PER-L0157;;audita-planejamento-perfis-permissoes-dashboards-v0.1.md;0.1;157;7. Dashboards por perfil / 7.2 Administrador — visão geral;Requisito/regra e contexto da fonte;A visão geral deve reunir a carteira de auditorias e os pontos que exigem ação administrativa. O Administrador pode abrir os detalhes de qualquer organização ou auditoria.;B13;B13;C2 + C1;B14 B15;"Dashboard existente; quatro visões e regras novas pendentes";Consultar D01-D11 e B01 quando houver proposta/conflito;"Mapeado; implementação não realizada nesta entrega";"A preencher na execução; ver critérios e saída obrigatória do bloco"
PER-L0161;;audita-planejamento-perfis-permissoes-dashboards-v0.1.md;0.1;161;7. Dashboards por perfil / 7.3 Auditor Líder — gestão das próprias auditorias;Requisito/regra e contexto da fonte;**Âmbito:** auditorias sob sua responsabilidade e histórico autorizado das auditorias que conduziu.;B13;B13;C2 + C1;B14 B15;"Dashboard existente; quatro visões e regras novas pendentes";Consultar D01-D11 e B01 quando houver proposta/conflito;"Mapeado; implementação não realizada nesta entrega";"A preencher na execução; ver critérios e saída obrigatória do bloco"
PER-L0163;;audita-planejamento-perfis-permissoes-dashboards-v0.1.md;0.1;163;7. Dashboards por perfil / 7.3 Auditor Líder — gestão das próprias auditorias;Requisito/regra e contexto da fonte;| Elemento proposto | Informação e finalidade |;B13;B13;C2 + C1;B14 B15;"Dashboard existente; quatro visões e regras novas pendentes";Consultar D01-D11 e B01 quando houver proposta/conflito;"Mapeado; implementação não realizada nesta entrega";"A preencher na execução; ver critérios e saída obrigatória do bloco"
PER-L0165;;audita-planejamento-perfis-permissoes-dashboards-v0.1.md;0.1;165;7. Dashboards por perfil / 7.3 Auditor Líder — gestão das próprias auditorias;Requisito/regra e contexto da fonte;"| Cartões | Empresas auditadas no recorte; auditorias em andamento; encerradas; relatórios pendentes de sua validação. |";B13;B13;C2 + C1;B14 B15;"Dashboard existente; quatro visões e regras novas pendentes";Consultar D01-D11 e B01 quando houver proposta/conflito;"Mapeado; implementação não realizada nesta entrega";"A preencher na execução; ver critérios e saída obrigatória do bloco"
PER-L0166;;audita-planejamento-perfis-permissoes-dashboards-v0.1.md;0.1;166;7. Dashboards por perfil / 7.3 Auditor Líder — gestão das próprias auditorias;Requisito/regra e contexto da fonte;| Gráfico de barras por organização | Distribuição das suas auditorias por empresa, distinguindo as etapas. |;B13;B13;C2 + C1;B14 B15;"Dashboard existente; quatro visões e regras novas pendentes";Consultar D01-D11 e B01 quando houver proposta/conflito;"Mapeado; implementação não realizada nesta entrega";"A preencher na execução; ver critérios e saída obrigatória do bloco"
PER-L0167;;audita-planejamento-perfis-permissoes-dashboards-v0.1.md;0.1;167;7. Dashboards por perfil / 7.3 Auditor Líder — gestão das próprias auditorias;Requisito/regra e contexto da fonte;| Gráfico por tipo de auditoria | Quantidade por tipo, para acompanhar a composição das auditorias que conduz ou já conduziu. |;B13;B13;C2 + C1;B14 B15;"Dashboard existente; quatro visões e regras novas pendentes";Consultar D01-D11 e B01 quando houver proposta/conflito;"Mapeado; implementação não realizada nesta entrega";"A preencher na execução; ver critérios e saída obrigatória do bloco"
PER-L0168;;audita-planejamento-perfis-permissoes-dashboards-v0.1.md;0.1;168;7. Dashboards por perfil / 7.3 Auditor Líder — gestão das próprias auditorias;Requisito/regra e contexto da fonte;| Lista de trabalho | Auditorias em andamento, próxima atividade planejada e relatórios que aguardam sua validação. |;B13;B13;C2 + C1;B14 B15;"Dashboard existente; quatro visões e regras novas pendentes";Consultar D01-D11 e B01 quando houver proposta/conflito;"Mapeado; implementação não realizada nesta entrega";"A preencher na execução; ver critérios e saída obrigatória do bloco"
PER-L0169;;audita-planejamento-perfis-permissoes-dashboards-v0.1.md;0.1;169;7. Dashboards por perfil / 7.3 Auditor Líder — gestão das próprias auditorias;Requisito/regra e contexto da fonte;| Filtros | Período, organização, tipo de auditoria e etapa, restritos à sua carteira. |;B13;B13;C2 + C1;B14 B15;"Dashboard existente; quatro visões e regras novas pendentes";Consultar D01-D11 e B01 quando houver proposta/conflito;"Mapeado; implementação não realizada nesta entrega";"A preencher na execução; ver critérios e saída obrigatória do bloco"
PER-L0170;;audita-planejamento-perfis-permissoes-dashboards-v0.1.md;0.1;170;7. Dashboards por perfil / 7.3 Auditor Líder — gestão das próprias auditorias;Requisito/regra e contexto da fonte;| Atalhos | Nova auditoria, planejamento, checklist e validações permitidas. |;B13;B13;C2 + C1;B14 B15;"Dashboard existente; quatro visões e regras novas pendentes";Consultar D01-D11 e B01 quando houver proposta/conflito;"Mapeado; implementação não realizada nesta entrega";"A preencher na execução; ver critérios e saída obrigatória do bloco"
PER-L0172;;audita-planejamento-perfis-permissoes-dashboards-v0.1.md;0.1;172;7. Dashboards por perfil / 7.3 Auditor Líder — gestão das próprias auditorias;Requisito/regra e contexto da fonte;"O Auditor Líder não deve ver totais globais da AUDITA nem auditorias conduzidas por outros responsáveis às quais não tenha acesso. Uma transferência de responsabilidade deve atualizar a lista de trabalho; a manutenção do histórico pessoal seguirá a decisão sobre vínculos históricos.";B13;B13;C2 + C1;B14 B15;"Dashboard existente; quatro visões e regras novas pendentes";Consultar D01-D11 e B01 quando houver proposta/conflito;"Mapeado; implementação não realizada nesta entrega";"A preencher na execução; ver critérios e saída obrigatória do bloco"
PER-L0176;;audita-planejamento-perfis-permissoes-dashboards-v0.1.md;0.1;176;7. Dashboards por perfil / 7.4 Auditor — acompanhamento da equipe;Requisito/regra e contexto da fonte;**Âmbito:** auditorias em cuja equipe participa ou participou, com acesso histórico autorizado.;B13;B13;C2 + C1;B14 B15;"Dashboard existente; quatro visões e regras novas pendentes";Consultar D01-D11 e B01 quando houver proposta/conflito;"Mapeado; implementação não realizada nesta entrega";"A preencher na execução; ver critérios e saída obrigatória do bloco"
PER-L0178;;audita-planejamento-perfis-permissoes-dashboards-v0.1.md;0.1;178;7. Dashboards por perfil / 7.4 Auditor — acompanhamento da equipe;Requisito/regra e contexto da fonte;| Elemento proposto | Informação e finalidade |;B13;B13;C2 + C1;B14 B15;"Dashboard existente; quatro visões e regras novas pendentes";Consultar D01-D11 e B01 quando houver proposta/conflito;"Mapeado; implementação não realizada nesta entrega";"A preencher na execução; ver critérios e saída obrigatória do bloco"
PER-L0180;;audita-planejamento-perfis-permissoes-dashboards-v0.1.md;0.1;180;7. Dashboards por perfil / 7.4 Auditor — acompanhamento da equipe;Requisito/regra e contexto da fonte;"| Cartões | Empresas em que participou; auditorias em andamento; encerradas; relatórios disponibilizados no recorte. |";B13;B13;C2 + C1;B14 B15;"Dashboard existente; quatro visões e regras novas pendentes";Consultar D01-D11 e B01 quando houver proposta/conflito;"Mapeado; implementação não realizada nesta entrega";"A preencher na execução; ver critérios e saída obrigatória do bloco"
PER-L0181;;audita-planejamento-perfis-permissoes-dashboards-v0.1.md;0.1;181;7. Dashboards por perfil / 7.4 Auditor — acompanhamento da equipe;Requisito/regra e contexto da fonte;| Gráfico de barras por organização | Participações em auditorias por empresa e etapa. |;B13;B13;C2 + C1;B14 B15;"Dashboard existente; quatro visões e regras novas pendentes";Consultar D01-D11 e B01 quando houver proposta/conflito;"Mapeado; implementação não realizada nesta entrega";"A preencher na execução; ver critérios e saída obrigatória do bloco"
PER-L0182;;audita-planejamento-perfis-permissoes-dashboards-v0.1.md;0.1;182;7. Dashboards por perfil / 7.4 Auditor — acompanhamento da equipe;Requisito/regra e contexto da fonte;| Gráfico por tipo de auditoria | Distribuição dos tipos das auditorias de que participa ou participou. |;B13;B13;C2 + C1;B14 B15;"Dashboard existente; quatro visões e regras novas pendentes";Consultar D01-D11 e B01 quando houver proposta/conflito;"Mapeado; implementação não realizada nesta entrega";"A preencher na execução; ver critérios e saída obrigatória do bloco"
PER-L0183;;audita-planejamento-perfis-permissoes-dashboards-v0.1.md;0.1;183;7. Dashboards por perfil / 7.4 Auditor — acompanhamento da equipe;Requisito/regra e contexto da fonte;| Lista de acompanhamento | Auditorias da equipe, Auditor Líder responsável, próximas datas e relatórios disponíveis. |;B13;B13;C2 + C1;B14 B15;"Dashboard existente; quatro visões e regras novas pendentes";Consultar D01-D11 e B01 quando houver proposta/conflito;"Mapeado; implementação não realizada nesta entrega";"A preencher na execução; ver critérios e saída obrigatória do bloco"
PER-L0184;;audita-planejamento-perfis-permissoes-dashboards-v0.1.md;0.1;184;7. Dashboards por perfil / 7.4 Auditor — acompanhamento da equipe;Requisito/regra e contexto da fonte;| Filtros | Período, organização, tipo de auditoria e etapa, restritos às suas participações. |;B13;B13;C2 + C1;B14 B15;"Dashboard existente; quatro visões e regras novas pendentes";Consultar D01-D11 e B01 quando houver proposta/conflito;"Mapeado; implementação não realizada nesta entrega";"A preencher na execução; ver critérios e saída obrigatória do bloco"
PER-L0185;;audita-planejamento-perfis-permissoes-dashboards-v0.1.md;0.1;185;7. Dashboards por perfil / 7.4 Auditor — acompanhamento da equipe;Requisito/regra e contexto da fonte;| Atalhos | Acompanhar auditoria e consultar documentos permitidos. |;B13;B13;C2 + C1;B14 B15;"Dashboard existente; quatro visões e regras novas pendentes";Consultar D01-D11 e B01 quando houver proposta/conflito;"Mapeado; implementação não realizada nesta entrega";"A preencher na execução; ver critérios e saída obrigatória do bloco"
PER-L0187;;audita-planejamento-perfis-permissoes-dashboards-v0.1.md;0.1;187;7. Dashboards por perfil / 7.4 Auditor — acompanhamento da equipe;Requisito/regra e contexto da fonte;O visual pode ser semelhante ao do Auditor Líder, mas não deve apresentar “Conduzir”, “Validar”, “Nova auditoria” ou comandos equivalentes. Não apresentar relatórios pendentes como tarefa de validação do Auditor.;B13;B13;C2 + C1;B14 B15;"Dashboard existente; quatro visões e regras novas pendentes";Consultar D01-D11 e B01 quando houver proposta/conflito;"Mapeado; implementação não realizada nesta entrega";"A preencher na execução; ver critérios e saída obrigatória do bloco"
PER-L0191;;audita-planejamento-perfis-permissoes-dashboards-v0.1.md;0.1;191;7. Dashboards por perfil / 7.5 Participante / Auditado — acompanhamento da própria organização;Requisito/regra e contexto da fonte;**Âmbito:** sua organização e as auditorias liberadas para consulta, conforme a regra a validar.;B13;B13;C2 + C1;B14 B15;"Dashboard existente; quatro visões e regras novas pendentes";Consultar D01-D11 e B01 quando houver proposta/conflito;"Mapeado; implementação não realizada nesta entrega";"A preencher na execução; ver critérios e saída obrigatória do bloco"
PER-L0193;;audita-planejamento-perfis-permissoes-dashboards-v0.1.md;0.1;193;7. Dashboards por perfil / 7.5 Participante / Auditado — acompanhamento da própria organização;Requisito/regra e contexto da fonte;| Elemento proposto | Informação e finalidade |;B13;B13;C2 + C1;B14 B15;"Dashboard existente; quatro visões e regras novas pendentes";Consultar D01-D11 e B01 quando houver proposta/conflito;"Mapeado; implementação não realizada nesta entrega";"A preencher na execução; ver critérios e saída obrigatória do bloco"
PER-L0195;;audita-planejamento-perfis-permissoes-dashboards-v0.1.md;0.1;195;7. Dashboards por perfil / 7.5 Participante / Auditado — acompanhamento da própria organização;Requisito/regra e contexto da fonte;"| Identificação | Nome da organização e auditoria selecionada; seletor apenas entre auditorias autorizadas dessa organização. |";B13;B13;C2 + C1;B14 B15;"Dashboard existente; quatro visões e regras novas pendentes";Consultar D01-D11 e B01 quando houver proposta/conflito;"Mapeado; implementação não realizada nesta entrega";"A preencher na execução; ver critérios e saída obrigatória do bloco"
PER-L0196;;audita-planejamento-perfis-permissoes-dashboards-v0.1.md;0.1;196;7. Dashboards por perfil / 7.5 Participante / Auditado — acompanhamento da própria organização;Requisito/regra e contexto da fonte;"| Cartões | Etapa atual; próxima atividade divulgada; relatórios diários validados disponíveis; situação do relatório de encerramento. |";B13;B13;C2 + C1;B14 B15;"Dashboard existente; quatro visões e regras novas pendentes";Consultar D01-D11 e B01 quando houver proposta/conflito;"Mapeado; implementação não realizada nesta entrega";"A preencher na execução; ver critérios e saída obrigatória do bloco"
PER-L0197;;audita-planejamento-perfis-permissoes-dashboards-v0.1.md;0.1;197;7. Dashboards por perfil / 7.5 Participante / Auditado — acompanhamento da própria organização;Requisito/regra e contexto da fonte;| Linha do tempo | Planejamento disponibilizado, execução, relatórios diários e encerramento. Destacar etapas realizadas e próximas etapas sem sugerir que algo pendente já foi validado. |;B13;B13;C2 + C1;B14 B15;"Dashboard existente; quatro visões e regras novas pendentes";Consultar D01-D11 e B01 quando houver proposta/conflito;"Mapeado; implementação não realizada nesta entrega";"A preencher na execução; ver critérios e saída obrigatória do bloco"
PER-L0198;;audita-planejamento-perfis-permissoes-dashboards-v0.1.md;0.1;198;7. Dashboards por perfil / 7.5 Participante / Auditado — acompanhamento da própria organização;Requisito/regra e contexto da fonte;| Gráfico de progresso | Progresso do cronograma divulgado, somente quando houver regra e dados suficientes para calculá-lo. Sem base confiável, mostrar etapas e datas, sem percentual. |;B13;B13;C2 + C1;B14 B15;"Dashboard existente; quatro visões e regras novas pendentes";Consultar D01-D11 e B01 quando houver proposta/conflito;"Mapeado; implementação não realizada nesta entrega";"A preencher na execução; ver critérios e saída obrigatória do bloco"
PER-L0199;;audita-planejamento-perfis-permissoes-dashboards-v0.1.md;0.1;199;7. Dashboards por perfil / 7.5 Participante / Auditado — acompanhamento da própria organização;Requisito/regra e contexto da fonte;| Lista de documentos | Planejamento disponibilizado, relatórios diários validados e relatório de encerramento validado. |;B13;B13;C2 + C1;B14 B15;"Dashboard existente; quatro visões e regras novas pendentes";Consultar D01-D11 e B01 quando houver proposta/conflito;"Mapeado; implementação não realizada nesta entrega";"A preencher na execução; ver critérios e saída obrigatória do bloco"
PER-L0200;;audita-planejamento-perfis-permissoes-dashboards-v0.1.md;0.1;200;7. Dashboards por perfil / 7.5 Participante / Auditado — acompanhamento da própria organização;Requisito/regra e contexto da fonte;| Filtros | Auditoria, período e tipo, quando houver mais de uma auditoria autorizada e esses filtros forem úteis. Nenhum seletor de outras organizações. |;B13;B13;C2 + C1;B14 B15;"Dashboard existente; quatro visões e regras novas pendentes";Consultar D01-D11 e B01 quando houver proposta/conflito;"Mapeado; implementação não realizada nesta entrega";"A preencher na execução; ver critérios e saída obrigatória do bloco"
PER-L0201;;audita-planejamento-perfis-permissoes-dashboards-v0.1.md;0.1;201;7. Dashboards por perfil / 7.5 Participante / Auditado — acompanhamento da própria organização;Requisito/regra e contexto da fonte;| Atalhos | Consultar planejamento e abrir relatórios permitidos. |;B13;B13;C2 + C1;B14 B15;"Dashboard existente; quatro visões e regras novas pendentes";Consultar D01-D11 e B01 quando houver proposta/conflito;"Mapeado; implementação não realizada nesta entrega";"A preencher na execução; ver critérios e saída obrigatória do bloco"
PER-L0203;;audita-planejamento-perfis-permissoes-dashboards-v0.1.md;0.1;203;7. Dashboards por perfil / 7.5 Participante / Auditado — acompanhamento da própria organização;Requisito/regra e contexto da fonte;O cliente não deve visualizar comparações com outras empresas, avaliações provisórias do checklist, rascunhos ou pendências internas da equipe. “Relatório ainda não disponibilizado” é diferente de “auditoria sem resultados”.;B13;B13;C2 + C1;B14 B15;"Dashboard existente; quatro visões e regras novas pendentes";Consultar D01-D11 e B01 quando houver proposta/conflito;"Mapeado; implementação não realizada nesta entrega";"A preencher na execução; ver critérios e saída obrigatória do bloco"
PER-L0207;;audita-planejamento-perfis-permissoes-dashboards-v0.1.md;0.1;207;8. Definição dos indicadores e gráficos;Requisito/regra e contexto da fonte;As métricas devem ser calculadas a partir dos registros reais e somente depois de aplicar os limites de acesso. Os estados operacionais existentes deverão ser mapeados para as etapas exibidas, sem alterar sua lógica apenas para alimentar os gráficos.;B03 B13;B03;C1;B14 B15;"Contrato 3 existente; unidade, corte temporal e fórmulas a harmonizar";Consultar D01-D11 e B01 quando houver proposta/conflito;"Mapeado; implementação não realizada nesta entrega";"A preencher na execução; ver critérios e saída obrigatória do bloco"
PER-L0209;;audita-planejamento-perfis-permissoes-dashboards-v0.1.md;0.1;209;8. Definição dos indicadores e gráficos;Requisito/regra e contexto da fonte;| Indicador | Regra proposta |;B03 B13;B03;C1;B14 B15;"Contrato 3 existente; unidade, corte temporal e fórmulas a harmonizar";Consultar D01-D11 e B01 quando houver proposta/conflito;"Mapeado; implementação não realizada nesta entrega";"A preencher na execução; ver critérios e saída obrigatória do bloco"
PER-L0211;;audita-planejamento-perfis-permissoes-dashboards-v0.1.md;0.1;211;8. Definição dos indicadores e gráficos;Requisito/regra e contexto da fonte;| Total de auditorias | Quantidade de auditorias distintas acessíveis no recorte. Uma auditoria com vários membros continua contando uma vez para cada visão aplicável. |;B03 B13;B03;C1;B14 B15;"Contrato 3 existente; unidade, corte temporal e fórmulas a harmonizar";Consultar D01-D11 e B01 quando houver proposta/conflito;"Mapeado; implementação não realizada nesta entrega";"A preencher na execução; ver critérios e saída obrigatória do bloco"
PER-L0212;;audita-planejamento-perfis-permissoes-dashboards-v0.1.md;0.1;212;8. Definição dos indicadores e gráficos;Requisito/regra e contexto da fonte;| Empresas auditadas ou com participação | Quantidade de organizações distintas presentes nas auditorias do recorte autorizado. Não contar o cadastro global de clientes para usuários sem acesso geral. |;B03 B13;B03;C1;B14 B15;"Contrato 3 existente; unidade, corte temporal e fórmulas a harmonizar";Consultar D01-D11 e B01 quando houver proposta/conflito;"Mapeado; implementação não realizada nesta entrega";"A preencher na execução; ver critérios e saída obrigatória do bloco"
PER-L0213;;audita-planejamento-perfis-permissoes-dashboards-v0.1.md;0.1;213;8. Definição dos indicadores e gráficos;Requisito/regra e contexto da fonte;| Auditorias por etapa | Contar cada auditoria em sua etapa atual. Cancelamentos, quando existentes, ficam identificados separadamente, sem serem tratados como encerramentos concluídos. |;B03 B13;B03;C1;B14 B15;"Contrato 3 existente; unidade, corte temporal e fórmulas a harmonizar";Consultar D01-D11 e B01 quando houver proposta/conflito;"Mapeado; implementação não realizada nesta entrega";"A preencher na execução; ver critérios e saída obrigatória do bloco"
PER-L0214;;audita-planejamento-perfis-permissoes-dashboards-v0.1.md;0.1;214;8. Definição dos indicadores e gráficos;Requisito/regra e contexto da fonte;| Auditorias por organização ou tipo | Agrupar as mesmas auditorias do recorte, incluindo “Não informado” para dados ausentes. Não inventar a classificação. |;B03 B13;B03;C1;B14 B15;"Contrato 3 existente; unidade, corte temporal e fórmulas a harmonizar";Consultar D01-D11 e B01 quando houver proposta/conflito;"Mapeado; implementação não realizada nesta entrega";"A preencher na execução; ver critérios e saída obrigatória do bloco"
PER-L0215;;audita-planejamento-perfis-permissoes-dashboards-v0.1.md;0.1;215;8. Definição dos indicadores e gráficos;Requisito/regra e contexto da fonte;"| Relatórios pendentes de validação | Relatórios na etapa efetiva de aguardar validação, restritos à responsabilidade do usuário; Administrador pode ver o total geral. |";B03 B13;B03;C1;B14 B15;"Contrato 3 existente; unidade, corte temporal e fórmulas a harmonizar";Consultar D01-D11 e B01 quando houver proposta/conflito;"Mapeado; implementação não realizada nesta entrega";"A preencher na execução; ver critérios e saída obrigatória do bloco"
PER-L0216;;audita-planejamento-perfis-permissoes-dashboards-v0.1.md;0.1;216;8. Definição dos indicadores e gráficos;Requisito/regra e contexto da fonte;| Relatórios disponibilizados | Documentos lógicos distintos cuja versão foi validada e disponibilizada, sem contar cada revisão como um novo relatório. |;B03 B13;B03;C1;B14 B15;"Contrato 3 existente; unidade, corte temporal e fórmulas a harmonizar";Consultar D01-D11 e B01 quando houver proposta/conflito;"Mapeado; implementação não realizada nesta entrega";"A preencher na execução; ver critérios e saída obrigatória do bloco"
PER-L0217;;audita-planejamento-perfis-permissoes-dashboards-v0.1.md;0.1;217;8. Definição dos indicadores e gráficos;Requisito/regra e contexto da fonte;| Auditoria com prazo ultrapassado | Data prevista de encerramento anterior à data atual e auditoria ainda ativa. Registros sem prazo não serão classificados automaticamente como atrasados. |;B03 B13;B03;C1;B14 B15;"Contrato 3 existente; unidade, corte temporal e fórmulas a harmonizar";Consultar D01-D11 e B01 quando houver proposta/conflito;"Mapeado; implementação não realizada nesta entrega";"A preencher na execução; ver critérios e saída obrigatória do bloco"
PER-L0218;;audita-planejamento-perfis-permissoes-dashboards-v0.1.md;0.1;218;8. Definição dos indicadores e gráficos;Requisito/regra e contexto da fonte;| Progresso do cronograma divulgado | Atividades concluídas e divulgadas ÷ total de atividades válidas do cronograma divulgado × 100. Sem denominador válido, mostrar “Progresso não calculado”. |;B03 B13;B03;C1;B14 B15;"Contrato 3 existente; unidade, corte temporal e fórmulas a harmonizar";Consultar D01-D11 e B01 quando houver proposta/conflito;"Mapeado; implementação não realizada nesta entrega";"A preencher na execução; ver critérios e saída obrigatória do bloco"
PER-L0220;;audita-planejamento-perfis-permissoes-dashboards-v0.1.md;0.1;220;8. Definição dos indicadores e gráficos;Requisito/regra e contexto da fonte;**Período proposto:** para a visão da carteira, filtrar auditorias pela data de início prevista, incluindo as encerradas quando pertencem ao recorte. Disponibilizar “Todo o histórico” e uma opção explícita de acompanhar todas as auditorias em andamento. Relatórios e outros indicadores de eventos devem informar a data utilizada e respeitar o recorte selecionado. Confirmar essas regras na validação antes de implementá-las.;B03 B13;B03;C1;B14 B15;"Contrato 3 existente; unidade, corte temporal e fórmulas a harmonizar";Consultar D01-D11 e B01 quando houver proposta/conflito;"Mapeado; implementação não realizada nesta entrega";"A preencher na execução; ver critérios e saída obrigatória do bloco"
PER-L0222;;audita-planejamento-perfis-permissoes-dashboards-v0.1.md;0.1;222;8. Definição dos indicadores e gráficos;Requisito/regra e contexto da fonte;Não introduzir índice de conformidade, nota de desempenho do cliente ou percentual de conclusão baseado apenas em preenchimento de checklist sem uma regra de negócio aprovada. Progresso operacional não significa aprovação de resultados.;B03 B13;B03;C1;B14 B15;"Contrato 3 existente; unidade, corte temporal e fórmulas a harmonizar";Consultar D01-D11 e B01 quando houver proposta/conflito;"Mapeado; implementação não realizada nesta entrega";"A preencher na execução; ver critérios e saída obrigatória do bloco"
PER-L0224;;audita-planejamento-perfis-permissoes-dashboards-v0.1.md;0.1;224;8. Definição dos indicadores e gráficos;Requisito/regra e contexto da fonte;Gráficos com muitas organizações devem mostrar, por exemplo, as cinco principais e agrupar o restante em “Outras”, sempre dentro do âmbito autorizado. Uma tabela ou listagem detalhada deve permitir consultar o conjunto completo permitido.;B03 B13;B03;C1;B14 B15;"Contrato 3 existente; unidade, corte temporal e fórmulas a harmonizar";Consultar D01-D11 e B01 quando houver proposta/conflito;"Mapeado; implementação não realizada nesta entrega";"A preencher na execução; ver critérios e saída obrigatória do bloco"
PER-L0228;;audita-planejamento-perfis-permissoes-dashboards-v0.1.md;0.1;228;9. Isolamento e segurança dos dados;Requisito/regra e contexto da fonte;O isolamento por organização é requisito funcional, não apenas uma diferença visual entre dashboards.;B02 B14;B02;C1;B14 B15;"Base existente; Administração global e escopo documental divergem do alvo";Consultar D01-D11 e B01 quando houver proposta/conflito;"Mapeado; implementação não realizada nesta entrega";"A preencher na execução; ver critérios e saída obrigatória do bloco"
PER-L0230;;audita-planejamento-perfis-permissoes-dashboards-v0.1.md;0.1;230;9. Isolamento e segurança dos dados;Requisito/regra e contexto da fonte;- Aplicar as permissões no servidor e na camada de acesso aos dados, além de ocultar controles indevidos na interface.;B02 B14;B02;C1;B14 B15;"Base existente; Administração global e escopo documental divergem do alvo";Consultar D01-D11 e B01 quando houver proposta/conflito;"Mapeado; implementação não realizada nesta entrega";"A preencher na execução; ver critérios e saída obrigatória do bloco"
PER-L0231;;audita-planejamento-perfis-permissoes-dashboards-v0.1.md;0.1;231;9. Isolamento e segurança dos dados;Requisito/regra e contexto da fonte;- Verificar organização, auditoria e permissão antes de entregar registros ou arquivos. Não confiar no identificador de organização enviado pela tela.;B02 B14;B02;C1;B14 B15;"Base existente; Administração global e escopo documental divergem do alvo";Consultar D01-D11 e B01 quando houver proposta/conflito;"Mapeado; implementação não realizada nesta entrega";"A preencher na execução; ver critérios e saída obrigatória do bloco"
PER-L0232;;audita-planejamento-perfis-permissoes-dashboards-v0.1.md;0.1;232;9. Isolamento e segurança dos dados;Requisito/regra e contexto da fonte;- Filtrar os dados antes de calcular totais, percentuais e gráficos. Um cliente não pode descobrir a existência de outra empresa por contagens, filtros, buscas ou mensagens de erro.;B02 B14;B02;C1;B14 B15;"Base existente; Administração global e escopo documental divergem do alvo";Consultar D01-D11 e B01 quando houver proposta/conflito;"Mapeado; implementação não realizada nesta entrega";"A preencher na execução; ver critérios e saída obrigatória do bloco"
PER-L0233;;audita-planejamento-perfis-permissoes-dashboards-v0.1.md;0.1;233;9. Isolamento e segurança dos dados;Requisito/regra e contexto da fonte;- Aplicar a mesma verificação a relatórios, evidências, endereços diretos, exportações, notificações e buscas auxiliares. Rascunhos e evidências internas não ficam acessíveis ao cliente por conhecer o endereço do arquivo.;B02 B14;B02;C1;B14 B15;"Base existente; Administração global e escopo documental divergem do alvo";Consultar D01-D11 e B01 quando houver proposta/conflito;"Mapeado; implementação não realizada nesta entrega";"A preencher na execução; ver critérios e saída obrigatória do bloco"
PER-L0234;;audita-planejamento-perfis-permissoes-dashboards-v0.1.md;0.1;234;9. Isolamento e segurança dos dados;Requisito/regra e contexto da fonte;"- Armazenar arquivos de acesso restrito de forma privada. Autorizações e links de download devem respeitar perfil, vínculo e validade; links antigos não podem se tornar públicos ou permanentes por conveniência.";B02 B14;B02;C1;B14 B15;"Base existente; Administração global e escopo documental divergem do alvo";Consultar D01-D11 e B01 quando houver proposta/conflito;"Mapeado; implementação não realizada nesta entrega";"A preencher na execução; ver critérios e saída obrigatória do bloco"
PER-L0235;;audita-planejamento-perfis-permissoes-dashboards-v0.1.md;0.1;235;9. Isolamento e segurança dos dados;Requisito/regra e contexto da fonte;- Separar dados temporários e resultados armazenados em cache por usuário, permissões e filtros. A troca de conta não pode mostrar dados da sessão anterior.;B02 B14;B02;C1;B14 B15;"Base existente; Administração global e escopo documental divergem do alvo";Consultar D01-D11 e B01 quando houver proposta/conflito;"Mapeado; implementação não realizada nesta entrega";"A preencher na execução; ver critérios e saída obrigatória do bloco"
PER-L0236;;audita-planejamento-perfis-permissoes-dashboards-v0.1.md;0.1;236;9. Isolamento e segurança dos dados;Requisito/regra e contexto da fonte;"- Atualizar o acesso quando uma conta for desativada, um perfil for alterado ou um vínculo for revogado. Definir e testar a invalidação de sessões e a validade de links temporários já emitidos; não prometer revogação instantânea de arquivos já baixados.";B02 B14;B02;C1;B14 B15;"Base existente; Administração global e escopo documental divergem do alvo";Consultar D01-D11 e B01 quando houver proposta/conflito;"Mapeado; implementação não realizada nesta entrega";"A preencher na execução; ver critérios e saída obrigatória do bloco"
PER-L0237;;audita-planejamento-perfis-permissoes-dashboards-v0.1.md;0.1;237;9. Isolamento e segurança dos dados;Requisito/regra e contexto da fonte;- Impedir que alterações em Meu Perfil elevem permissões ou troquem a organização. Gestão desses campos pertence ao Administrador.;B02 B14;B02;C1;B14 B15;"Base existente; Administração global e escopo documental divergem do alvo";Consultar D01-D11 e B01 quando houver proposta/conflito;"Mapeado; implementação não realizada nesta entrega";"A preencher na execução; ver critérios e saída obrigatória do bloco"
PER-L0238;;audita-planejamento-perfis-permissoes-dashboards-v0.1.md;0.1;238;9. Isolamento e segurança dos dados;Requisito/regra e contexto da fonte;- Registrar mudanças relevantes de perfil, equipe, responsabilidade, organização e validação, identificando o usuário que realmente executou a ação.;B02 B14;B02;C1;B14 B15;"Base existente; Administração global e escopo documental divergem do alvo";Consultar D01-D11 e B01 quando houver proposta/conflito;"Mapeado; implementação não realizada nesta entrega";"A preencher na execução; ver critérios e saída obrigatória do bloco"
PER-L0242;;audita-planejamento-perfis-permissoes-dashboards-v0.1.md;0.1;242;10. Etapas propostas para implementação;Requisito/regra e contexto da fonte;| Etapa | Trabalho previsto | Resultado esperado |;B01 B14 B15;B01;C0 + C1;B14 B15;"Planejamento novo; decisões ainda não homologadas";Consultar D01-D11 e B01 quando houver proposta/conflito;"Mapeado; implementação não realizada nesta entrega";"A preencher na execução; ver critérios e saída obrigatória do bloco"
PER-L0244;;audita-planejamento-perfis-permissoes-dashboards-v0.1.md;0.1;244;10. Etapas propostas para implementação;Requisito/regra e contexto da fonte;| 1. Validar as regras | Confirmar matriz de permissões, propostas complementares e dashboards. | Escopo funcional acordado. |;B01 B14 B15;B01;C0 + C1;B14 B15;"Planejamento novo; decisões ainda não homologadas";Consultar D01-D11 e B01 quando houver proposta/conflito;"Mapeado; implementação não realizada nesta entrega";"A preencher na execução; ver critérios e saída obrigatória do bloco"
PER-L0245;;audita-planejamento-perfis-permissoes-dashboards-v0.1.md;0.1;245;10. Etapas propostas para implementação;Requisito/regra e contexto da fonte;| 2. Levantar o funcionamento existente | Conferir perfis atuais, vínculos, menus, estados da auditoria, validação de relatórios, arquivos e origem dos dados dos gráficos. | Mapa do que pode ser reaproveitado e das diferenças a corrigir. |;B01 B14 B15;B01;C0 + C1;B14 B15;"Planejamento novo; decisões ainda não homologadas";Consultar D01-D11 e B01 quando houver proposta/conflito;"Mapeado; implementação não realizada nesta entrega";"A preencher na execução; ver critérios e saída obrigatória do bloco"
PER-L0246;;audita-planejamento-perfis-permissoes-dashboards-v0.1.md;0.1;246;10. Etapas propostas para implementação;Requisito/regra e contexto da fonte;| 3. Mapear os usuários existentes | Relacionar cada conta ao perfil definitivo e à organização/equipe correta, sem conversão automática ambígua. | Relação revisada pelo Administrador antes de aplicar mudanças. |;B01 B14 B15;B01;C0 + C1;B14 B15;"Planejamento novo; decisões ainda não homologadas";Consultar D01-D11 e B01 quando houver proposta/conflito;"Mapeado; implementação não realizada nesta entrega";"A preencher na execução; ver critérios e saída obrigatória do bloco"
PER-L0247;;audita-planejamento-perfis-permissoes-dashboards-v0.1.md;0.1;247;10. Etapas propostas para implementação;Requisito/regra e contexto da fonte;"| 4. Implementar as autorizações | Centralizar as verificações de perfil, organização, auditoria e documento; proteger também os arquivos. | Permissões efetivas antes da liberação das novas telas. |";B01 B14 B15;B01;C0 + C1;B14 B15;"Planejamento novo; decisões ainda não homologadas";Consultar D01-D11 e B01 quando houver proposta/conflito;"Mapeado; implementação não realizada nesta entrega";"A preencher na execução; ver critérios e saída obrigatória do bloco"
PER-L0248;;audita-planejamento-perfis-permissoes-dashboards-v0.1.md;0.1;248;10. Etapas propostas para implementação;Requisito/regra e contexto da fonte;| 5. Ajustar Auditorias e disponibilização | Aplicar operações por perfil, responsabilidade, validações e consulta do cliente. | Fluxo completo do planejamento ao encerramento. |;B01 B14 B15;B01;C0 + C1;B14 B15;"Planejamento novo; decisões ainda não homologadas";Consultar D01-D11 e B01 quando houver proposta/conflito;"Mapeado; implementação não realizada nesta entrega";"A preencher na execução; ver critérios e saída obrigatória do bloco"
PER-L0249;;audita-planejamento-perfis-permissoes-dashboards-v0.1.md;0.1;249;10. Etapas propostas para implementação;Requisito/regra e contexto da fonte;| 6. Ajustar menu, Usuários, Biblioteca e Meu Perfil | Aplicar visibilidade e permissões consistentes com os quatro perfis e o planejamento da biblioteca. | Navegação coerente, sem as três abas removidas. |;B01 B14 B15;B01;C0 + C1;B14 B15;"Planejamento novo; decisões ainda não homologadas";Consultar D01-D11 e B01 quando houver proposta/conflito;"Mapeado; implementação não realizada nesta entrega";"A preencher na execução; ver critérios e saída obrigatória do bloco"
PER-L0250;;audita-planejamento-perfis-permissoes-dashboards-v0.1.md;0.1;250;10. Etapas propostas para implementação;Requisito/regra e contexto da fonte;| 7. Construir os dashboards | Implementar consultas autorizadas, cálculos, filtros, gráficos e estados de tela. | Visão específica e útil para cada perfil. |;B01 B14 B15;B01;C0 + C1;B14 B15;"Planejamento novo; decisões ainda não homologadas";Consultar D01-D11 e B01 quando houver proposta/conflito;"Mapeado; implementação não realizada nesta entrega";"A preencher na execução; ver critérios e saída obrigatória do bloco"
PER-L0251;;audita-planejamento-perfis-permissoes-dashboards-v0.1.md;0.1;251;10. Etapas propostas para implementação;Requisito/regra e contexto da fonte;| 8. Testar e homologar | Executar cenários de autorização e isolamento com pelo menos duas organizações. | Evidências de que cada perfil acessa somente o permitido. |;B01 B14 B15;B01;C0 + C1;B14 B15;"Planejamento novo; decisões ainda não homologadas";Consultar D01-D11 e B01 quando houver proposta/conflito;"Mapeado; implementação não realizada nesta entrega";"A preencher na execução; ver critérios e saída obrigatória do bloco"
PER-L0252;;audita-planejamento-perfis-permissoes-dashboards-v0.1.md;0.1;252;10. Etapas propostas para implementação;Requisito/regra e contexto da fonte;| 9. Liberar após autorização | Aplicar de forma controlada, conferir contas e dados e acompanhar erros. | Mudança liberada com possibilidade de recuperação. |;B01 B14 B15;B01;C0 + C1;B14 B15;"Planejamento novo; decisões ainda não homologadas";Consultar D01-D11 e B01 quando houver proposta/conflito;"Mapeado; implementação não realizada nesta entrega";"A preencher na execução; ver critérios e saída obrigatória do bloco"
PER-L0254;;audita-planejamento-perfis-permissoes-dashboards-v0.1.md;0.1;254;10. Etapas propostas para implementação;Requisito/regra e contexto da fonte;"Antes de aplicar mudanças em dados existentes, preparar cópia de segurança e procedimento de recuperação. Preservar autoria e participação histórica. Contas sem mapeamento confiável não devem receber acesso amplo como solução provisória; a situação deve ser apresentada ao Administrador.";B01 B14 B15;B01;C0 + C1;B14 B15;"Planejamento novo; decisões ainda não homologadas";Consultar D01-D11 e B01 quando houver proposta/conflito;"Mapeado; implementação não realizada nesta entrega";"A preencher na execução; ver critérios e saída obrigatória do bloco"
PER-L0256;;audita-planejamento-perfis-permissoes-dashboards-v0.1.md;0.1;256;10. Etapas propostas para implementação;Requisito/regra e contexto da fonte;A reversão de telas ou cálculos não deve reabrir acessos entre organizações. A estratégia de recuperação precisa preservar as restrições de segurança. Prazos, tecnologias e mudanças de estrutura serão definidos após o levantamento, sem presumir uma arquitetura que ainda não foi verificada.;B01 B14 B15;B01;C0 + C1;B14 B15;"Planejamento novo; decisões ainda não homologadas";Consultar D01-D11 e B01 quando houver proposta/conflito;"Mapeado; implementação não realizada nesta entrega";"A preencher na execução; ver critérios e saída obrigatória do bloco"
PER-L0260;;audita-planejamento-perfis-permissoes-dashboards-v0.1.md;0.1;260;11. Critérios de aceite;Requisito/regra e contexto da fonte;| ID | Cenário e resultado esperado |;B14;B14;C0 + revisor;B14 B15;Não testado funcionalmente nesta análise;Consultar D01-D11 e B01 quando houver proposta/conflito;"Mapeado; implementação não realizada nesta entrega";"A preencher na execução; ver critérios e saída obrigatória do bloco"
PER-L0262;PER-01;audita-planejamento-perfis-permissoes-dashboards-v0.1.md;0.1;262;11. Critérios de aceite;Critério de aceite;"| PER-01 | Os quatro perfis aparecem com nomenclatura consistente; não surge um perfil separado chamado Administrativo. |";B02 B04;B02;C1;B14 B15;"Base existente; Administração global e escopo documental divergem do alvo";Consultar D01-D11 e B01 quando houver proposta/conflito;"Mapeado; implementação não realizada nesta entrega";"A preencher na execução; ver critérios e saída obrigatória do bloco"
PER-L0263;PER-02;audita-planejamento-perfis-permissoes-dashboards-v0.1.md;0.1;263;11. Critérios de aceite;Critério de aceite;"| PER-02 | Administrador acessa todas as organizações e executa operações de gestão e auditoria; sua autoria fica registrada. |";B02;B02;C1;B14 B15;"Base existente; Administração global e escopo documental divergem do alvo";D04;"Mapeado; implementação não realizada nesta entrega";"A preencher na execução; ver critérios e saída obrigatória do bloco"
PER-L0264;PER-03;audita-planejamento-perfis-permissoes-dashboards-v0.1.md;0.1;264;11. Critérios de aceite;Critério de aceite;| PER-03 | Auditor Líder cria auditoria, planeja, preenche checklist e valida relatórios diário e de encerramento nas auditorias sob sua responsabilidade. |;B02 B06 B09 B11;B02;C1;B14 B15;"Base existente; Administração global e escopo documental divergem do alvo";Consultar D01-D11 e B01 quando houver proposta/conflito;"Mapeado; implementação não realizada nesta entrega";"A preencher na execução; ver critérios e saída obrigatória do bloco"
PER-L0265;PER-04;audita-planejamento-perfis-permissoes-dashboards-v0.1.md;0.1;265;11. Critérios de aceite;Critério de aceite;| PER-04 | Auditor acompanha auditorias da equipe e consulta os relatórios permitidos, mas não cria, conduz, assume responsabilidade ou valida, inclusive por acesso direto. |;B02;B02;C1;B14 B15;"Base existente; Administração global e escopo documental divergem do alvo";Consultar D01-D11 e B01 quando houver proposta/conflito;"Mapeado; implementação não realizada nesta entrega";"A preencher na execução; ver critérios e saída obrigatória do bloco"
PER-L0266;PER-05;audita-planejamento-perfis-permissoes-dashboards-v0.1.md;0.1;266;11. Critérios de aceite;Critério de aceite;| PER-05 | Participante acompanha o planejamento disponibilizado e consulta relatórios validados, sem modificar dados ou realizar validações. |;B02 B09 B12;B02;C1;B14 B15;"Base existente; Administração global e escopo documental divergem do alvo";D01 D02 D10;"Mapeado; implementação não realizada nesta entrega";"A preencher na execução; ver critérios e saída obrigatória do bloco"
PER-L0267;PER-06;audita-planejamento-perfis-permissoes-dashboards-v0.1.md;0.1;267;11. Critérios de aceite;Critério de aceite;| PER-06 | Participante da empresa X não vê qualquer dado da empresa Y em telas, gráficos, totais, filtros, buscas, notificações, exportações ou arquivos. |;B02 B13 B14;B02;C1;B14 B15;"Base existente; Administração global e escopo documental divergem do alvo";Consultar D01-D11 e B01 quando houver proposta/conflito;"Mapeado; implementação não realizada nesta entrega";"A preencher na execução; ver critérios e saída obrigatória do bloco"
PER-L0268;PER-07;audita-planejamento-perfis-permissoes-dashboards-v0.1.md;0.1;268;11. Critérios de aceite;Critério de aceite;| PER-07 | Trocar o identificador da empresa, auditoria, documento ou arquivo em uma solicitação não contorna as permissões. |;B02 B14;B02;C1;B14 B15;"Base existente; Administração global e escopo documental divergem do alvo";Consultar D01-D11 e B01 quando houver proposta/conflito;"Mapeado; implementação não realizada nesta entrega";"A preencher na execução; ver critérios e saída obrigatória do bloco"
PER-L0269;PER-08;audita-planejamento-perfis-permissoes-dashboards-v0.1.md;0.1;269;11. Critérios de aceite;Critério de aceite;| PER-08 | Auditor Líder e Auditor não recebem acesso a outras auditorias de uma empresa apenas por participarem de uma auditoria daquela empresa. |;B02;B02;C1;B14 B15;"Base existente; Administração global e escopo documental divergem do alvo";Consultar D01-D11 e B01 quando houver proposta/conflito;"Mapeado; implementação não realizada nesta entrega";"A preencher na execução; ver critérios e saída obrigatória do bloco"
PER-L0270;PER-09;audita-planejamento-perfis-permissoes-dashboards-v0.1.md;0.1;270;11. Critérios de aceite;Critério de aceite;| PER-09 | Relatório em rascunho não fica visível ao cliente. Após validação e disponibilização, a versão correta pode ser consultada. Falha de geração não libera conteúdo incompleto. |;B09 B12;B09;C3;B14 B15;"Versões do plano existentes; publicação/PDF completo pendentes";Consultar D01-D11 e B01 quando houver proposta/conflito;"Mapeado; implementação não realizada nesta entrega";"A preencher na execução; ver critérios e saída obrigatória do bloco"
PER-L0271;PER-10;audita-planejamento-perfis-permissoes-dashboards-v0.1.md;0.1;271;11. Critérios de aceite;Critério de aceite;"| PER-10 | Nova revisão em elaboração não altera a versão já disponibilizada ao cliente; a mudança ocorre conforme o fluxo aprovado. |";B09 B11 B12;B09;C3;B14 B15;"Versões do plano existentes; publicação/PDF completo pendentes";Consultar D01-D11 e B01 quando houver proposta/conflito;"Mapeado; implementação não realizada nesta entrega";"A preencher na execução; ver critérios e saída obrigatória do bloco"
PER-L0272;PER-11;audita-planejamento-perfis-permissoes-dashboards-v0.1.md;0.1;272;11. Critérios de aceite;Critério de aceite;| PER-11 | Cada dashboard mostra somente o âmbito do perfil e os gráficos correspondentes. Os totais coincidem com a listagem autorizada sob os mesmos filtros. |;B13;B13;C2 + C1;B14 B15;"Dashboard existente; quatro visões e regras novas pendentes";Consultar D01-D11 e B01 quando houver proposta/conflito;"Mapeado; implementação não realizada nesta entrega";"A preencher na execução; ver critérios e saída obrigatória do bloco"
PER-L0273;PER-12;audita-planejamento-perfis-permissoes-dashboards-v0.1.md;0.1;273;11. Critérios de aceite;Critério de aceite;| PER-12 | Ao clicar em um gráfico, o usuário abre apenas a lista de auditorias já autorizadas, com os filtros correspondentes. |;B13;B13;C2 + C1;B14 B15;"Dashboard existente; quatro visões e regras novas pendentes";Consultar D01-D11 e B01 quando houver proposta/conflito;"Mapeado; implementação não realizada nesta entrega";"A preencher na execução; ver critérios e saída obrigatória do bloco"
PER-L0274;PER-13;audita-planejamento-perfis-permissoes-dashboards-v0.1.md;0.1;274;11. Critérios de aceite;Critério de aceite;"| PER-13 | Auditor Líder vê sua responsabilidade atual e histórico permitido; Auditor vê suas participações. Nenhum deles recebe acesso global. |";B02 B13;B02;C1;B14 B15;"Base existente; Administração global e escopo documental divergem do alvo";D06;"Mapeado; implementação não realizada nesta entrega";"A preencher na execução; ver critérios e saída obrigatória do bloco"
PER-L0275;PER-14;audita-planejamento-perfis-permissoes-dashboards-v0.1.md;0.1;275;11. Critérios de aceite;Critério de aceite;| PER-14 | Contas desativadas e vínculos revogados deixam de permitir novos acessos conforme a regra de sessão e arquivos implementada e testada. |;B02 B12;B02;C1;B14 B15;"Base existente; Administração global e escopo documental divergem do alvo";Consultar D01-D11 e B01 quando houver proposta/conflito;"Mapeado; implementação não realizada nesta entrega";"A preencher na execução; ver critérios e saída obrigatória do bloco"
PER-L0276;PER-15;audita-planejamento-perfis-permissoes-dashboards-v0.1.md;0.1;276;11. Critérios de aceite;Critério de aceite;| PER-15 | Trocar de usuário não reaproveita dados de dashboard ou arquivos da conta anterior. |;B02 B13;B02;C1;B14 B15;"Base existente; Administração global e escopo documental divergem do alvo";Consultar D01-D11 e B01 quando houver proposta/conflito;"Mapeado; implementação não realizada nesta entrega";"A preencher na execução; ver critérios e saída obrigatória do bloco"
PER-L0277;PER-16;audita-planejamento-perfis-permissoes-dashboards-v0.1.md;0.1;277;11. Critérios de aceite;Critério de aceite;"| PER-16 | Auditoria sem dados, período vazio e falha de carregamento produzem estados diferentes; falha não é apresentada como zero. Percentuais sem base não são inventados. |";B13;B13;C2 + C1;B14 B15;"Dashboard existente; quatro visões e regras novas pendentes";Consultar D01-D11 e B01 quando houver proposta/conflito;"Mapeado; implementação não realizada nesta entrega";"A preencher na execução; ver critérios e saída obrigatória do bloco"
PER-L0278;PER-17;audita-planejamento-perfis-permissoes-dashboards-v0.1.md;0.1;278;11. Critérios de aceite;Critério de aceite;| PER-17 | Dashboards funcionam em tela menor, com rótulos legíveis, alternativas textuais aos gráficos e sem depender só da cor. |;B13;B13;C2 + C1;B14 B15;"Dashboard existente; quatro visões e regras novas pendentes";Consultar D01-D11 e B01 quando houver proposta/conflito;"Mapeado; implementação não realizada nesta entrega";"A preencher na execução; ver critérios e saída obrigatória do bloco"
PER-L0279;PER-18;audita-planejamento-perfis-permissoes-dashboards-v0.1.md;0.1;279;11. Critérios de aceite;Critério de aceite;| PER-18 | Histórico de auditorias encerradas permanece disponível conforme os vínculos aprovados, sem reativar acesso explicitamente revogado. |;B02 B12 B13;B02;C1;B14 B15;"Base existente; Administração global e escopo documental divergem do alvo";D06;"Mapeado; implementação não realizada nesta entrega";"A preencher na execução; ver critérios e saída obrigatória do bloco"
PER-L0280;PER-19;audita-planejamento-perfis-permissoes-dashboards-v0.1.md;0.1;280;11. Critérios de aceite;Critério de aceite;"| PER-19 | A biblioteca mantém inserção exclusiva do Administrador e download permitido ao Auditor Líder e Auditor; o cliente segue a decisão validada sobre acesso corporativo. |";B02 B05;B02;C1;B14 B15;"Base existente; Administração global e escopo documental divergem do alvo";D07;"Mapeado; implementação não realizada nesta entrega";"A preencher na execução; ver critérios e saída obrigatória do bloco"
PER-L0281;PER-20;audita-planejamento-perfis-permissoes-dashboards-v0.1.md;0.1;281;11. Critérios de aceite;Critério de aceite;| PER-20 | Meu Perfil não permite alterar o próprio perfil de acesso ou organização. A regra específica do Participante é respeitada. |;B02 B04;B02;C1;B14 B15;"Base existente; Administração global e escopo documental divergem do alvo";D05;"Mapeado; implementação não realizada nesta entrega";"A preencher na execução; ver critérios e saída obrigatória do bloco"
PER-L0283;;audita-planejamento-perfis-permissoes-dashboards-v0.1.md;0.1;283;11. Critérios de aceite;Requisito/regra e contexto da fonte;"Os testes devem utilizar contas dos quatro perfis, organizações X e Y, auditorias diferentes dentro de uma mesma organização e relatórios em rascunho e validados. Incluir uma conta removida da equipe, uma conta desativada e uma transferência de responsabilidade. Testes positivos devem ser acompanhados por tentativas de acesso indevido; conferir apenas o menu não comprova isolamento.";B14;B14;C0 + revisor;B14 B15;Não testado funcionalmente nesta análise;Consultar D01-D11 e B01 quando houver proposta/conflito;"Mapeado; implementação não realizada nesta entrega";"A preencher na execução; ver critérios e saída obrigatória do bloco"
PER-L0287;;audita-planejamento-perfis-permissoes-dashboards-v0.1.md;0.1;287;12. Decisões propostas para validação;Decisão/proposta;Os poderes gerais dos quatro perfis e o isolamento entre empresas já foram definidos pelo usuário. As decisões abaixo detalham os pontos que permanecem abertos.;B01 B02 B13;B01;C0 + C1;B14 B15;"Planejamento novo; decisões ainda não homologadas";Consultar D01-D11 e B01 quando houver proposta/conflito;"Mapeado; implementação não realizada nesta entrega";"A preencher na execução; ver critérios e saída obrigatória do bloco"
PER-L0289;;audita-planejamento-perfis-permissoes-dashboards-v0.1.md;0.1;289;12. Decisões propostas para validação;Decisão/proposta;| ID | Ponto | Proposta inicial |;B01 B02 B13;B01;C0 + C1;B14 B15;"Planejamento novo; decisões ainda não homologadas";Consultar D01-D11 e B01 quando houver proposta/conflito;"Mapeado; implementação não realizada nesta entrega";"A preencher na execução; ver critérios e saída obrigatória do bloco"
PER-L0291;V-01;audita-planejamento-perfis-permissoes-dashboards-v0.1.md;0.1;291;12. Decisões propostas para validação;Decisão/proposta;| V-01 | Escrita pelo Auditor de apoio | Consulta sem escrita nesta primeira etapa. Se necessário, autorizar separadamente observações/anexos de apoio, sem alterar o checklist oficial ou validar. |;B01 B02 B13;B01;C0 + C1;B14 B15;"Planejamento novo; decisões ainda não homologadas";Consultar D01-D11 e B01 quando houver proposta/conflito;"Mapeado; implementação não realizada nesta entrega";"A preencher na execução; ver critérios e saída obrigatória do bloco"
PER-L0292;V-02;audita-planejamento-perfis-permissoes-dashboards-v0.1.md;0.1;292;12. Decisões propostas para validação;Decisão/proposta;"| V-02 | Rascunhos de relatórios para o Auditor | Acesso inicialmente às versões validadas; leitura de rascunhos internos somente se aprovada. |";B01 B02 B13;B01;C0 + C1;B14 B15;"Planejamento novo; decisões ainda não homologadas";Consultar D01-D11 e B01 quando houver proposta/conflito;"Mapeado; implementação não realizada nesta entrega";"A preencher na execução; ver critérios e saída obrigatória do bloco"
PER-L0293;V-03;audita-planejamento-perfis-permissoes-dashboards-v0.1.md;0.1;293;12. Decisões propostas para validação;Decisão/proposta;| V-03 | Auditorias visíveis ao Participante | Organização correta mais liberação específica por auditoria. Alternativa a decidir: todas as auditorias da própria organização. |;B01 B02 B13;B01;C0 + C1;B14 B15;"Planejamento novo; decisões ainda não homologadas";Consultar D01-D11 e B01 quando houver proposta/conflito;"Mapeado; implementação não realizada nesta entrega";"A preencher na execução; ver critérios e saída obrigatória do bloco"
PER-L0294;V-04;audita-planejamento-perfis-permissoes-dashboards-v0.1.md;0.1;294;12. Decisões propostas para validação;Decisão/proposta;"| V-04 | Responsável e equipe | Um responsável principal; Auditor Líder seleciona apenas auditores de apoio já habilitados. Administrador controla perfis, acesso do cliente e transferência de responsabilidade. |";B01 B02 B13;B01;C0 + C1;B14 B15;"Planejamento novo; decisões ainda não homologadas";Consultar D01-D11 e B01 quando houver proposta/conflito;"Mapeado; implementação não realizada nesta entrega";"A preencher na execução; ver critérios e saída obrigatória do bloco"
PER-L0295;V-05;audita-planejamento-perfis-permissoes-dashboards-v0.1.md;0.1;295;12. Decisões propostas para validação;Decisão/proposta;| V-05 | Visibilidade do planejamento ao cliente | Disponibilizar após confirmação do responsável, preservando as versões anteriores. |;B01 B02 B13;B01;C0 + C1;B14 B15;"Planejamento novo; decisões ainda não homologadas";Consultar D01-D11 e B01 quando houver proposta/conflito;"Mapeado; implementação não realizada nesta entrega";"A preencher na execução; ver critérios e saída obrigatória do bloco"
PER-L0296;V-06;audita-planejamento-perfis-permissoes-dashboards-v0.1.md;0.1;296;12. Decisões propostas para validação;Decisão/proposta;"| V-06 | Download pelo Participante | Manter a visualização solicitada. Habilitar download de versões validadas somente se aprovado; documentos corporativos internos continuam separados. |";B01 B02 B13;B01;C0 + C1;B14 B15;"Planejamento novo; decisões ainda não homologadas";Consultar D01-D11 e B01 quando houver proposta/conflito;"Mapeado; implementação não realizada nesta entrega";"A preencher na execução; ver critérios e saída obrigatória do bloco"
PER-L0297;V-07;audita-planejamento-perfis-permissoes-dashboards-v0.1.md;0.1;297;12. Decisões propostas para validação;Decisão/proposta;| V-07 | Biblioteca e histórico para o cliente | Não exibir biblioteca corporativa nem histórico do sistema ao Participante. Histórico do sistema exclusivo do Administrador. |;B01 B02 B13;B01;C0 + C1;B14 B15;"Planejamento novo; decisões ainda não homologadas";Consultar D01-D11 e B01 quando houver proposta/conflito;"Mapeado; implementação não realizada nesta entrega";"A preencher na execução; ver critérios e saída obrigatória do bloco"
PER-L0298;V-08;audita-planejamento-perfis-permissoes-dashboards-v0.1.md;0.1;298;12. Decisões propostas para validação;Decisão/proposta;"| V-08 | Encerramento e reabertura | Auditor Líder encerra após as validações do processo; Administrador pode encerrar e reabrir, com registro. |";B01 B02 B13;B01;C0 + C1;B14 B15;"Planejamento novo; decisões ainda não homologadas";Consultar D01-D11 e B01 quando houver proposta/conflito;"Mapeado; implementação não realizada nesta entrega";"A preencher na execução; ver critérios e saída obrigatória do bloco"
PER-L0299;V-09;audita-planejamento-perfis-permissoes-dashboards-v0.1.md;0.1;299;12. Decisões propostas para validação;Decisão/proposta;"| V-09 | Acesso histórico | Preservar consultas às auditorias concluídas para responsáveis e integrantes autorizados; revogação explícita prevalece. Detalhar a consulta do antigo responsável após transferência. |";B01 B02 B13;B01;C0 + C1;B14 B15;"Planejamento novo; decisões ainda não homologadas";Consultar D01-D11 e B01 quando houver proposta/conflito;"Mapeado; implementação não realizada nesta entrega";"A preencher na execução; ver critérios e saída obrigatória do bloco"
PER-L0300;V-10;audita-planejamento-perfis-permissoes-dashboards-v0.1.md;0.1;300;12. Decisões propostas para validação;Decisão/proposta;"| V-10 | Organização e perfis por conta | Um perfil principal e uma organização por Participante nesta etapa; exceções multiempresa exigem definição específica. |";B01 B02 B13;B01;C0 + C1;B14 B15;"Planejamento novo; decisões ainda não homologadas";Consultar D01-D11 e B01 quando houver proposta/conflito;"Mapeado; implementação não realizada nesta entrega";"A preencher na execução; ver critérios e saída obrigatória do bloco"
PER-L0301;V-11;audita-planejamento-perfis-permissoes-dashboards-v0.1.md;0.1;301;12. Decisões propostas para validação;Decisão/proposta;| V-11 | Meu Perfil do Participante | Dados funcionais e organização apenas para consulta. Permitir troca de senha/recuperação de acesso como manutenção da própria conta, sem alterar dados da auditoria, se confirmado. |;B01 B02 B13;B01;C0 + C1;B14 B15;"Planejamento novo; decisões ainda não homologadas";Consultar D01-D11 e B01 quando houver proposta/conflito;"Mapeado; implementação não realizada nesta entrega";"A preencher na execução; ver critérios e saída obrigatória do bloco"
PER-L0302;V-12;audita-planejamento-perfis-permissoes-dashboards-v0.1.md;0.1;302;12. Decisões propostas para validação;Decisão/proposta;"| V-12 | Gráficos e período | Adotar os blocos das seções 7 e 8, com até quatro cartões e dois gráficos; confirmar a data-base do filtro, o recorte inicial e a regra de progresso do cronograma divulgado. |";B01 B02 B13;B01;C0 + C1;B14 B15;"Planejamento novo; decisões ainda não homologadas";Consultar D01-D11 e B01 quando houver proposta/conflito;"Mapeado; implementação não realizada nesta entrega";"A preencher na execução; ver critérios e saída obrigatória do bloco"
PER-L0304;;audita-planejamento-perfis-permissoes-dashboards-v0.1.md;0.1;304;12. Decisões propostas para validação;Decisão/proposta;**Próximo passo:** revisar este planejamento, registrar os ajustes e definir a versão aprovada. A implementação deverá começar somente após autorização para executar no sistema.;B01 B02 B13;B01;C0 + C1;B14 B15;"Planejamento novo; decisões ainda não homologadas";Consultar D01-D11 e B01 quando houver proposta/conflito;"Mapeado; implementação não realizada nesta entrega";"A preencher na execução; ver critérios e saída obrigatória do bloco"
PER-L0308;;audita-planejamento-perfis-permissoes-dashboards-v0.1.md;0.1;308;13. Histórico do planejamento;Requisito/regra e contexto da fonte;| Versão | Data | Alteração |;B01;B01;C0 + C1;B14 B15;"Planejamento novo; decisões ainda não homologadas";Consultar D01-D11 e B01 quando houver proposta/conflito;"Mapeado; implementação não realizada nesta entrega";"A preencher na execução; ver critérios e saída obrigatória do bloco"
PER-L0310;;audita-planejamento-perfis-permissoes-dashboards-v0.1.md;0.1;310;13. Histórico do planejamento;Requisito/regra e contexto da fonte;| 0.1 | 07/10/2026 | Proposta inicial dos quatro perfis, permissões, visões por aba, dashboards, isolamento entre organizações e etapas de implementação. Aguardando validação. |;B01;B01;C0 + C1;B14 B15;"Planejamento novo; decisões ainda não homologadas";Consultar D01-D11 e B01 quando houver proposta/conflito;"Mapeado; implementação não realizada nesta entrega";"A preencher na execução; ver critérios e saída obrigatória do bloco"
PLA-L0003;;audita-pro-planejamento-plano-auditoria-v0.1.md;0.1;3;Preâmbulo;"Contexto/reutilização; conferir contra baseline atual";**Produto:** Audita PRO;B01;B01;C0 + C1;B14 B15;"Planejamento novo; decisões ainda não homologadas";Consultar D01-D11 e B01 quando houver proposta/conflito;"Mapeado; implementação não realizada nesta entrega";"A preencher na execução; ver critérios e saída obrigatória do bloco"
PLA-L0004;;audita-pro-planejamento-plano-auditoria-v0.1.md;0.1;4;Preâmbulo;"Contexto/reutilização; conferir contra baseline atual";**Versão deste planejamento:** 0.1 — 06/10/2026;B01;B01;C0 + C1;B14 B15;"Planejamento novo; decisões ainda não homologadas";Consultar D01-D11 e B01 quando houver proposta/conflito;"Mapeado; implementação não realizada nesta entrega";"A preencher na execução; ver critérios e saída obrigatória do bloco"
PLA-L0005;;audita-pro-planejamento-plano-auditoria-v0.1.md;0.1;5;Preâmbulo;"Contexto/reutilização; conferir contra baseline atual";"**Situação:** documento para validação; implementação futura.";B01;B01;C0 + C1;B14 B15;"Planejamento novo; decisões ainda não homologadas";Consultar D01-D11 e B01 quando houver proposta/conflito;"Mapeado; implementação não realizada nesta entrega";"A preencher na execução; ver critérios e saída obrigatória do bloco"
PLA-L0009;;audita-pro-planejamento-plano-auditoria-v0.1.md;0.1;9;1. Objetivo e contexto;"Contexto/reutilização; conferir contra baseline atual";Transformar as orientações do arquivo **PLANO DE AUDITORIA.txt** em um fluxo funcional para elaborar, validar, emitir, revisar e executar o Plano de Auditoria no Audita PRO.;B00 B01;B00;C0;B14 B15;Diferença confirmada entre migrations remotas e código local/GitHub;Consultar D01-D11 e B01 quando houver proposta/conflito;"Mapeado; implementação não realizada nesta entrega";"A preencher na execução; ver critérios e saída obrigatória do bloco"
PLA-L0011;;audita-pro-planejamento-plano-auditoria-v0.1.md;0.1;11;1. Objetivo e contexto;"Contexto/reutilização; conferir contra baseline atual";"A **Audita** é a empresa prestadora de serviços; o **Audita PRO** é seu aplicativo. O fluxo deve atender à operação inicial com um único profissional, permitindo posteriormente a participação de clientes e auditores de apoio. O mesmo profissional pode administrar a plataforma e conduzir uma auditoria, sem necessidade de criar um segundo aprovador fictício.";B00 B01;B00;C0;B14 B15;Diferença confirmada entre migrations remotas e código local/GitHub;Consultar D01-D11 e B01 quando houver proposta/conflito;"Mapeado; implementação não realizada nesta entrega";"A preencher na execução; ver critérios e saída obrigatória do bloco"
PLA-L0013;;audita-pro-planejamento-plano-auditoria-v0.1.md;0.1;13;1. Objetivo e contexto;"Contexto/reutilização; conferir contra baseline atual";"O plano será a referência da execução: define o que será auditado, onde, quando e por quem. O checklist registra os resultados; o RDA demonstra o realizado em cada dia; o relatório final consolida a auditoria encerrada.";B00 B01;B00;C0;B14 B15;Diferença confirmada entre migrations remotas e código local/GitHub;Consultar D01-D11 e B01 quando houver proposta/conflito;"Mapeado; implementação não realizada nesta entrega";"A preencher na execução; ver critérios e saída obrigatória do bloco"
PLA-L0017;;audita-pro-planejamento-plano-auditoria-v0.1.md;0.1;17;1. Objetivo e contexto / Base e limites desta análise;"Contexto/reutilização; conferir contra baseline atual";- Anexo `PLANO DE AUDITORIA.txt`, lido integralmente.;B00 B01;B00;C0;B14 B15;Diferença confirmada entre migrations remotas e código local/GitHub;Consultar D01-D11 e B01 quando houver proposta/conflito;"Mapeado; implementação não realizada nesta entrega";"A preencher na execução; ver critérios e saída obrigatória do bloco"
PLA-L0018;;audita-pro-planejamento-plano-auditoria-v0.1.md;0.1;18;1. Objetivo e contexto / Base e limites desta análise;"Contexto/reutilização; conferir contra baseline atual";- Planejamento anterior de Auditorias, documentação da entrega e código local do cronograma/modelos.;B00 B01;B00;C0;B14 B15;Diferença confirmada entre migrations remotas e código local/GitHub;Consultar D01-D11 e B01 quando houver proposta/conflito;"Mapeado; implementação não realizada nesta entrega";"A preencher na execução; ver critérios e saída obrigatória do bloco"
PLA-L0019;;audita-pro-planejamento-plano-auditoria-v0.1.md;0.1;19;1. Objetivo e contexto / Base e limites desta análise;"Contexto/reutilização; conferir contra baseline atual";"- Planejamento do RDA v0.1, utilizado para manter coerência entre os documentos; suas propostas continuam sujeitas à validação.";B00 B01;B00;C0;B14 B15;Diferença confirmada entre migrations remotas e código local/GitHub;Consultar D01-D11 e B01 quando houver proposta/conflito;"Mapeado; implementação não realizada nesta entrega";"A preencher na execução; ver critérios e saída obrigatória do bloco"
PLA-L0020;;audita-pro-planejamento-plano-auditoria-v0.1.md;0.1;20;1. Objetivo e contexto / Base e limites desta análise;"Contexto/reutilização; conferir contra baseline atual";- Não houve nova consulta ao banco remoto, alteração de código, execução de migrations ou envio de notificações. As instruções do anexo foram tratadas como requisitos para planejamento.;B00 B01;B00;C0;B14 B15;Diferença confirmada entre migrations remotas e código local/GitHub;Consultar D01-D11 e B01 quando houver proposta/conflito;"Mapeado; implementação não realizada nesta entrega";"A preencher na execução; ver critérios e saída obrigatória do bloco"
PLA-L0044;;audita-pro-planejamento-plano-auditoria-v0.1.md;0.1;44;2. Fluxo proposto;Requisito/regra e contexto da fonte;É possível preparar um rascunho enquanto se aguarda o FPA. A validação final fica bloqueada até que o FPA tenha sido solicitado, recebido e analisado como suficiente pelo condutor.;B06 B07 B09 B10;B06;C3 + C1;B14 B15;"Cabeçalho parcial; critérios no banco; FPA/código cliente não identificados";Consultar D01-D11 e B01 quando houver proposta/conflito;"Mapeado; implementação não realizada nesta entrega";"A preencher na execução; ver critérios e saída obrigatória do bloco"
PLA-L0046;;audita-pro-planejamento-plano-auditoria-v0.1.md;0.1;46;2. Fluxo proposto;Requisito/regra e contexto da fonte;O cliente deve ser selecionado antes de salvar a auditoria. Isso adapta a ordem ilustrativa do anexo à arquitetura existente e evita auditorias sem organização definida.;B06 B07 B09 B10;B06;C3 + C1;B14 B15;"Cabeçalho parcial; critérios no banco; FPA/código cliente não identificados";Consultar D01-D11 e B01 quando houver proposta/conflito;"Mapeado; implementação não realizada nesta entrega";"A preencher na execução; ver critérios e saída obrigatória do bloco"
PLA-L0050;;audita-pro-planejamento-plano-auditoria-v0.1.md;0.1;50;3. Reutilização da estrutura atual;"Contexto/reutilização; conferir contra baseline atual";| Tema | O que existe no código local | Evolução planejada |;B00 B01;B00;C0;B14 B15;Diferença confirmada entre migrations remotas e código local/GitHub;Consultar D01-D11 e B01 quando houver proposta/conflito;"Mapeado; implementação não realizada nesta entrega";"A preencher na execução; ver critérios e saída obrigatória do bloco"
PLA-L0052;;audita-pro-planejamento-plano-auditoria-v0.1.md;0.1;52;3. Reutilização da estrutura atual;"Contexto/reutilização; conferir contra baseline atual";"| Empresas e vínculos | Organizações, unidades, usuários e autorizações | Aproveitar cadastro; verificar/adicionar código permanente do cliente |";B00 B01;B00;C0;B14 B15;Diferença confirmada entre migrations remotas e código local/GitHub;Consultar D01-D11 e B01 quando houver proposta/conflito;"Mapeado; implementação não realizada nesta entrega";"A preencher na execução; ver critérios e saída obrigatória do bloco"
PLA-L0053;;audita-pro-planejamento-plano-auditoria-v0.1.md;0.1;53;3. Reutilização da estrutura atual;"Contexto/reutilização; conferir contra baseline atual";"| Auditoria | Código, responsável, objetivo, escopo e classificação | Preservar registro; padronizar códigos novos e campos do cabeçalho |";B00 B01;B00;C0;B14 B15;Diferença confirmada entre migrations remotas e código local/GitHub;Consultar D01-D11 e B01 quando houver proposta/conflito;"Mapeado; implementação não realizada nesta entrega";"A preencher na execução; ver critérios e saída obrigatória do bloco"
PLA-L0054;;audita-pro-planejamento-plano-auditoria-v0.1.md;0.1;54;3. Reutilização da estrutura atual;"Contexto/reutilização; conferir contra baseline atual";| Critérios | Catálogo de tipos e vínculo principal com um tipo/modelo | Seleção múltipla e composição de auditoria integrada |;B00 B01;B00;C0;B14 B15;Diferença confirmada entre migrations remotas e código local/GitHub;Consultar D01-D11 e B01 quando houver proposta/conflito;"Mapeado; implementação não realizada nesta entrega";"A preencher na execução; ver critérios e saída obrigatória do bloco"
PLA-L0055;;audita-pro-planejamento-plano-auditoria-v0.1.md;0.1;55;3. Reutilização da estrutura atual;"Contexto/reutilização; conferir contra baseline atual";| Cronograma | Datas, horários, processos, categorias, requisitos e versões | Local por linha, equipe por atividade, duplicação, ordenação e cópia assistida |;B00 B01;B00;C0;B14 B15;Diferença confirmada entre migrations remotas e código local/GitHub;Consultar D01-D11 e B01 quando houver proposta/conflito;"Mapeado; implementação não realizada nesta entrega";"A preencher na execução; ver critérios e saída obrigatória do bloco"
PLA-L0056;;audita-pro-planejamento-plano-auditoria-v0.1.md;0.1;56;3. Reutilização da estrutura atual;"Contexto/reutilização; conferir contra baseline atual";| Período | Datas derivadas do cronograma no fluxo atual | Período informado pelo condutor e validado contra as atividades |;B00 B01;B00;C0;B14 B15;Diferença confirmada entre migrations remotas e código local/GitHub;Consultar D01-D11 e B01 quando houver proposta/conflito;"Mapeado; implementação não realizada nesta entrega";"A preencher na execução; ver critérios e saída obrigatória do bloco"
PLA-L0057;;audita-pro-planejamento-plano-auditoria-v0.1.md;0.1;57;3. Reutilização da estrutura atual;"Contexto/reutilização; conferir contra baseline atual";| FPA | Não foi identificado fluxo dedicado nas fontes examinadas | Solicitação, recebimento, análise e histórico vinculados à auditoria |;B00 B01;B00;C0;B14 B15;Diferença confirmada entre migrations remotas e código local/GitHub;Consultar D01-D11 e B01 quando houver proposta/conflito;"Mapeado; implementação não realizada nesta entrega";"A preencher na execução; ver critérios e saída obrigatória do bloco"
PLA-L0058;;audita-pro-planejamento-plano-auditoria-v0.1.md;0.1;58;3. Reutilização da estrutura atual;"Contexto/reutilização; conferir contra baseline atual";| Revisões | Versões do plano e movimentos já existem | Congelar também cabeçalho, equipe, escopo, notas e PDF |;B00 B01;B00;C0;B14 B15;Diferença confirmada entre migrations remotas e código local/GitHub;Consultar D01-D11 e B01 quando houver proposta/conflito;"Mapeado; implementação não realizada nesta entrega";"A preencher na execução; ver critérios e saída obrigatória do bloco"
PLA-L0059;;audita-pro-planejamento-plano-auditoria-v0.1.md;0.1;59;3. Reutilização da estrutura atual;"Contexto/reutilização; conferir contra baseline atual";| Impressão | Impressão simples do plano no navegador | PDF oficial gerado e preservado por revisão |;B00 B01;B00;C0;B14 B15;Diferença confirmada entre migrations remotas e código local/GitHub;Consultar D01-D11 e B01 quando houver proposta/conflito;"Mapeado; implementação não realizada nesta entrega";"A preencher na execução; ver critérios e saída obrigatória do bloco"
PLA-L0060;;audita-pro-planejamento-plano-auditoria-v0.1.md;0.1;60;3. Reutilização da estrutura atual;"Contexto/reutilização; conferir contra baseline atual";| Execução | Condução, avaliações, presenças e encerramento diário | Manter integração e explicitar previsão, execução e trabalho transferido |;B00 B01;B00;C0;B14 B15;Diferença confirmada entre migrations remotas e código local/GitHub;Consultar D01-D11 e B01 quando houver proposta/conflito;"Mapeado; implementação não realizada nesta entrega";"A preencher na execução; ver critérios e saída obrigatória do bloco"
PLA-L0062;;audita-pro-planejamento-plano-auditoria-v0.1.md;0.1;62;3. Reutilização da estrutura atual;"Contexto/reutilização; conferir contra baseline atual";Não criar outra tabela de auditorias, empresas, usuários ou planos se a estrutura existente puder ser estendida. A estrutura definitiva será confirmada na inspeção do schema antes da implementação.;B00 B01;B00;C0;B14 B15;Diferença confirmada entre migrations remotas e código local/GitHub;Consultar D01-D11 e B01 quando houver proposta/conflito;"Mapeado; implementação não realizada nesta entrega";"A preencher na execução; ver critérios e saída obrigatória do bloco"
PLA-L0068;;audita-pro-planejamento-plano-auditoria-v0.1.md;0.1;68;4. Identificação e códigos / Cliente;Requisito/regra e contexto da fonte;- Gerar automaticamente um código permanente ao cadastrar uma organização cliente, usando formato a validar, por exemplo `CLI-0001`.;B03 B06;B03;C1;B14 B15;"Contrato 3 existente; unidade, corte temporal e fórmulas a harmonizar";Consultar D01-D11 e B01 quando houver proposta/conflito;"Mapeado; implementação não realizada nesta entrega";"A preencher na execução; ver critérios e saída obrigatória do bloco"
PLA-L0069;;audita-pro-planejamento-plano-auditoria-v0.1.md;0.1;69;4. Identificação e códigos / Cliente;Requisito/regra e contexto da fonte;- Ser único em toda a operação da Audita, imutável para edição manual e independente do nome/CNPJ.;B03 B06;B03;C1;B14 B15;"Contrato 3 existente; unidade, corte temporal e fórmulas a harmonizar";Consultar D01-D11 e B01 quando houver proposta/conflito;"Mapeado; implementação não realizada nesta entrega";"A preencher na execução; ver critérios e saída obrigatória do bloco"
PLA-L0070;;audita-pro-planejamento-plano-auditoria-v0.1.md;0.1;70;4. Identificação e códigos / Cliente;Requisito/regra e contexto da fonte;- O mesmo cliente mantém seu código em todas as auditorias.;B03 B06;B03;C1;B14 B15;"Contrato 3 existente; unidade, corte temporal e fórmulas a harmonizar";Consultar D01-D11 e B01 quando houver proposta/conflito;"Mapeado; implementação não realizada nesta entrega";"A preencher na execução; ver critérios e saída obrigatória do bloco"
PLA-L0071;;audita-pro-planejamento-plano-auditoria-v0.1.md;0.1;71;4. Identificação e códigos / Cliente;Requisito/regra e contexto da fonte;- Inativação ou exclusão lógica não libera o código para reutilização.;B03 B06;B03;C1;B14 B15;"Contrato 3 existente; unidade, corte temporal e fórmulas a harmonizar";Consultar D01-D11 e B01 quando houver proposta/conflito;"Mapeado; implementação não realizada nesta entrega";"A preencher na execução; ver critérios e saída obrigatória do bloco"
PLA-L0072;;audita-pro-planejamento-plano-auditoria-v0.1.md;0.1;72;4. Identificação e códigos / Cliente;Requisito/regra e contexto da fonte;- Clientes existentes receberão código apenas se ainda não houver equivalente válido, por migração controlada.;B03 B06;B03;C1;B14 B15;"Contrato 3 existente; unidade, corte temporal e fórmulas a harmonizar";Consultar D01-D11 e B01 quando houver proposta/conflito;"Mapeado; implementação não realizada nesta entrega";"A preencher na execução; ver critérios e saída obrigatória do bloco"
PLA-L0073;;audita-pro-planejamento-plano-auditoria-v0.1.md;0.1;73;4. Identificação e códigos / Cliente;Requisito/regra e contexto da fonte;- Unidade/local de execução não se torna automaticamente outro cliente. Preservar a estrutura de unidades e seus vínculos.;B03 B06;B03;C1;B14 B15;"Contrato 3 existente; unidade, corte temporal e fórmulas a harmonizar";Consultar D01-D11 e B01 quando houver proposta/conflito;"Mapeado; implementação não realizada nesta entrega";"A preencher na execução; ver critérios e saída obrigatória do bloco"
PLA-L0077;;audita-pro-planejamento-plano-auditoria-v0.1.md;0.1;77;4. Identificação e códigos / Auditoria;Requisito/regra e contexto da fonte;- Gerar um código único ao criar a auditoria, por exemplo `AUD-2026-0001`. Os formatos citados são propostas, não valores fixos.;B03 B06;B03;C1;B14 B15;"Contrato 3 existente; unidade, corte temporal e fórmulas a harmonizar";Consultar D01-D11 e B01 quando houver proposta/conflito;"Mapeado; implementação não realizada nesta entrega";"A preencher na execução; ver critérios e saída obrigatória do bloco"
PLA-L0078;;audita-pro-planejamento-plano-auditoria-v0.1.md;0.1;78;4. Identificação e códigos / Auditoria;Requisito/regra e contexto da fonte;- Nova auditoria do mesmo cliente recebe novo código. Nova revisão do plano da mesma auditoria mantém o código da auditoria.;B03 B06;B03;C1;B14 B15;"Contrato 3 existente; unidade, corte temporal e fórmulas a harmonizar";Consultar D01-D11 e B01 quando houver proposta/conflito;"Mapeado; implementação não realizada nesta entrega";"A preencher na execução; ver critérios e saída obrigatória do bloco"
PLA-L0079;;audita-pro-planejamento-plano-auditoria-v0.1.md;0.1;79;4. Identificação e códigos / Auditoria;Requisito/regra e contexto da fonte;- Preservar códigos já utilizados em registros ou documentos existentes.;B03 B06;B03;C1;B14 B15;"Contrato 3 existente; unidade, corte temporal e fórmulas a harmonizar";Consultar D01-D11 e B01 quando houver proposta/conflito;"Mapeado; implementação não realizada nesta entrega";"A preencher na execução; ver critérios e saída obrigatória do bloco"
PLA-L0080;;audita-pro-planejamento-plano-auditoria-v0.1.md;0.1;80;4. Identificação e códigos / Auditoria;Requisito/regra e contexto da fonte;- Impedir alteração manual e reutilização após cancelamento/inativação.;B03 B06;B03;C1;B14 B15;"Contrato 3 existente; unidade, corte temporal e fórmulas a harmonizar";Consultar D01-D11 e B01 quando houver proposta/conflito;"Mapeado; implementação não realizada nesta entrega";"A preencher na execução; ver critérios e saída obrigatória do bloco"
PLA-L0081;;audita-pro-planejamento-plano-auditoria-v0.1.md;0.1;81;4. Identificação e códigos / Auditoria;Requisito/regra e contexto da fonte;- Geração no servidor, com restrição de unicidade e operação segura para cadastros simultâneos. Não usar apenas a contagem de registros da tela.;B03 B06;B03;C1;B14 B15;"Contrato 3 existente; unidade, corte temporal e fórmulas a harmonizar";Consultar D01-D11 e B01 quando houver proposta/conflito;"Mapeado; implementação não realizada nesta entrega";"A preencher na execução; ver critérios e saída obrigatória do bloco"
PLA-L0082;;audita-pro-planejamento-plano-auditoria-v0.1.md;0.1;82;4. Identificação e códigos / Auditoria;Requisito/regra e contexto da fonte;"- Lacunas na sequência são aceitáveis; não renumerar documentos para eliminá-las.";B03 B06;B03;C1;B14 B15;"Contrato 3 existente; unidade, corte temporal e fórmulas a harmonizar";Consultar D01-D11 e B01 quando houver proposta/conflito;"Mapeado; implementação não realizada nesta entrega";"A preencher na execução; ver critérios e saída obrigatória do bloco"
PLA-L0083;;audita-pro-planejamento-plano-auditoria-v0.1.md;0.1;83;4. Identificação e códigos / Auditoria;Requisito/regra e contexto da fonte;"- Identificadores técnicos internos continuam sendo as chaves dos relacionamentos; o código legível serve à consulta e aos documentos.";B03 B06;B03;C1;B14 B15;"Contrato 3 existente; unidade, corte temporal e fórmulas a harmonizar";Consultar D01-D11 e B01 quando houver proposta/conflito;"Mapeado; implementação não realizada nesta entrega";"A preencher na execução; ver critérios e saída obrigatória do bloco"
PLA-L0085;;audita-pro-planejamento-plano-auditoria-v0.1.md;0.1;85;4. Identificação e códigos / Auditoria;Requisito/regra e contexto da fonte;Exemplo: `CLI-0001` pode ter `AUD-2026-0001` e `AUD-2026-0042`. A segunda revisão do primeiro plano continua pertencendo a `AUD-2026-0001`, identificada como `Rev.01`.;B03 B06;B03;C1;B14 B15;"Contrato 3 existente; unidade, corte temporal e fórmulas a harmonizar";Consultar D01-D11 e B01 quando houver proposta/conflito;"Mapeado; implementação não realizada nesta entrega";"A preencher na execução; ver critérios e saída obrigatória do bloco"
PLA-L0089;;audita-pro-planejamento-plano-auditoria-v0.1.md;0.1;89;5. Formulário do plano;Requisito/regra e contexto da fonte;"Todos os campos solicitados são obrigatórios **para validar**, mas o rascunho pode ser salvo incompleto. Campos automáticos precisam existir e estar corretos; não serão digitados novamente pelo condutor.";B06;B06;C3 + C1;B14 B15;"Cabeçalho parcial; critérios no banco; FPA/código cliente não identificados";Consultar D01-D11 e B01 quando houver proposta/conflito;"Mapeado; implementação não realizada nesta entrega";"A preencher na execução; ver critérios e saída obrigatória do bloco"
PLA-L0091;;audita-pro-planejamento-plano-auditoria-v0.1.md;0.1;91;5. Formulário do plano;Requisito/regra e contexto da fonte;| Campo | Preenchimento e regra |;B06;B06;C3 + C1;B14 B15;"Cabeçalho parcial; critérios no banco; FPA/código cliente não identificados";Consultar D01-D11 e B01 quando houver proposta/conflito;"Mapeado; implementação não realizada nesta entrega";"A preencher na execução; ver critérios e saída obrigatória do bloco"
PLA-L0093;;audita-pro-planejamento-plano-auditoria-v0.1.md;0.1;93;5. Formulário do plano;Requisito/regra e contexto da fonte;"| Cliente | Pesquisar por nome e selecionar organização cadastrada; permitir CNPJ/código como apoio de pesquisa |";B06;B06;C3 + C1;B14 B15;"Cabeçalho parcial; critérios no banco; FPA/código cliente não identificados";Consultar D01-D11 e B01 quando houver proposta/conflito;"Mapeado; implementação não realizada nesta entrega";"A preencher na execução; ver critérios e saída obrigatória do bloco"
PLA-L0094;;audita-pro-planejamento-plano-auditoria-v0.1.md;0.1;94;5. Formulário do plano;Requisito/regra e contexto da fonte;"| Período da auditoria | Data inicial e final informadas pelo condutor; aceitar um ou vários dias, incluindo datas não consecutivas |";B06;B06;C3 + C1;B14 B15;"Cabeçalho parcial; critérios no banco; FPA/código cliente não identificados";Consultar D01-D11 e B01 quando houver proposta/conflito;"Mapeado; implementação não realizada nesta entrega";"A preencher na execução; ver critérios e saída obrigatória do bloco"
PLA-L0095;;audita-pro-planejamento-plano-auditoria-v0.1.md;0.1;95;5. Formulário do plano;Requisito/regra e contexto da fonte;"| Norma / Critério de Auditoria | Seleção de um ou mais critérios ativos do catálogo; registrar edição/referência quando cadastrada |";B06;B06;C3 + C1;B14 B15;"Cabeçalho parcial; critérios no banco; FPA/código cliente não identificados";Consultar D01-D11 e B01 quando houver proposta/conflito;"Mapeado; implementação não realizada nesta entrega";"A preencher na execução; ver critérios e saída obrigatória do bloco"
PLA-L0096;;audita-pro-planejamento-plano-auditoria-v0.1.md;0.1;96;5. Formulário do plano;Requisito/regra e contexto da fonte;| Natureza | Exatamente 1ª parte, 2ª parte ou 3ª parte |;B06;B06;C3 + C1;B14 B15;"Cabeçalho parcial; critérios no banco; FPA/código cliente não identificados";Consultar D01-D11 e B01 quando houver proposta/conflito;"Mapeado; implementação não realizada nesta entrega";"A preencher na execução; ver critérios e saída obrigatória do bloco"
PLA-L0097;;audita-pro-planejamento-plano-auditoria-v0.1.md;0.1;97;5. Formulário do plano;Requisito/regra e contexto da fonte;"| Localização — endereço | Preencher com endereço do cliente; permitir selecionar unidade/local efetivamente auditado, sem alterar silenciosamente o cadastro da empresa |";B06;B06;C3 + C1;B14 B15;"Cabeçalho parcial; critérios no banco; FPA/código cliente não identificados";Consultar D01-D11 e B01 quando houver proposta/conflito;"Mapeado; implementação não realizada nesta entrega";"A preencher na execução; ver critérios e saída obrigatória do bloco"
PLA-L0098;;audita-pro-planejamento-plano-auditoria-v0.1.md;0.1;98;5. Formulário do plano;Requisito/regra e contexto da fonte;"| Tipo de Avaliação | Inicial, Certificação, Manutenção, Recertificação, Follow-up, Diagnóstico ou Outra; “Outra” exige descrição |";B06;B06;C3 + C1;B14 B15;"Cabeçalho parcial; critérios no banco; FPA/código cliente não identificados";Consultar D01-D11 e B01 quando houver proposta/conflito;"Mapeado; implementação não realizada nesta entrega";"A preencher na execução; ver critérios e saída obrigatória do bloco"
PLA-L0099;;audita-pro-planejamento-plano-auditoria-v0.1.md;0.1;99;5. Formulário do plano;Requisito/regra e contexto da fonte;| Objetivo da Auditoria | Texto manual do condutor |;B06;B06;C3 + C1;B14 B15;"Cabeçalho parcial; critérios no banco; FPA/código cliente não identificados";Consultar D01-D11 e B01 quando houver proposta/conflito;"Mapeado; implementação não realizada nesta entrega";"A preencher na execução; ver critérios e saída obrigatória do bloco"
PLA-L0100;;audita-pro-planejamento-plano-auditoria-v0.1.md;0.1;100;5. Formulário do plano;Requisito/regra e contexto da fonte;| Código da Auditoria | Automático e não editável |;B06;B06;C3 + C1;B14 B15;"Cabeçalho parcial; critérios no banco; FPA/código cliente não identificados";Consultar D01-D11 e B01 quando houver proposta/conflito;"Mapeado; implementação não realizada nesta entrega";"A preencher na execução; ver critérios e saída obrigatória do bloco"
PLA-L0101;;audita-pro-planejamento-plano-auditoria-v0.1.md;0.1;101;5. Formulário do plano;Requisito/regra e contexto da fonte;| Cliente — código | Automático a partir do cliente selecionado |;B06;B06;C3 + C1;B14 B15;"Cabeçalho parcial; critérios no banco; FPA/código cliente não identificados";Consultar D01-D11 e B01 quando houver proposta/conflito;"Mapeado; implementação não realizada nesta entrega";"A preencher na execução; ver critérios e saída obrigatória do bloco"
PLA-L0102;;audita-pro-planejamento-plano-auditoria-v0.1.md;0.1;102;5. Formulário do plano;Requisito/regra e contexto da fonte;"| Equipe auditora | Selecionar usuários cadastrados e habilitados para a função; incluir explicitamente o condutor |";B06;B06;C3 + C1;B14 B15;"Cabeçalho parcial; critérios no banco; FPA/código cliente não identificados";Consultar D01-D11 e B01 quando houver proposta/conflito;"Mapeado; implementação não realizada nesta entrega";"A preencher na execução; ver critérios e saída obrigatória do bloco"
PLA-L0103;;audita-pro-planejamento-plano-auditoria-v0.1.md;0.1;103;5. Formulário do plano;Requisito/regra e contexto da fonte;"| Outros participantes em nome da AUDITA | Texto manual obrigatório ou `N/A`; nomes em texto não criam contas nem concedem acesso |";B06;B06;C3 + C1;B14 B15;"Cabeçalho parcial; critérios no banco; FPA/código cliente não identificados";Consultar D01-D11 e B01 quando houver proposta/conflito;"Mapeado; implementação não realizada nesta entrega";"A preencher na execução; ver critérios e saída obrigatória do bloco"
PLA-L0104;;audita-pro-planejamento-plano-auditoria-v0.1.md;0.1;104;5. Formulário do plano;Requisito/regra e contexto da fonte;| Comentários | Texto manual obrigatório ou `N/A` |;B06;B06;C3 + C1;B14 B15;"Cabeçalho parcial; critérios no banco; FPA/código cliente não identificados";Consultar D01-D11 e B01 quando houver proposta/conflito;"Mapeado; implementação não realizada nesta entrega";"A preencher na execução; ver critérios e saída obrigatória do bloco"
PLA-L0105;;audita-pro-planejamento-plano-auditoria-v0.1.md;0.1;105;5. Formulário do plano;Requisito/regra e contexto da fonte;| Escopo da Auditoria | Texto manual obrigatório, apresentado após a tabela do cronograma, conforme solicitado |;B06;B06;C3 + C1;B14 B15;"Cabeçalho parcial; critérios no banco; FPA/código cliente não identificados";Consultar D01-D11 e B01 quando houver proposta/conflito;"Mapeado; implementação não realizada nesta entrega";"A preencher na execução; ver critérios e saída obrigatória do bloco"
PLA-L0107;;audita-pro-planejamento-plano-auditoria-v0.1.md;0.1;107;5. Formulário do plano;Requisito/regra e contexto da fonte;Nos campos **Outros participantes em nome da AUDITA** e **Comentários**, exibir a orientação: *Caso não se aplique, informar “N/A”.* Usar fonte itálica e cor secundária discreta, mantendo contraste legível. A orientação deve permanecer acessível mesmo após digitar, em vez de depender somente de placeholder.;B06;B06;C3 + C1;B14 B15;"Cabeçalho parcial; critérios no banco; FPA/código cliente não identificados";Consultar D01-D11 e B01 quando houver proposta/conflito;"Mapeado; implementação não realizada nesta entrega";"A preencher na execução; ver critérios e saída obrigatória do bloco"
PLA-L0111;;audita-pro-planejamento-plano-auditoria-v0.1.md;0.1;111;5. Formulário do plano / Vocabulário consolidado;Requisito/regra e contexto da fonte;Este anexo resolve uma dúvida do planejamento do RDA:;B06;B06;C3 + C1;B14 B15;"Cabeçalho parcial; critérios no banco; FPA/código cliente não identificados";Consultar D01-D11 e B01 quando houver proposta/conflito;"Mapeado; implementação não realizada nesta entrega";"A preencher na execução; ver critérios e saída obrigatória do bloco"
PLA-L0113;;audita-pro-planejamento-plano-auditoria-v0.1.md;0.1;113;5. Formulário do plano / Vocabulário consolidado;Requisito/regra e contexto da fonte;- **Natureza:** primeira/segunda/terceira parte.;B06;B06;C3 + C1;B14 B15;"Cabeçalho parcial; critérios no banco; FPA/código cliente não identificados";Consultar D01-D11 e B01 quando houver proposta/conflito;"Mapeado; implementação não realizada nesta entrega";"A preencher na execução; ver critérios e saída obrigatória do bloco"
PLA-L0114;;audita-pro-planejamento-plano-auditoria-v0.1.md;0.1;114;5. Formulário do plano / Vocabulário consolidado;Requisito/regra e contexto da fonte;- **Tipo de avaliação:** Inicial/Certificação/Manutenção/Recertificação/Follow-up/Diagnóstico/Outra.;B06;B06;C3 + C1;B14 B15;"Cabeçalho parcial; critérios no banco; FPA/código cliente não identificados";Consultar D01-D11 e B01 quando houver proposta/conflito;"Mapeado; implementação não realizada nesta entrega";"A preencher na execução; ver critérios e saída obrigatória do bloco"
PLA-L0115;;audita-pro-planejamento-plano-auditoria-v0.1.md;0.1;115;5. Formulário do plano / Vocabulário consolidado;Requisito/regra e contexto da fonte;- **Norma/critério:** referências utilizadas na avaliação, uma ou várias.;B06;B06;C3 + C1;B14 B15;"Cabeçalho parcial; critérios no banco; FPA/código cliente não identificados";Consultar D01-D11 e B01 quando houver proposta/conflito;"Mapeado; implementação não realizada nesta entrega";"A preencher na execução; ver critérios e saída obrigatória do bloco"
PLA-L0116;;audita-pro-planejamento-plano-auditoria-v0.1.md;0.1;116;5. Formulário do plano / Vocabulário consolidado;Requisito/regra e contexto da fonte;"- **Modalidade:** presencial/remota/híbrida, quando utilizada no cadastro atual; não substituirá os campos anteriores.";B06;B06;C3 + C1;B14 B15;"Cabeçalho parcial; critérios no banco; FPA/código cliente não identificados";Consultar D01-D11 e B01 quando houver proposta/conflito;"Mapeado; implementação não realizada nesta entrega";"A preencher na execução; ver critérios e saída obrigatória do bloco"
PLA-L0118;;audita-pro-planejamento-plano-auditoria-v0.1.md;0.1;118;5. Formulário do plano / Vocabulário consolidado;Requisito/regra e contexto da fonte;Os documentos futuros devem utilizar o mesmo vocabulário. Valores legados, como uma finalidade textual “Interna”, não serão convertidos automaticamente para “Inicial” ou outra opção sem uma correspondência confiável.;B06;B06;C3 + C1;B14 B15;"Cabeçalho parcial; critérios no banco; FPA/código cliente não identificados";Consultar D01-D11 e B01 quando houver proposta/conflito;"Mapeado; implementação não realizada nesta entrega";"A preencher na execução; ver critérios e saída obrigatória do bloco"
PLA-L0120;;audita-pro-planejamento-plano-auditoria-v0.1.md;0.1;120;5. Formulário do plano / Vocabulário consolidado;Requisito/regra e contexto da fonte;O tipo “Certificação” identifica a finalidade da auditoria, sem significar que a empresa já foi certificada. O plano não contém resultado antecipado.;B06;B06;C3 + C1;B14 B15;"Cabeçalho parcial; critérios no banco; FPA/código cliente não identificados";Consultar D01-D11 e B01 quando houver proposta/conflito;"Mapeado; implementação não realizada nesta entrega";"A preencher na execução; ver critérios e saída obrigatória do bloco"
PLA-L0124;;audita-pro-planejamento-plano-auditoria-v0.1.md;0.1;124;6. Auditoria integrada e checklist;Requisito/regra e contexto da fonte;Exemplo: selecionar ISO 14001 e ISO 45001 em uma mesma auditoria.;B06 B03;B06;C3 + C1;B14 B15;"Cabeçalho parcial; critérios no banco; FPA/código cliente não identificados";Consultar D01-D11 e B01 quando houver proposta/conflito;"Mapeado; implementação não realizada nesta entrega";"A preencher na execução; ver critérios e saída obrigatória do bloco"
PLA-L0126;;audita-pro-planejamento-plano-auditoria-v0.1.md;0.1;126;6. Auditoria integrada e checklist;Requisito/regra e contexto da fonte;- Uma organização, um código de auditoria e um plano podem conter vários critérios.;B06 B03;B06;C3 + C1;B14 B15;"Cabeçalho parcial; critérios no banco; FPA/código cliente não identificados";Consultar D01-D11 e B01 quando houver proposta/conflito;"Mapeado; implementação não realizada nesta entrega";"A preencher na execução; ver critérios e saída obrigatória do bloco"
PLA-L0127;;audita-pro-planejamento-plano-auditoria-v0.1.md;0.1;127;6. Auditoria integrada e checklist;Requisito/regra e contexto da fonte;- Associar uma ou mais versões publicadas dos modelos de checklist correspondentes, reutilizando a estrutura atual de checklists vinculados à auditoria.;B06 B03;B06;C3 + C1;B14 B15;"Cabeçalho parcial; critérios no banco; FPA/código cliente não identificados";Consultar D01-D11 e B01 quando houver proposta/conflito;"Mapeado; implementação não realizada nesta entrega";"A preencher na execução; ver critérios e saída obrigatória do bloco"
PLA-L0128;;audita-pro-planejamento-plano-auditoria-v0.1.md;0.1;128;6. Auditoria integrada e checklist;Requisito/regra e contexto da fonte;- Cada requisito conserva a norma/critério e a versão de origem. “4.1 da ISO 14001” e “4.1 da ISO 45001” não são o mesmo registro.;B06 B03;B06;C3 + C1;B14 B15;"Cabeçalho parcial; critérios no banco; FPA/código cliente não identificados";Consultar D01-D11 e B01 quando houver proposta/conflito;"Mapeado; implementação não realizada nesta entrega";"A preencher na execução; ver critérios e saída obrigatória do bloco"
PLA-L0129;;audita-pro-planejamento-plano-auditoria-v0.1.md;0.1;129;6. Auditoria integrada e checklist;Requisito/regra e contexto da fonte;"- Uma atividade pode abranger requisitos de vários critérios e processos; as avaliações devem preservar suas identidades.";B06 B03;B06;C3 + C1;B14 B15;"Cabeçalho parcial; critérios no banco; FPA/código cliente não identificados";Consultar D01-D11 e B01 quando houver proposta/conflito;"Mapeado; implementação não realizada nesta entrega";"A preencher na execução; ver critérios e saída obrigatória do bloco"
PLA-L0130;;audita-pro-planejamento-plano-auditoria-v0.1.md;0.1;130;6. Auditoria integrada e checklist;Requisito/regra e contexto da fonte;- Não mesclar requisitos só porque possuem o mesmo número ou texto semelhante.;B06 B03;B06;C3 + C1;B14 B15;"Cabeçalho parcial; critérios no banco; FPA/código cliente não identificados";Consultar D01-D11 e B01 quando houver proposta/conflito;"Mapeado; implementação não realizada nesta entrega";"A preencher na execução; ver critérios e saída obrigatória do bloco"
PLA-L0131;;audita-pro-planejamento-plano-auditoria-v0.1.md;0.1;131;6. Auditoria integrada e checklist;Requisito/regra e contexto da fonte;"- Não copiar novamente um requisito a cada duplicação de linha; duplicar o planejamento com referência ao requisito, sem multiplicar indevidamente o escopo.";B06 B03;B06;C3 + C1;B14 B15;"Cabeçalho parcial; critérios no banco; FPA/código cliente não identificados";Consultar D01-D11 e B01 quando houver proposta/conflito;"Mapeado; implementação não realizada nesta entrega";"A preencher na execução; ver critérios e saída obrigatória do bloco"
PLA-L0132;;audita-pro-planejamento-plano-auditoria-v0.1.md;0.1;132;6. Auditoria integrada e checklist;Requisito/regra e contexto da fonte;- Critérios/modelos novos continuam sendo cadastrados pelo Administrador. O condutor seleciona e aplica os modelos autorizados.;B06 B03;B06;C3 + C1;B14 B15;"Cabeçalho parcial; critérios no banco; FPA/código cliente não identificados";Consultar D01-D11 e B01 quando houver proposta/conflito;"Mapeado; implementação não realizada nesta entrega";"A preencher na execução; ver critérios e saída obrigatória do bloco"
PLA-L0133;;audita-pro-planejamento-plano-auditoria-v0.1.md;0.1;133;6. Auditoria integrada e checklist;Requisito/regra e contexto da fonte;- Alterar um modelo publicado não muda auditorias já criadas com a versão anterior.;B06 B03;B06;C3 + C1;B14 B15;"Cabeçalho parcial; critérios no banco; FPA/código cliente não identificados";Consultar D01-D11 e B01 quando houver proposta/conflito;"Mapeado; implementação não realizada nesta entrega";"A preencher na execução; ver critérios e saída obrigatória do bloco"
PLA-L0134;;audita-pro-planejamento-plano-auditoria-v0.1.md;0.1;134;6. Auditoria integrada e checklist;Requisito/regra e contexto da fonte;"- Remover um critério depois de iniciada a execução exige revisão de escopo e análise dos registros relacionados; não apagar avaliações/evidências já realizadas.";B06 B03;B06;C3 + C1;B14 B15;"Cabeçalho parcial; critérios no banco; FPA/código cliente não identificados";Consultar D01-D11 e B01 quando houver proposta/conflito;"Mapeado; implementação não realizada nesta entrega";"A preencher na execução; ver critérios e saída obrigatória do bloco"
PLA-L0136;;audita-pro-planejamento-plano-auditoria-v0.1.md;0.1;136;6. Auditoria integrada e checklist;Requisito/regra e contexto da fonte;A seleção múltipla é uma evolução real do fluxo atual, que apresenta um tipo/modelo principal. Não basta trocar o campo visual por uma caixa de seleção múltipla: criação, relacionamentos, listagens, Dashboard, cronograma e documentos precisam compreender todos os critérios.;B06 B03;B06;C3 + C1;B14 B15;"Cabeçalho parcial; critérios no banco; FPA/código cliente não identificados";Consultar D01-D11 e B01 quando houver proposta/conflito;"Mapeado; implementação não realizada nesta entrega";"A preencher na execução; ver critérios e saída obrigatória do bloco"
PLA-L0138;;audita-pro-planejamento-plano-auditoria-v0.1.md;0.1;138;6. Auditoria integrada e checklist;Requisito/regra e contexto da fonte;O conteúdo detalhado e a metodologia do checklist serão refinados em seu planejamento próprio. Não serão preenchidos textos normativos fictícios.;B06 B03;B06;C3 + C1;B14 B15;"Cabeçalho parcial; critérios no banco; FPA/código cliente não identificados";Consultar D01-D11 e B01 quando houver proposta/conflito;"Mapeado; implementação não realizada nesta entrega";"A preencher na execução; ver critérios e saída obrigatória do bloco"
PLA-L0144;;audita-pro-planejamento-plano-auditoria-v0.1.md;0.1;144;7. Cronograma editável / Colunas visíveis do plano;Requisito/regra e contexto da fonte;| Coluna | Regra |;B07;B07;C3 + C1;B14 B15;"Cronograma e movimentos existentes; evolução parcial pendente";Consultar D01-D11 e B01 quando houver proposta/conflito;"Mapeado; implementação não realizada nesta entrega";"A preencher na execução; ver critérios e saída obrigatória do bloco"
PLA-L0146;;audita-pro-planejamento-plano-auditoria-v0.1.md;0.1;146;7. Cronograma editável / Colunas visíveis do plano;Requisito/regra e contexto da fonte;| Localização | Local/unidade/endereço da atividade, sugerido pelo cabeçalho e ajustável por linha |;B07;B07;C3 + C1;B14 B15;"Cronograma e movimentos existentes; evolução parcial pendente";Consultar D01-D11 e B01 quando houver proposta/conflito;"Mapeado; implementação não realizada nesta entrega";"A preencher na execução; ver critérios e saída obrigatória do bloco"
PLA-L0147;;audita-pro-planejamento-plano-auditoria-v0.1.md;0.1;147;7. Cronograma editável / Colunas visíveis do plano;Requisito/regra e contexto da fonte;| Data | Data planejada, dentro do período informado |;B07;B07;C3 + C1;B14 B15;"Cronograma e movimentos existentes; evolução parcial pendente";Consultar D01-D11 e B01 quando houver proposta/conflito;"Mapeado; implementação não realizada nesta entrega";"A preencher na execução; ver critérios e saída obrigatória do bloco"
PLA-L0148;;audita-pro-planejamento-plano-auditoria-v0.1.md;0.1;148;7. Cronograma editável / Colunas visíveis do plano;Requisito/regra e contexto da fonte;"| Horário | Início e término; validar duração positiva e ordem dos horários |";B07;B07;C3 + C1;B14 B15;"Cronograma e movimentos existentes; evolução parcial pendente";Consultar D01-D11 e B01 quando houver proposta/conflito;"Mapeado; implementação não realizada nesta entrega";"A preencher na execução; ver critérios e saída obrigatória do bloco"
PLA-L0149;;audita-pro-planejamento-plano-auditoria-v0.1.md;0.1;149;7. Cronograma editável / Colunas visíveis do plano;Requisito/regra e contexto da fonte;| Área / Departamento / Funções / Processos / Aspectos / Atividades | Descrição clara do trabalho, com vínculo estruturado ao processo quando aplicável |;B07;B07;C3 + C1;B14 B15;"Cronograma e movimentos existentes; evolução parcial pendente";Consultar D01-D11 e B01 quando houver proposta/conflito;"Mapeado; implementação não realizada nesta entrega";"A preencher na execução; ver critérios e saída obrigatória do bloco"
PLA-L0150;;audita-pro-planejamento-plano-auditoria-v0.1.md;0.1;150;7. Cronograma editável / Colunas visíveis do plano;Requisito/regra e contexto da fonte;| Auditor | Condutor e/ou auditores de apoio participantes daquela atividade, selecionados da equipe |;B07;B07;C3 + C1;B14 B15;"Cronograma e movimentos existentes; evolução parcial pendente";Consultar D01-D11 e B01 quando houver proposta/conflito;"Mapeado; implementação não realizada nesta entrega";"A preencher na execução; ver critérios e saída obrigatória do bloco"
PLA-L0152;;audita-pro-planejamento-plano-auditoria-v0.1.md;0.1;152;7. Cronograma editável / Colunas visíveis do plano;Requisito/regra e contexto da fonte;No detalhe da linha, manter categoria — abertura, avaliação, reunião, encerramento, intervalo ou outra —, requisitos/critério vinculados e observações pertinentes. Reuniões e intervalos não exigem requisito normativo artificial.;B07;B07;C3 + C1;B14 B15;"Cronograma e movimentos existentes; evolução parcial pendente";Consultar D01-D11 e B01 quando houver proposta/conflito;"Mapeado; implementação não realizada nesta entrega";"A preencher na execução; ver critérios e saída obrigatória do bloco"
PLA-L0156;;audita-pro-planejamento-plano-auditoria-v0.1.md;0.1;156;7. Cronograma editável / Ações;Requisito/regra e contexto da fonte;- Adicionar, remover, duplicar e reordenar linhas.;B07;B07;C3 + C1;B14 B15;"Cronograma e movimentos existentes; evolução parcial pendente";Consultar D01-D11 e B01 quando houver proposta/conflito;"Mapeado; implementação não realizada nesta entrega";"A preencher na execução; ver critérios e saída obrigatória do bloco"
PLA-L0157;;audita-pro-planejamento-plano-auditoria-v0.1.md;0.1;157;7. Cronograma editável / Ações;Requisito/regra e contexto da fonte;"- Disponibilizar botões Subir/Descer; arrastar pode ser complementar, nunca a única forma de ordenar.";B07;B07;C3 + C1;B14 B15;"Cronograma e movimentos existentes; evolução parcial pendente";Consultar D01-D11 e B01 quando houver proposta/conflito;"Mapeado; implementação não realizada nesta entrega";"A preencher na execução; ver critérios e saída obrigatória do bloco"
PLA-L0158;;audita-pro-planejamento-plano-auditoria-v0.1.md;0.1;158;7. Cronograma editável / Ações;Requisito/regra e contexto da fonte;- Copiar para o próximo horário: sugerir início no término da linha original e preservar duração, permitindo ajuste.;B07;B07;C3 + C1;B14 B15;"Cronograma e movimentos existentes; evolução parcial pendente";Consultar D01-D11 e B01 quando houver proposta/conflito;"Mapeado; implementação não realizada nesta entrega";"A preencher na execução; ver critérios e saída obrigatória do bloco"
PLA-L0159;;audita-pro-planejamento-plano-auditoria-v0.1.md;0.1;159;7. Cronograma editável / Ações;Requisito/regra e contexto da fonte;- Copiar para outro dia: permitir escolher a data de destino, inclusive o próximo dia efetivamente planejado. Não assumir que uma auditoria continua no dia corrido seguinte.;B07;B07;C3 + C1;B14 B15;"Cronograma e movimentos existentes; evolução parcial pendente";Consultar D01-D11 e B01 quando houver proposta/conflito;"Mapeado; implementação não realizada nesta entrega";"A preencher na execução; ver critérios e saída obrigatória do bloco"
PLA-L0160;;audita-pro-planejamento-plano-auditoria-v0.1.md;0.1;160;7. Cronograma editável / Ações;Requisito/regra e contexto da fonte;- A cópia recebe nova identidade de atividade e não copia execução, evidências, presença ou estado de conclusão.;B07;B07;C3 + C1;B14 B15;"Cronograma e movimentos existentes; evolução parcial pendente";Consultar D01-D11 e B01 quando houver proposta/conflito;"Mapeado; implementação não realizada nesta entrega";"A preencher na execução; ver critérios e saída obrigatória do bloco"
PLA-L0161;;audita-pro-planejamento-plano-auditoria-v0.1.md;0.1;161;7. Cronograma editável / Ações;Requisito/regra e contexto da fonte;- Remover linha de rascunho sem histórico operacional é permitido. Após publicação, a retirada é uma alteração controlada, preservando a versão anterior e os registros associados.;B07;B07;C3 + C1;B14 B15;"Cronograma e movimentos existentes; evolução parcial pendente";Consultar D01-D11 e B01 quando houver proposta/conflito;"Mapeado; implementação não realizada nesta entrega";"A preencher na execução; ver critérios e saída obrigatória do bloco"
PLA-L0165;;audita-pro-planejamento-plano-auditoria-v0.1.md;0.1;165;7. Cronograma editável / Datas, ordenação e conflitos;Requisito/regra e contexto da fonte;- Várias atividades podem ocorrer no mesmo dia, em horários diferentes.;B07;B07;C3 + C1;B14 B15;"Cronograma e movimentos existentes; evolução parcial pendente";Consultar D01-D11 e B01 quando houver proposta/conflito;"Mapeado; implementação não realizada nesta entrega";"A preencher na execução; ver critérios e saída obrigatória do bloco"
PLA-L0166;;audita-pro-planejamento-plano-auditoria-v0.1.md;0.1;166;7. Cronograma editável / Datas, ordenação e conflitos;Requisito/regra e contexto da fonte;- Intervalos entre datas não geram dias auditados vazios automaticamente.;B07;B07;C3 + C1;B14 B15;"Cronograma e movimentos existentes; evolução parcial pendente";Consultar D01-D11 e B01 quando houver proposta/conflito;"Mapeado; implementação não realizada nesta entrega";"A preencher na execução; ver critérios e saída obrigatória do bloco"
PLA-L0167;;audita-pro-planejamento-plano-auditoria-v0.1.md;0.1;167;7. Cronograma editável / Datas, ordenação e conflitos;Requisito/regra e contexto da fonte;- Manter ordem manual de apresentação, mas calcular o dia cronológico pela data auditada. A ordenação da tela não pode mudar a identidade de um dia ou de um RDA já emitido.;B07;B07;C3 + C1;B14 B15;"Cronograma e movimentos existentes; evolução parcial pendente";Consultar D01-D11 e B01 quando houver proposta/conflito;"Mapeado; implementação não realizada nesta entrega";"A preencher na execução; ver critérios e saída obrigatória do bloco"
PLA-L0168;;audita-pro-planejamento-plano-auditoria-v0.1.md;0.1;168;7. Cronograma editável / Datas, ordenação e conflitos;Requisito/regra e contexto da fonte;- Sinalizar linhas fora de ordem cronológica e sobreposição de horários. Não reordenar silenciosamente o que o condutor organizou.;B07;B07;C3 + C1;B14 B15;"Cronograma e movimentos existentes; evolução parcial pendente";Consultar D01-D11 e B01 quando houver proposta/conflito;"Mapeado; implementação não realizada nesta entrega";"A preencher na execução; ver critérios e saída obrigatória do bloco"
PLA-L0169;;audita-pro-planejamento-plano-auditoria-v0.1.md;0.1;169;7. Cronograma editável / Datas, ordenação e conflitos;Requisito/regra e contexto da fonte;"- Sobreposição de atividades de um mesmo auditor gera aviso para revisão; atividades conjuntas devem ser representadas claramente. Equipes diferentes podem ter atividades simultâneas.";B07;B07;C3 + C1;B14 B15;"Cronograma e movimentos existentes; evolução parcial pendente";Consultar D01-D11 e B01 quando houver proposta/conflito;"Mapeado; implementação não realizada nesta entrega";"A preencher na execução; ver critérios e saída obrigatória do bloco"
PLA-L0170;;audita-pro-planejamento-plano-auditoria-v0.1.md;0.1;170;7. Cronograma editável / Datas, ordenação e conflitos;Requisito/regra e contexto da fonte;- Distinguir o período declarado dos horários/dias efetivamente planejados. Atividade fora do período bloqueia a validação e pede ajuste explícito das datas ou da linha.;B07;B07;C3 + C1;B14 B15;"Cronograma e movimentos existentes; evolução parcial pendente";Consultar D01-D11 e B01 quando houver proposta/conflito;"Mapeado; implementação não realizada nesta entrega";"A preencher na execução; ver critérios e saída obrigatória do bloco"
PLA-L0171;;audita-pro-planejamento-plano-auditoria-v0.1.md;0.1;171;7. Cronograma editável / Datas, ordenação e conflitos;Requisito/regra e contexto da fonte;"- A versão inicial considera atividades dentro de uma mesma data; trabalho atravessando meia-noite deve ser dividido em linhas de datas distintas, até haver tratamento próprio aprovado.";B07;B07;C3 + C1;B14 B15;"Cronograma e movimentos existentes; evolução parcial pendente";Consultar D01-D11 e B01 quando houver proposta/conflito;"Mapeado; implementação não realizada nesta entrega";"A preencher na execução; ver critérios e saída obrigatória do bloco"
PLA-L0175;;audita-pro-planejamento-plano-auditoria-v0.1.md;0.1;175;8. Equipe, responsabilidade e autorização;Requisito/regra e contexto da fonte;| Perfil | Ação proposta |;B02 B06;B02;C1;B14 B15;"Base existente; Administração global e escopo documental divergem do alvo";Consultar D01-D11 e B01 quando houver proposta/conflito;"Mapeado; implementação não realizada nesta entrega";"A preencher na execução; ver critérios e saída obrigatória do bloco"
PLA-L0177;;audita-pro-planejamento-plano-auditoria-v0.1.md;0.1;177;8. Equipe, responsabilidade e autorização;Requisito/regra e contexto da fonte;"| Administrador | Cadastrar clientes, tipos/modelos e usuários; criar auditoria/designar responsável; consultar; reatribuir com justificativa |";B02 B06;B02;C1;B14 B15;"Base existente; Administração global e escopo documental divergem do alvo";Consultar D01-D11 e B01 quando houver proposta/conflito;"Mapeado; implementação não realizada nesta entrega";"A preencher na execução; ver critérios e saída obrigatória do bloco"
PLA-L0178;;audita-pro-planejamento-plano-auditoria-v0.1.md;0.1;178;8. Equipe, responsabilidade e autorização;Requisito/regra e contexto da fonte;| Condutor designado — Auditor Líder ou Administrador | Elaborar, revisar, validar, publicar e executar o plano |;B02 B06;B02;C1;B14 B15;"Base existente; Administração global e escopo documental divergem do alvo";Consultar D01-D11 e B01 quando houver proposta/conflito;"Mapeado; implementação não realizada nesta entrega";"A preencher na execução; ver critérios e saída obrigatória do bloco"
PLA-L0179;;audita-pro-planejamento-plano-auditoria-v0.1.md;0.1;179;8. Equipe, responsabilidade e autorização;Requisito/regra e contexto da fonte;"| Auditor de apoio | Constará na equipe/atividades e documentos; consulta conforme atribuição, sem conduzir nem editar resultados |";B02 B06;B02;C1;B14 B15;"Base existente; Administração global e escopo documental divergem do alvo";Consultar D01-D11 e B01 quando houver proposta/conflito;"Mapeado; implementação não realizada nesta entrega";"A preencher na execução; ver critérios e saída obrigatória do bloco"
PLA-L0180;;audita-pro-planejamento-plano-auditoria-v0.1.md;0.1;180;8. Equipe, responsabilidade e autorização;Requisito/regra e contexto da fonte;"| Participante/auditado | Consulta do plano publicado da organização autorizada; sem edição |";B02 B06;B02;C1;B14 B15;"Base existente; Administração global e escopo documental divergem do alvo";Consultar D01-D11 e B01 quando houver proposta/conflito;"Mapeado; implementação não realizada nesta entrega";"A preencher na execução; ver critérios e saída obrigatória do bloco"
PLA-L0182;;audita-pro-planejamento-plano-auditoria-v0.1.md;0.1;182;8. Equipe, responsabilidade e autorização;Requisito/regra e contexto da fonte;Manter a regra já adotada: outro Administrador que não seja condutor pode reatribuir legitimamente a responsabilidade, mas não assume uma edição operacional sem registro.;B02 B06;B02;C1;B14 B15;"Base existente; Administração global e escopo documental divergem do alvo";Consultar D01-D11 e B01 quando houver proposta/conflito;"Mapeado; implementação não realizada nesta entrega";"A preencher na execução; ver critérios e saída obrigatória do bloco"
PLA-L0184;;audita-pro-planejamento-plano-auditoria-v0.1.md;0.1;184;8. Equipe, responsabilidade e autorização;Requisito/regra e contexto da fonte;A coluna “Auditor” e a nota sobre distribuição da equipe não alteram as permissões automaticamente. Um auditor de apoio pode acompanhar uma atividade designada, porém o registro e a validação permanecem sob responsabilidade do condutor no perfil atual. Permitir que auditores de apoio executem registros autonomamente seria uma alteração de perfis a planejar separadamente.;B02 B06;B02;C1;B14 B15;"Base existente; Administração global e escopo documental divergem do alvo";Consultar D01-D11 e B01 quando houver proposta/conflito;"Mapeado; implementação não realizada nesta entrega";"A preencher na execução; ver critérios e saída obrigatória do bloco"
PLA-L0186;;audita-pro-planejamento-plano-auditoria-v0.1.md;0.1;186;8. Equipe, responsabilidade e autorização;Requisito/regra e contexto da fonte;Selecionar profissionais exige conta ativa e qualificação/aprovação conforme as regras existentes. Não listar clientes como candidatos a condutor. Pessoas citadas em “Outros participantes” permanecem apenas referências nominais até que exista cadastro/vínculo próprio aprovado.;B02 B06;B02;C1;B14 B15;"Base existente; Administração global e escopo documental divergem do alvo";Consultar D01-D11 e B01 quando houver proposta/conflito;"Mapeado; implementação não realizada nesta entrega";"A preencher na execução; ver critérios e saída obrigatória do bloco"
PLA-L0190;;audita-pro-planejamento-plano-auditoria-v0.1.md;0.1;190;9. FPA — preparação necessária ao plano;Requisito/regra e contexto da fonte;"O FPA pertence à auditoria específica. A mesma empresa pode enviar FPAs diferentes para auditorias diferentes; um formulário antigo não deverá ser considerado recebido para uma nova auditoria automaticamente.";B06;B06;C3 + C1;B14 B15;"Cabeçalho parcial; critérios no banco; FPA/código cliente não identificados";Consultar D01-D11 e B01 quando houver proposta/conflito;"Mapeado; implementação não realizada nesta entrega";"A preencher na execução; ver critérios e saída obrigatória do bloco"
PLA-L0194;;audita-pro-planejamento-plano-auditoria-v0.1.md;0.1;194;9. FPA — preparação necessária ao plano / Fluxo mínimo;Requisito/regra e contexto da fonte;| Situação | Registro necessário |;B06;B06;C3 + C1;B14 B15;"Cabeçalho parcial; critérios no banco; FPA/código cliente não identificados";Consultar D01-D11 e B01 quando houver proposta/conflito;"Mapeado; implementação não realizada nesta entrega";"A preencher na execução; ver critérios e saída obrigatória do bloco"
PLA-L0196;;audita-pro-planejamento-plano-auditoria-v0.1.md;0.1;196;9. FPA — preparação necessária ao plano / Fluxo mínimo;Requisito/regra e contexto da fonte;"| Não solicitado | Pendência visível; plano pode permanecer em rascunho |";B06;B06;C3 + C1;B14 B15;"Cabeçalho parcial; critérios no banco; FPA/código cliente não identificados";Consultar D01-D11 e B01 quando houver proposta/conflito;"Mapeado; implementação não realizada nesta entrega";"A preencher na execução; ver critérios e saída obrigatória do bloco"
PLA-L0197;;audita-pro-planejamento-plano-auditoria-v0.1.md;0.1;197;9. FPA — preparação necessária ao plano / Fluxo mínimo;Requisito/regra e contexto da fonte;| Solicitado | Data, responsável pela solicitação, destinatário e prazo combinado |;B06;B06;C3 + C1;B14 B15;"Cabeçalho parcial; critérios no banco; FPA/código cliente não identificados";Consultar D01-D11 e B01 quando houver proposta/conflito;"Mapeado; implementação não realizada nesta entrega";"A preencher na execução; ver critérios e saída obrigatória do bloco"
PLA-L0198;;audita-pro-planejamento-plano-auditoria-v0.1.md;0.1;198;9. FPA — preparação necessária ao plano / Fluxo mínimo;Requisito/regra e contexto da fonte;| Recebido | Arquivo/resposta efetivamente recebido, data e responsável pelo recebimento |;B06;B06;C3 + C1;B14 B15;"Cabeçalho parcial; critérios no banco; FPA/código cliente não identificados";Consultar D01-D11 e B01 quando houver proposta/conflito;"Mapeado; implementação não realizada nesta entrega";"A preencher na execução; ver critérios e saída obrigatória do bloco"
PLA-L0199;;audita-pro-planejamento-plano-auditoria-v0.1.md;0.1;199;9. FPA — preparação necessária ao plano / Fluxo mínimo;Requisito/regra e contexto da fonte;| Em análise | Revisão pelo condutor |;B06;B06;C3 + C1;B14 B15;"Cabeçalho parcial; critérios no banco; FPA/código cliente não identificados";Consultar D01-D11 e B01 quando houver proposta/conflito;"Mapeado; implementação não realizada nesta entrega";"A preencher na execução; ver critérios e saída obrigatória do bloco"
PLA-L0200;;audita-pro-planejamento-plano-auditoria-v0.1.md;0.1;200;9. FPA — preparação necessária ao plano / Fluxo mínimo;Requisito/regra e contexto da fonte;| Complementação solicitada | Questões pendentes, destinatário, prazo e histórico |;B06;B06;C3 + C1;B14 B15;"Cabeçalho parcial; critérios no banco; FPA/código cliente não identificados";Consultar D01-D11 e B01 quando houver proposta/conflito;"Mapeado; implementação não realizada nesta entrega";"A preencher na execução; ver critérios e saída obrigatória do bloco"
PLA-L0201;;audita-pro-planejamento-plano-auditoria-v0.1.md;0.1;201;9. FPA — preparação necessária ao plano / Fluxo mínimo;Requisito/regra e contexto da fonte;| Analisado — suficiente para planejar | Confirmação do condutor e versão do FPA utilizada |;B06;B06;C3 + C1;B14 B15;"Cabeçalho parcial; critérios no banco; FPA/código cliente não identificados";Consultar D01-D11 e B01 quando houver proposta/conflito;"Mapeado; implementação não realizada nesta entrega";"A preencher na execução; ver critérios e saída obrigatória do bloco"
PLA-L0203;;audita-pro-planejamento-plano-auditoria-v0.1.md;0.1;203;9. FPA — preparação necessária ao plano / Fluxo mínimo;Requisito/regra e contexto da fonte;**Proposta simples para o piloto:** registrar solicitação e receber o FPA como documento privado anexado à auditoria, permitindo ao condutor registrar um recebimento externo. O status “Recebido” não será apenas uma caixa marcada sem comprovação. O formulário online completo poderá ser planejado posteriormente, sem atrasar o controle mínimo obrigatório.;B06;B06;C3 + C1;B14 B15;"Cabeçalho parcial; critérios no banco; FPA/código cliente não identificados";Consultar D01-D11 e B01 quando houver proposta/conflito;"Mapeado; implementação não realizada nesta entrega";"A preencher na execução; ver critérios e saída obrigatória do bloco"
PLA-L0205;;audita-pro-planejamento-plano-auditoria-v0.1.md;0.1;205;9. FPA — preparação necessária ao plano / Fluxo mínimo;Requisito/regra e contexto da fonte;Se houver upload pelo cliente, essa será uma permissão específica de **envio de FPA**, sujeita à validação, e não autorização geral para editar a auditoria ou enviar evidências. Até aprovar essa expansão, o condutor poderá registrar o arquivo recebido externamente.;B06;B06;C3 + C1;B14 B15;"Cabeçalho parcial; critérios no banco; FPA/código cliente não identificados";Consultar D01-D11 e B01 quando houver proposta/conflito;"Mapeado; implementação não realizada nesta entrega";"A preencher na execução; ver critérios e saída obrigatória do bloco"
PLA-L0207;;audita-pro-planejamento-plano-auditoria-v0.1.md;0.1;207;9. FPA — preparação necessária ao plano / Fluxo mínimo;Requisito/regra e contexto da fonte;O FPA deve contemplar, conforme o material enviado: ramo de atividade, colaboradores, unidades/áreas, processos/atividades, escopo pretendido, requisitos aplicáveis e informações adicionais. Seus campos não serão redesenhados neste plano sem um modelo próprio.;B06;B06;C3 + C1;B14 B15;"Cabeçalho parcial; critérios no banco; FPA/código cliente não identificados";Consultar D01-D11 e B01 quando houver proposta/conflito;"Mapeado; implementação não realizada nesta entrega";"A preencher na execução; ver critérios e saída obrigatória do bloco"
PLA-L0209;;audita-pro-planejamento-plano-auditoria-v0.1.md;0.1;209;9. FPA — preparação necessária ao plano / Fluxo mínimo;Requisito/regra e contexto da fonte;O vínculo ao FPA analisado fará parte do controle da revisão do plano. Se surgir uma nova versão com impacto no escopo ou cronograma, o condutor deverá avaliar e registrar a necessidade de revisar o plano.;B06;B06;C3 + C1;B14 B15;"Cabeçalho parcial; critérios no banco; FPA/código cliente não identificados";Consultar D01-D11 e B01 quando houver proposta/conflito;"Mapeado; implementação não realizada nesta entrega";"A preencher na execução; ver critérios e saída obrigatória do bloco"
PLA-L0211;;audita-pro-planejamento-plano-auditoria-v0.1.md;0.1;211;9. FPA — preparação necessária ao plano / Fluxo mínimo;Requisito/regra e contexto da fonte;Não incluir automaticamente o FPA completo no PDF do plano nem liberá-lo a todos os leitores. A consulta ao FPA pode exigir autorização mais restrita que a consulta ao planejamento publicado.;B06;B06;C3 + C1;B14 B15;"Cabeçalho parcial; critérios no banco; FPA/código cliente não identificados";Consultar D01-D11 e B01 quando houver proposta/conflito;"Mapeado; implementação não realizada nesta entrega";"A preencher na execução; ver critérios e saída obrigatória do bloco"
PLA-L0217;;audita-pro-planejamento-plano-auditoria-v0.1.md;0.1;217;10. Revisão, validação e emissão / Lista de validação obrigatória;Requisito/regra e contexto da fonte;1. Cliente válido selecionado e código do cliente existente.;B09 B08;B09;C3;B14 B15;"Versões do plano existentes; publicação/PDF completo pendentes";Consultar D01-D11 e B01 quando houver proposta/conflito;"Mapeado; implementação não realizada nesta entrega";"A preencher na execução; ver critérios e saída obrigatória do bloco"
PLA-L0218;;audita-pro-planejamento-plano-auditoria-v0.1.md;0.1;218;10. Revisão, validação e emissão / Lista de validação obrigatória;Requisito/regra e contexto da fonte;2. Código da auditoria gerado.;B09 B08;B09;C3;B14 B15;"Versões do plano existentes; publicação/PDF completo pendentes";Consultar D01-D11 e B01 quando houver proposta/conflito;"Mapeado; implementação não realizada nesta entrega";"A preencher na execução; ver critérios e saída obrigatória do bloco"
PLA-L0219;;audita-pro-planejamento-plano-auditoria-v0.1.md;0.1;219;10. Revisão, validação e emissão / Lista de validação obrigatória;Requisito/regra e contexto da fonte;3. Localização preenchida.;B09 B08;B09;C3;B14 B15;"Versões do plano existentes; publicação/PDF completo pendentes";Consultar D01-D11 e B01 quando houver proposta/conflito;"Mapeado; implementação não realizada nesta entrega";"A preencher na execução; ver critérios e saída obrigatória do bloco"
PLA-L0220;;audita-pro-planejamento-plano-auditoria-v0.1.md;0.1;220;10. Revisão, validação e emissão / Lista de validação obrigatória;Requisito/regra e contexto da fonte;4. Período definido, com data inicial não posterior à final.;B09 B08;B09;C3;B14 B15;"Versões do plano existentes; publicação/PDF completo pendentes";Consultar D01-D11 e B01 quando houver proposta/conflito;"Mapeado; implementação não realizada nesta entrega";"A preencher na execução; ver critérios e saída obrigatória do bloco"
PLA-L0221;;audita-pro-planejamento-plano-auditoria-v0.1.md;0.1;221;10. Revisão, validação e emissão / Lista de validação obrigatória;Requisito/regra e contexto da fonte;5. Pelo menos uma norma/critério definido.;B09 B08;B09;C3;B14 B15;"Versões do plano existentes; publicação/PDF completo pendentes";Consultar D01-D11 e B01 quando houver proposta/conflito;"Mapeado; implementação não realizada nesta entrega";"A preencher na execução; ver critérios e saída obrigatória do bloco"
PLA-L0222;;audita-pro-planejamento-plano-auditoria-v0.1.md;0.1;222;10. Revisão, validação e emissão / Lista de validação obrigatória;Requisito/regra e contexto da fonte;"6. Natureza e tipo de avaliação definidos; descrição de “Outra” quando necessária.";B09 B08;B09;C3;B14 B15;"Versões do plano existentes; publicação/PDF completo pendentes";Consultar D01-D11 e B01 quando houver proposta/conflito;"Mapeado; implementação não realizada nesta entrega";"A preencher na execução; ver critérios e saída obrigatória do bloco"
PLA-L0223;;audita-pro-planejamento-plano-auditoria-v0.1.md;0.1;223;10. Revisão, validação e emissão / Lista de validação obrigatória;Requisito/regra e contexto da fonte;7. Equipe auditora definida, incluindo condutor habilitado.;B09 B08;B09;C3;B14 B15;"Versões do plano existentes; publicação/PDF completo pendentes";Consultar D01-D11 e B01 quando houver proposta/conflito;"Mapeado; implementação não realizada nesta entrega";"A preencher na execução; ver critérios e saída obrigatória do bloco"
PLA-L0224;;audita-pro-planejamento-plano-auditoria-v0.1.md;0.1;224;10. Revisão, validação e emissão / Lista de validação obrigatória;Requisito/regra e contexto da fonte;8. Outros participantes e comentários preenchidos, aceitando `N/A` nesses campos.;B09 B08;B09;C3;B14 B15;"Versões do plano existentes; publicação/PDF completo pendentes";Consultar D01-D11 e B01 quando houver proposta/conflito;"Mapeado; implementação não realizada nesta entrega";"A preencher na execução; ver critérios e saída obrigatória do bloco"
PLA-L0225;;audita-pro-planejamento-plano-auditoria-v0.1.md;0.1;225;10. Revisão, validação e emissão / Lista de validação obrigatória;Requisito/regra e contexto da fonte;9. Objetivo e escopo preenchidos.;B09 B08;B09;C3;B14 B15;"Versões do plano existentes; publicação/PDF completo pendentes";Consultar D01-D11 e B01 quando houver proposta/conflito;"Mapeado; implementação não realizada nesta entrega";"A preencher na execução; ver critérios e saída obrigatória do bloco"
PLA-L0226;;audita-pro-planejamento-plano-auditoria-v0.1.md;0.1;226;10. Revisão, validação e emissão / Lista de validação obrigatória;Requisito/regra e contexto da fonte;10. Cronograma com pelo menos uma atividade válida.;B09 B08;B09;C3;B14 B15;"Versões do plano existentes; publicação/PDF completo pendentes";Consultar D01-D11 e B01 quando houver proposta/conflito;"Mapeado; implementação não realizada nesta entrega";"A preencher na execução; ver critérios e saída obrigatória do bloco"
PLA-L0227;;audita-pro-planejamento-plano-auditoria-v0.1.md;0.1;227;10. Revisão, validação e emissão / Lista de validação obrigatória;Requisito/regra e contexto da fonte;11. Cada linha com localização, data, início/término, descrição e auditor da equipe.;B09 B08;B09;C3;B14 B15;"Versões do plano existentes; publicação/PDF completo pendentes";Consultar D01-D11 e B01 quando houver proposta/conflito;"Mapeado; implementação não realizada nesta entrega";"A preencher na execução; ver critérios e saída obrigatória do bloco"
PLA-L0228;;audita-pro-planejamento-plano-auditoria-v0.1.md;0.1;228;10. Revisão, validação e emissão / Lista de validação obrigatória;Requisito/regra e contexto da fonte;12. Datas compatíveis com o período e durações válidas.;B09 B08;B09;C3;B14 B15;"Versões do plano existentes; publicação/PDF completo pendentes";Consultar D01-D11 e B01 quando houver proposta/conflito;"Mapeado; implementação não realizada nesta entrega";"A preencher na execução; ver critérios e saída obrigatória do bloco"
PLA-L0229;;audita-pro-planejamento-plano-auditoria-v0.1.md;0.1;229;10. Revisão, validação e emissão / Lista de validação obrigatória;Requisito/regra e contexto da fonte;13. Requisitos selecionados pertencentes aos critérios/modelos da auditoria e distribuídos conforme o escopo previsto.;B09 B08;B09;C3;B14 B15;"Versões do plano existentes; publicação/PDF completo pendentes";Consultar D01-D11 e B01 quando houver proposta/conflito;"Mapeado; implementação não realizada nesta entrega";"A preencher na execução; ver critérios e saída obrigatória do bloco"
PLA-L0230;;audita-pro-planejamento-plano-auditoria-v0.1.md;0.1;230;10. Revisão, validação e emissão / Lista de validação obrigatória;Requisito/regra e contexto da fonte;14. FPA solicitado, recebido e analisado como suficiente.;B09 B08;B09;C3;B14 B15;"Versões do plano existentes; publicação/PDF completo pendentes";Consultar D01-D11 e B01 quando houver proposta/conflito;"Mapeado; implementação não realizada nesta entrega";"A preencher na execução; ver critérios e saída obrigatória do bloco"
PLA-L0231;;audita-pro-planejamento-plano-auditoria-v0.1.md;0.1;231;10. Revisão, validação e emissão / Lista de validação obrigatória;Requisito/regra e contexto da fonte;15. Ausência de conflito de edição: a versão revisada ainda é a versão atual.;B09 B08;B09;C3;B14 B15;"Versões do plano existentes; publicação/PDF completo pendentes";Consultar D01-D11 e B01 quando houver proposta/conflito;"Mapeado; implementação não realizada nesta entrega";"A preencher na execução; ver critérios e saída obrigatória do bloco"
PLA-L0233;;audita-pro-planejamento-plano-auditoria-v0.1.md;0.1;233;10. Revisão, validação e emissão / Lista de validação obrigatória;Requisito/regra e contexto da fonte;O sistema mostrará os campos pendentes com atalhos para corrigi-los, preservando o preenchimento. Avisos de sobreposição serão distintos dos erros que impedem validação.;B09 B08;B09;C3;B14 B15;"Versões do plano existentes; publicação/PDF completo pendentes";Consultar D01-D11 e B01 quando houver proposta/conflito;"Mapeado; implementação não realizada nesta entrega";"A preencher na execução; ver critérios e saída obrigatória do bloco"
PLA-L0237;;audita-pro-planejamento-plano-auditoria-v0.1.md;0.1;237;10. Revisão, validação e emissão / Interface proposta;Requisito/regra e contexto da fonte;Na aba Auditorias, abrir a auditoria e acessar **Plano de Auditoria** com etapas:;B09 B08;B09;C3;B14 B15;"Versões do plano existentes; publicação/PDF completo pendentes";Consultar D01-D11 e B01 quando houver proposta/conflito;"Mapeado; implementação não realizada nesta entrega";"A preencher na execução; ver critérios e saída obrigatória do bloco"
PLA-L0239;;audita-pro-planejamento-plano-auditoria-v0.1.md;0.1;239;10. Revisão, validação e emissão / Interface proposta;Requisito/regra e contexto da fonte;**Identificação e FPA → Equipe → Cronograma → Escopo e comentários → Prévia e validação**.;B09 B08;B09;C3;B14 B15;"Versões do plano existentes; publicação/PDF completo pendentes";Consultar D01-D11 e B01 quando houver proposta/conflito;"Mapeado; implementação não realizada nesta entrega";"A preencher na execução; ver critérios e saída obrigatória do bloco"
PLA-L0241;;audita-pro-planejamento-plano-auditoria-v0.1.md;0.1;241;10. Revisão, validação e emissão / Interface proposta;Requisito/regra e contexto da fonte;Na etapa final, conferir o documento, as notas institucionais e a lista de inconsistências. A ação **Validar Plano** confirma a aprovação do condutor e inicia a geração do PDF daquela revisão.;B09 B08;B09;C3;B14 B15;"Versões do plano existentes; publicação/PDF completo pendentes";Consultar D01-D11 e B01 quando houver proposta/conflito;"Mapeado; implementação não realizada nesta entrega";"A preencher na execução; ver critérios e saída obrigatória do bloco"
PLA-L0245;;audita-pro-planejamento-plano-auditoria-v0.1.md;0.1;245;10. Revisão, validação e emissão / Estados sem ambiguidade;Requisito/regra e contexto da fonte;- **Rascunho:** editável, incompleto permitido, não disponibilizado como plano oficial ao cliente.;B09 B08;B09;C3;B14 B15;"Versões do plano existentes; publicação/PDF completo pendentes";Consultar D01-D11 e B01 quando houver proposta/conflito;"Mapeado; implementação não realizada nesta entrega";"A preencher na execução; ver critérios e saída obrigatória do bloco"
PLA-L0246;;audita-pro-planejamento-plano-auditoria-v0.1.md;0.1;246;10. Revisão, validação e emissão / Estados sem ambiguidade;Requisito/regra e contexto da fonte;"- **Validado — PDF em geração:** conteúdo congelado; preparação técnica do arquivo.";B09 B08;B09;C3;B14 B15;"Versões do plano existentes; publicação/PDF completo pendentes";Consultar D01-D11 e B01 quando houver proposta/conflito;"Mapeado; implementação não realizada nesta entrega";"A preencher na execução; ver critérios e saída obrigatória do bloco"
PLA-L0247;;audita-pro-planejamento-plano-auditoria-v0.1.md;0.1;247;10. Revisão, validação e emissão / Estados sem ambiguidade;Requisito/regra e contexto da fonte;- **Publicado — Rev.00:** versão oficial disponível com PDF íntegro.;B09 B08;B09;C3;B14 B15;"Versões do plano existentes; publicação/PDF completo pendentes";Consultar D01-D11 e B01 quando houver proposta/conflito;"Mapeado; implementação não realizada nesta entrega";"A preencher na execução; ver critérios e saída obrigatória do bloco"
PLA-L0248;;audita-pro-planejamento-plano-auditoria-v0.1.md;0.1;248;10. Revisão, validação e emissão / Estados sem ambiguidade;Requisito/regra e contexto da fonte;"- **Revisão em elaboração:** nova proposta; a versão publicada anterior continua vigente.";B09 B08;B09;C3;B14 B15;"Versões do plano existentes; publicação/PDF completo pendentes";Consultar D01-D11 e B01 quando houver proposta/conflito;"Mapeado; implementação não realizada nesta entrega";"A preencher na execução; ver critérios e saída obrigatória do bloco"
PLA-L0249;;audita-pro-planejamento-plano-auditoria-v0.1.md;0.1;249;10. Revisão, validação e emissão / Estados sem ambiguidade;Requisito/regra e contexto da fonte;- **Substituído:** versão anterior preservada, com identificação da sucessora.;B09 B08;B09;C3;B14 B15;"Versões do plano existentes; publicação/PDF completo pendentes";Consultar D01-D11 e B01 quando houver proposta/conflito;"Mapeado; implementação não realizada nesta entrega";"A preencher na execução; ver critérios e saída obrigatória do bloco"
PLA-L0251;;audita-pro-planejamento-plano-auditoria-v0.1.md;0.1;251;10. Revisão, validação e emissão / Estados sem ambiguidade;Requisito/regra e contexto da fonte;Falha de PDF será exibida como erro de processamento, com possibilidade de tentar novamente sobre o mesmo conteúdo. Não mostrar link de download inexistente nem avisar que o plano foi publicado antes de o arquivo estar disponível. Duplo clique não cria duas revisões.;B09 B08;B09;C3;B14 B15;"Versões do plano existentes; publicação/PDF completo pendentes";Consultar D01-D11 e B01 quando houver proposta/conflito;"Mapeado; implementação não realizada nesta entrega";"A preencher na execução; ver critérios e saída obrigatória do bloco"
PLA-L0253;;audita-pro-planejamento-plano-auditoria-v0.1.md;0.1;253;10. Revisão, validação e emissão / Estados sem ambiguidade;Requisito/regra e contexto da fonte;Proposta: permitir iniciar a execução depois da primeira publicação. Uma falha técnica na geração não autoriza usar rascunho como plano oficial. Em revisões, a versão anterior permanece vigente até a nova publicação, e o usuário é informado disso.;B09 B08;B09;C3;B14 B15;"Versões do plano existentes; publicação/PDF completo pendentes";Consultar D01-D11 e B01 quando houver proposta/conflito;"Mapeado; implementação não realizada nesta entrega";"A preencher na execução; ver critérios e saída obrigatória do bloco"
PLA-L0257;;audita-pro-planejamento-plano-auditoria-v0.1.md;0.1;257;11. Revisões e preservação histórica;Requisito/regra e contexto da fonte;"- Primeira emissão: `Rev.00`; alteração posterior: `Rev.01` e seguintes.";B09 B08;B09;C3;B14 B15;"Versões do plano existentes; publicação/PDF completo pendentes";Consultar D01-D11 e B01 quando houver proposta/conflito;"Mapeado; implementação não realizada nesta entrega";"A preencher na execução; ver critérios e saída obrigatória do bloco"
PLA-L0258;;audita-pro-planejamento-plano-auditoria-v0.1.md;0.1;258;11. Revisões e preservação histórica;Requisito/regra e contexto da fonte;- Pode-se manter a contagem técnica interna existente e apresentar a revisão documental iniciando em zero.;B09 B08;B09;C3;B14 B15;"Versões do plano existentes; publicação/PDF completo pendentes";Consultar D01-D11 e B01 quando houver proposta/conflito;"Mapeado; implementação não realizada nesta entrega";"A preencher na execução; ver critérios e saída obrigatória do bloco"
PLA-L0259;;audita-pro-planejamento-plano-auditoria-v0.1.md;0.1;259;11. Revisões e preservação histórica;Requisito/regra e contexto da fonte;- Toda nova revisão exige motivo, autoria e data/hora.;B09 B08;B09;C3;B14 B15;"Versões do plano existentes; publicação/PDF completo pendentes";Consultar D01-D11 e B01 quando houver proposta/conflito;"Mapeado; implementação não realizada nesta entrega";"A preencher na execução; ver critérios e saída obrigatória do bloco"
PLA-L0260;;audita-pro-planejamento-plano-auditoria-v0.1.md;0.1;260;11. Revisões e preservação histórica;Requisito/regra e contexto da fonte;- Congelar cabeçalho, cliente/código/CNPJ, endereço, período, critérios/edições, equipe, cronograma, objetivo, escopo, comentários, notas institucionais e versão do FPA de referência.;B09 B08;B09;C3;B14 B15;"Versões do plano existentes; publicação/PDF completo pendentes";Consultar D01-D11 e B01 quando houver proposta/conflito;"Mapeado; implementação não realizada nesta entrega";"A preencher na execução; ver critérios e saída obrigatória do bloco"
PLA-L0261;;audita-pro-planejamento-plano-auditoria-v0.1.md;0.1;261;11. Revisões e preservação histórica;Requisito/regra e contexto da fonte;"- Preservar PDFs anteriores; não regenerá-los com dados atuais do cadastro.";B09 B08;B09;C3;B14 B15;"Versões do plano existentes; publicação/PDF completo pendentes";Consultar D01-D11 e B01 quando houver proposta/conflito;"Mapeado; implementação não realizada nesta entrega";"A preencher na execução; ver critérios e saída obrigatória do bloco"
PLA-L0262;;audita-pro-planejamento-plano-auditoria-v0.1.md;0.1;262;11. Revisões e preservação histórica;Requisito/regra e contexto da fonte;- Alterar nome/endereço do cliente ou desativar auditor não reescreve documento antigo.;B09 B08;B09;C3;B14 B15;"Versões do plano existentes; publicação/PDF completo pendentes";Consultar D01-D11 e B01 quando houver proposta/conflito;"Mapeado; implementação não realizada nesta entrega";"A preencher na execução; ver critérios e saída obrigatória do bloco"
PLA-L0263;;audita-pro-planejamento-plano-auditoria-v0.1.md;0.1;263;11. Revisões e preservação histórica;Requisito/regra e contexto da fonte;"- Rascunhos podem ser descartados; versões emitidas não serão apagadas pela rotina comum.";B09 B08;B09;C3;B14 B15;"Versões do plano existentes; publicação/PDF completo pendentes";Consultar D01-D11 e B01 quando houver proposta/conflito;"Mapeado; implementação não realizada nesta entrega";"A preencher na execução; ver critérios e saída obrigatória do bloco"
PLA-L0264;;audita-pro-planejamento-plano-auditoria-v0.1.md;0.1;264;11. Revisões e preservação histórica;Requisito/regra e contexto da fonte;- Trocar a organização de uma auditoria já publicada não será uma edição simples: preservar seus documentos e iniciar outra auditoria quando necessário.;B09 B08;B09;C3;B14 B15;"Versões do plano existentes; publicação/PDF completo pendentes";Consultar D01-D11 e B01 quando houver proposta/conflito;"Mapeado; implementação não realizada nesta entrega";"A preencher na execução; ver critérios e saída obrigatória do bloco"
PLA-L0265;;audita-pro-planejamento-plano-auditoria-v0.1.md;0.1;265;11. Revisões e preservação histórica;Requisito/regra e contexto da fonte;"- A retenção operacional seguirá a diretriz de cinco anos já adotada no projeto; este plano não cria limpeza automática nem modifica o marco de retenção ainda a detalhar.";B09 B08;B09;C3;B14 B15;"Versões do plano existentes; publicação/PDF completo pendentes";Consultar D01-D11 e B01 quando houver proposta/conflito;"Mapeado; implementação não realizada nesta entrega";"A preencher na execução; ver critérios e saída obrigatória do bloco"
PLA-L0267;;audita-pro-planejamento-plano-auditoria-v0.1.md;0.1;267;11. Revisões e preservação histórica;Requisito/regra e contexto da fonte;No sistema, mostrar tabela com revisão, data/hora, responsável, motivo e acesso ao PDF. No PDF, incluir um resumo do controle documental antes da seção final de notas, mantendo a consulta integral do histórico na plataforma.;B09 B08;B09;C3;B14 B15;"Versões do plano existentes; publicação/PDF completo pendentes";Consultar D01-D11 e B01 quando houver proposta/conflito;"Mapeado; implementação não realizada nesta entrega";"A preencher na execução; ver critérios e saída obrigatória do bloco"
PLA-L0271;;audita-pro-planejamento-plano-auditoria-v0.1.md;0.1;271;12. Execução e ligação com o RDA;Requisito/regra e contexto da fonte;O plano publicado alimenta a agenda. O condutor abre o dia, registra a presença efetiva, acessa as atividades e seus requisitos e preenche o checklist. A equipe planejada não é automaticamente a presença real.;B07 B10 B11;B07;C3 + C1;B14 B15;"Cronograma e movimentos existentes; evolução parcial pendente";Consultar D01-D11 e B01 quando houver proposta/conflito;"Mapeado; implementação não realizada nesta entrega";"A preencher na execução; ver critérios e saída obrigatória do bloco"
PLA-L0273;;audita-pro-planejamento-plano-auditoria-v0.1.md;0.1;273;12. Execução e ligação com o RDA;Requisito/regra e contexto da fonte;O sistema deve distinguir:;B07 B10 B11;B07;C3 + C1;B14 B15;"Cronograma e movimentos existentes; evolução parcial pendente";Consultar D01-D11 e B01 quando houver proposta/conflito;"Mapeado; implementação não realizada nesta entrega";"A preencher na execução; ver critérios e saída obrigatória do bloco"
PLA-L0275;;audita-pro-planejamento-plano-auditoria-v0.1.md;0.1;275;12. Execução e ligação com o RDA;Requisito/regra e contexto da fonte;- Plano original publicado.;B07 B10 B11;B07;C3 + C1;B14 B15;"Cronograma e movimentos existentes; evolução parcial pendente";Consultar D01-D11 e B01 quando houver proposta/conflito;"Mapeado; implementação não realizada nesta entrega";"A preencher na execução; ver critérios e saída obrigatória do bloco"
PLA-L0276;;audita-pro-planejamento-plano-auditoria-v0.1.md;0.1;276;12. Execução e ligação com o RDA;Requisito/regra e contexto da fonte;- Plano vigente no início do dia.;B07 B10 B11;B07;C3 + C1;B14 B15;"Cronograma e movimentos existentes; evolução parcial pendente";Consultar D01-D11 e B01 quando houver proposta/conflito;"Mapeado; implementação não realizada nesta entrega";"A preencher na execução; ver critérios e saída obrigatória do bloco"
PLA-L0277;;audita-pro-planejamento-plano-auditoria-v0.1.md;0.1;277;12. Execução e ligação com o RDA;Requisito/regra e contexto da fonte;- Revisões e alterações ocorridas durante o dia.;B07 B10 B11;B07;C3 + C1;B14 B15;"Cronograma e movimentos existentes; evolução parcial pendente";Consultar D01-D11 e B01 quando houver proposta/conflito;"Mapeado; implementação não realizada nesta entrega";"A preencher na execução; ver critérios e saída obrigatória do bloco"
PLA-L0278;;audita-pro-planejamento-plano-auditoria-v0.1.md;0.1;278;12. Execução e ligação com o RDA;Requisito/regra e contexto da fonte;- Horários e resultados reais da execução.;B07 B10 B11;B07;C3 + C1;B14 B15;"Cronograma e movimentos existentes; evolução parcial pendente";Consultar D01-D11 e B01 quando houver proposta/conflito;"Mapeado; implementação não realizada nesta entrega";"A preencher na execução; ver critérios e saída obrigatória do bloco"
PLA-L0280;;audita-pro-planejamento-plano-auditoria-v0.1.md;0.1;280;12. Execução e ligação com o RDA;Requisito/regra e contexto da fonte;Conclusão antecipada deve registrar a realização real, sem falsificar a previsão original. Trabalho restante transferido conserva a atividade de origem, a parcela já executada, destino, motivo e autor.;B07 B10 B11;B07;C3 + C1;B14 B15;"Cronograma e movimentos existentes; evolução parcial pendente";Consultar D01-D11 e B01 quando houver proposta/conflito;"Mapeado; implementação não realizada nesta entrega";"A preencher na execução; ver critérios e saída obrigatória do bloco"
PLA-L0282;;audita-pro-planejamento-plano-auditoria-v0.1.md;0.1;282;12. Execução e ligação com o RDA;Requisito/regra e contexto da fonte;Quando houver alteração futura de escopo, norma, equipe ou período, a nova revisão vale para a continuidade autorizada. Atividades concluídas e documentos emitidos conservam sua referência original.;B07 B10 B11;B07;C3 + C1;B14 B15;"Cronograma e movimentos existentes; evolução parcial pendente";Consultar D01-D11 e B01 quando houver proposta/conflito;"Mapeado; implementação não realizada nesta entrega";"A preencher na execução; ver critérios e saída obrigatória do bloco"
PLA-L0284;;audita-pro-planejamento-plano-auditoria-v0.1.md;0.1;284;12. Execução e ligação com o RDA;Requisito/regra e contexto da fonte;Ao fechar o dia, o RDA compara previsão e execução, identifica atividades realizadas/parciais/reprogramadas/não realizadas e aponta as pendências. Uma mudança posterior no plano não altera a cópia congelada no RDA.;B07 B10 B11;B07;C3 + C1;B14 B15;"Cronograma e movimentos existentes; evolução parcial pendente";Consultar D01-D11 e B01 quando houver proposta/conflito;"Mapeado; implementação não realizada nesta entrega";"A preencher na execução; ver critérios e saída obrigatória do bloco"
PLA-L0286;;audita-pro-planejamento-plano-auditoria-v0.1.md;0.1;286;12. Execução e ligação com o RDA;Requisito/regra e contexto da fonte;O relatório final referencia o histórico dos planos e os RDAs da auditoria correta. Não deve somar indiscriminadamente contagens diárias que incluem reavaliações do mesmo item.;B07 B10 B11;B07;C3 + C1;B14 B15;"Cronograma e movimentos existentes; evolução parcial pendente";Consultar D01-D11 e B01 quando houver proposta/conflito;"Mapeado; implementação não realizada nesta entrega";"A preencher na execução; ver critérios e saída obrigatória do bloco"
PLA-L0290;;audita-pro-planejamento-plano-auditoria-v0.1.md;0.1;290;12. Execução e ligação com o RDA / Exemplo ilustrativo;Requisito/regra e contexto da fonte;Uma auditoria integrada está planejada para 10, 12 e 13 de outubro. Cada data pode conter várias atividades. Se Compras, prevista para o dia 10 às 15h, for transferida para o dia 12 às 9h:;B07 B10 B11;B07;C3 + C1;B14 B15;"Cronograma e movimentos existentes; evolução parcial pendente";Consultar D01-D11 e B01 quando houver proposta/conflito;"Mapeado; implementação não realizada nesta entrega";"A preencher na execução; ver critérios e saída obrigatória do bloco"
PLA-L0292;;audita-pro-planejamento-plano-auditoria-v0.1.md;0.1;292;12. Execução e ligação com o RDA / Exemplo ilustrativo;Requisito/regra e contexto da fonte;1. O condutor registra o motivo e publica a revisão do cronograma.;B07 B10 B11;B07;C3 + C1;B14 B15;"Cronograma e movimentos existentes; evolução parcial pendente";Consultar D01-D11 e B01 quando houver proposta/conflito;"Mapeado; implementação não realizada nesta entrega";"A preencher na execução; ver critérios e saída obrigatória do bloco"
PLA-L0293;;audita-pro-planejamento-plano-auditoria-v0.1.md;0.1;293;12. Execução e ligação com o RDA / Exemplo ilustrativo;Requisito/regra e contexto da fonte;2. A previsão original e o movimento permanecem no histórico.;B07 B10 B11;B07;C3 + C1;B14 B15;"Cronograma e movimentos existentes; evolução parcial pendente";Consultar D01-D11 e B01 quando houver proposta/conflito;"Mapeado; implementação não realizada nesta entrega";"A preencher na execução; ver critérios e saída obrigatória do bloco"
PLA-L0294;;audita-pro-planejamento-plano-auditoria-v0.1.md;0.1;294;12. Execução e ligação com o RDA / Exemplo ilustrativo;Requisito/regra e contexto da fonte;3. O RDA do dia 10 informa a transferência e o motivo.;B07 B10 B11;B07;C3 + C1;B14 B15;"Cronograma e movimentos existentes; evolução parcial pendente";Consultar D01-D11 e B01 quando houver proposta/conflito;"Mapeado; implementação não realizada nesta entrega";"A preencher na execução; ver critérios e saída obrigatória do bloco"
PLA-L0295;;audita-pro-planejamento-plano-auditoria-v0.1.md;0.1;295;12. Execução e ligação com o RDA / Exemplo ilustrativo;Requisito/regra e contexto da fonte;4. O dia 12 apresenta a demanda recebida e registra sua execução real.;B07 B10 B11;B07;C3 + C1;B14 B15;"Cronograma e movimentos existentes; evolução parcial pendente";Consultar D01-D11 e B01 quando houver proposta/conflito;"Mapeado; implementação não realizada nesta entrega";"A preencher na execução; ver critérios e saída obrigatória do bloco"
PLA-L0296;;audita-pro-planejamento-plano-auditoria-v0.1.md;0.1;296;12. Execução e ligação com o RDA / Exemplo ilustrativo;Requisito/regra e contexto da fonte;5. O RDA já emitido do dia 10 não muda quando Compras for concluída.;B07 B10 B11;B07;C3 + C1;B14 B15;"Cronograma e movimentos existentes; evolução parcial pendente";Consultar D01-D11 e B01 quando houver proposta/conflito;"Mapeado; implementação não realizada nesta entrega";"A preencher na execução; ver critérios e saída obrigatória do bloco"
PLA-L0300;;audita-pro-planejamento-plano-auditoria-v0.1.md;0.1;300;13. Disponibilização e notificações;Requisito/regra e contexto da fonte;Proposta coerente com o planejamento do RDA: usuários ativos, com cadastro/vínculo aprovado à organização cliente, consultam o plano publicado da própria organização. Profissionais internos da Audita atribuídos à auditoria e o Administrador também consultam conforme suas funções.;B09 B02 B12;B09;C3;B14 B15;"Versões do plano existentes; publicação/PDF completo pendentes";Consultar D01-D11 e B01 quando houver proposta/conflito;"Mapeado; implementação não realizada nesta entrega";"A preencher na execução; ver critérios e saída obrigatória do bloco"
PLA-L0302;;audita-pro-planejamento-plano-auditoria-v0.1.md;0.1;302;13. Disponibilização e notificações;Requisito/regra e contexto da fonte;"- Cliente não edita o plano; rascunhos ficam restritos à operação autorizada.";B09 B02 B12;B09;C3;B14 B15;"Versões do plano existentes; publicação/PDF completo pendentes";Consultar D01-D11 e B01 quando houver proposta/conflito;"Mapeado; implementação não realizada nesta entrega";"A preencher na execução; ver critérios e saída obrigatória do bloco"
PLA-L0303;;audita-pro-planejamento-plano-auditoria-v0.1.md;0.1;303;13. Disponibilização e notificações;Requisito/regra e contexto da fonte;- Selecionar uma empresa no Meu Perfil não concede acesso até a validação do vínculo.;B09 B02 B12;B09;C3;B14 B15;"Versões do plano existentes; publicação/PDF completo pendentes";Consultar D01-D11 e B01 quando houver proposta/conflito;"Mapeado; implementação não realizada nesta entrega";"A preencher na execução; ver critérios e saída obrigatória do bloco"
PLA-L0304;;audita-pro-planejamento-plano-auditoria-v0.1.md;0.1;304;13. Disponibilização e notificações;Requisito/regra e contexto da fonte;- Consulta do plano não concede automaticamente acesso ao FPA, a documentos de competência, evidências completas ou outras organizações.;B09 B02 B12;B09;C3;B14 B15;"Versões do plano existentes; publicação/PDF completo pendentes";Consultar D01-D11 e B01 quando houver proposta/conflito;"Mapeado; implementação não realizada nesta entrega";"A preencher na execução; ver critérios e saída obrigatória do bloco"
PLA-L0305;;audita-pro-planejamento-plano-auditoria-v0.1.md;0.1;305;13. Disponibilização e notificações;Requisito/regra e contexto da fonte;- A versão vigente será a padrão. Versões anteriores estarão em histórico identificado como substituído.;B09 B02 B12;B09;C3;B14 B15;"Versões do plano existentes; publicação/PDF completo pendentes";Consultar D01-D11 e B01 quando houver proposta/conflito;"Mapeado; implementação não realizada nesta entrega";"A preencher na execução; ver critérios e saída obrigatória do bloco"
PLA-L0306;;audita-pro-planejamento-plano-auditoria-v0.1.md;0.1;306;13. Disponibilização e notificações;Requisito/regra e contexto da fonte;"- Proposta: novos vínculos aprovados podem consultar o histórico publicado; inativação revoga novas consultas e downloads.";B09 B02 B12;B09;C3;B14 B15;"Versões do plano existentes; publicação/PDF completo pendentes";Consultar D01-D11 e B01 quando houver proposta/conflito;"Mapeado; implementação não realizada nesta entrega";"A preencher na execução; ver critérios e saída obrigatória do bloco"
PLA-L0308;;audita-pro-planejamento-plano-auditoria-v0.1.md;0.1;308;13. Disponibilização e notificações;Requisito/regra e contexto da fonte;Reutilizar o sino de notificações para solicitação/recebimento de FPA quando o destinatário estiver no sistema, plano publicado e revisão disponibilizada. Notificações devem apontar à auditoria/revisão correta, sem duplicidade.;B09 B02 B12;B09;C3;B14 B15;"Versões do plano existentes; publicação/PDF completo pendentes";Consultar D01-D11 e B01 quando houver proposta/conflito;"Mapeado; implementação não realizada nesta entrega";"A preencher na execução; ver critérios e saída obrigatória do bloco"
PLA-L0310;;audita-pro-planejamento-plano-auditoria-v0.1.md;0.1;310;13. Disponibilização e notificações;Requisito/regra e contexto da fonte;Envio de e-mail ao cliente é uma evolução opcional de canal, não uma obrigação de integrar novo provedor neste piloto. A implementação inicial não deverá anunciar e-mail enviado sem integração e confirmação de envio.;B09 B02 B12;B09;C3;B14 B15;"Versões do plano existentes; publicação/PDF completo pendentes";Consultar D01-D11 e B01 quando houver proposta/conflito;"Mapeado; implementação não realizada nesta entrega";"A preencher na execução; ver critérios e saída obrigatória do bloco"
PLA-L0316;;audita-pro-planejamento-plano-auditoria-v0.1.md;0.1;316;14. PDF oficial / Estrutura;Requisito/regra e contexto da fonte;1. Cabeçalho: marca da Audita e **PLANO DE AUDITORIA**.;B09 B08;B09;C3;B14 B15;"Versões do plano existentes; publicação/PDF completo pendentes";Consultar D01-D11 e B01 quando houver proposta/conflito;"Mapeado; implementação não realizada nesta entrega";"A preencher na execução; ver critérios e saída obrigatória do bloco"
PLA-L0317;;audita-pro-planejamento-plano-auditoria-v0.1.md;0.1;317;14. PDF oficial / Estrutura;Requisito/regra e contexto da fonte;2. Identificação completa e equipe.;B09 B08;B09;C3;B14 B15;"Versões do plano existentes; publicação/PDF completo pendentes";Consultar D01-D11 e B01 quando houver proposta/conflito;"Mapeado; implementação não realizada nesta entrega";"A preencher na execução; ver critérios e saída obrigatória do bloco"
PLA-L0318;;audita-pro-planejamento-plano-auditoria-v0.1.md;0.1;318;14. PDF oficial / Estrutura;Requisito/regra e contexto da fonte;3. Cronograma com as cinco colunas solicitadas.;B09 B08;B09;C3;B14 B15;"Versões do plano existentes; publicação/PDF completo pendentes";Consultar D01-D11 e B01 quando houver proposta/conflito;"Mapeado; implementação não realizada nesta entrega";"A preencher na execução; ver critérios e saída obrigatória do bloco"
PLA-L0319;;audita-pro-planejamento-plano-auditoria-v0.1.md;0.1;319;14. PDF oficial / Estrutura;Requisito/regra e contexto da fonte;4. Escopo da Auditoria, após a tabela.;B09 B08;B09;C3;B14 B15;"Versões do plano existentes; publicação/PDF completo pendentes";Consultar D01-D11 e B01 quando houver proposta/conflito;"Mapeado; implementação não realizada nesta entrega";"A preencher na execução; ver critérios e saída obrigatória do bloco"
PLA-L0320;;audita-pro-planejamento-plano-auditoria-v0.1.md;0.1;320;14. PDF oficial / Estrutura;Requisito/regra e contexto da fonte;5. Controle da revisão, comentários e informações complementares conforme organização visual aprovada.;B09 B08;B09;C3;B14 B15;"Versões do plano existentes; publicação/PDF completo pendentes";Consultar D01-D11 e B01 quando houver proposta/conflito;"Mapeado; implementação não realizada nesta entrega";"A preencher na execução; ver critérios e saída obrigatória do bloco"
PLA-L0321;;audita-pro-planejamento-plano-auditoria-v0.1.md;0.1;321;14. PDF oficial / Estrutura;Requisito/regra e contexto da fonte;6. Página final dedicada às **Notas**, com o texto do Anexo A deste planejamento.;B09 B08;B09;C3;B14 B15;"Versões do plano existentes; publicação/PDF completo pendentes";Consultar D01-D11 e B01 quando houver proposta/conflito;"Mapeado; implementação não realizada nesta entrega";"A preencher na execução; ver critérios e saída obrigatória do bloco"
PLA-L0323;;audita-pro-planejamento-plano-auditoria-v0.1.md;0.1;323;14. PDF oficial / Estrutura;Requisito/regra e contexto da fonte;Em todas as páginas, rodapé discreto:;B09 B08;B09;C3;B14 B15;"Versões do plano existentes; publicação/PDF completo pendentes";Consultar D01-D11 e B01 quando houver proposta/conflito;"Mapeado; implementação não realizada nesta entrega";"A preencher na execução; ver critérios e saída obrigatória do bloco"
PLA-L0325;;audita-pro-planejamento-plano-auditoria-v0.1.md;0.1;325;14. PDF oficial / Estrutura;Requisito/regra e contexto da fonte;> AUDITA | Plano de Auditoria;B09 B08;B09;C3;B14 B15;"Versões do plano existentes; publicação/PDF completo pendentes";Consultar D01-D11 e B01 quando houver proposta/conflito;"Mapeado; implementação não realizada nesta entrega";"A preencher na execução; ver critérios e saída obrigatória do bloco"
PLA-L0326;;audita-pro-planejamento-plano-auditoria-v0.1.md;0.1;326;14. PDF oficial / Estrutura;Requisito/regra e contexto da fonte;> [Código da auditoria] | Rev.00;B09 B08;B09;C3;B14 B15;"Versões do plano existentes; publicação/PDF completo pendentes";Consultar D01-D11 e B01 quando houver proposta/conflito;"Mapeado; implementação não realizada nesta entrega";"A preencher na execução; ver critérios e saída obrigatória do bloco"
PLA-L0327;;audita-pro-planejamento-plano-auditoria-v0.1.md;0.1;327;14. PDF oficial / Estrutura;Requisito/regra e contexto da fonte;> Página X de Y;B09 B08;B09;C3;B14 B15;"Versões do plano existentes; publicação/PDF completo pendentes";Consultar D01-D11 e B01 quando houver proposta/conflito;"Mapeado; implementação não realizada nesta entrega";"A preencher na execução; ver critérios e saída obrigatória do bloco"
PLA-L0329;;audita-pro-planejamento-plano-auditoria-v0.1.md;0.1;329;14. PDF oficial / Estrutura;Requisito/regra e contexto da fonte;"Cabeçalho consistente, tabelas com títulos repetidos quando atravessarem páginas, nomes legíveis, horários claros e ausência de cortes de texto. Validar o layout da página final para comportar integralmente as notas sem reduzir a fonte a tamanho ilegível; o restante do documento pode ter quantas páginas forem necessárias.";B09 B08;B09;C3;B14 B15;"Versões do plano existentes; publicação/PDF completo pendentes";Consultar D01-D11 e B01 quando houver proposta/conflito;"Mapeado; implementação não realizada nesta entrega";"A preencher na execução; ver critérios e saída obrigatória do bloco"
PLA-L0331;;audita-pro-planejamento-plano-auditoria-v0.1.md;0.1;331;14. PDF oficial / Estrutura;Requisito/regra e contexto da fonte;Preservar o texto institucional do anexo nesta versão. Mudanças futuras nas notas exigem controle da versão do modelo documental e não modificam PDFs anteriores.;B09 B08;B09;C3;B14 B15;"Versões do plano existentes; publicação/PDF completo pendentes";Consultar D01-D11 e B01 quando houver proposta/conflito;"Mapeado; implementação não realizada nesta entrega";"A preencher na execução; ver critérios e saída obrigatória do bloco"
PLA-L0333;;audita-pro-planejamento-plano-auditoria-v0.1.md;0.1;333;14. PDF oficial / Estrutura;Requisito/regra e contexto da fonte;A logo corporativa da Audita ainda precisa ser confirmada. A imagem fornecida anteriormente é a marca **Audita PRO**. Até confirmação, propor o uso da marca disponível com identificação textual da Audita, sem inventar uma logo empresarial diferente.;B09 B08;B09;C3;B14 B15;"Versões do plano existentes; publicação/PDF completo pendentes";Consultar D01-D11 e B01 quando houver proposta/conflito;"Mapeado; implementação não realizada nesta entrega";"A preencher na execução; ver critérios e saída obrigatória do bloco"
PLA-L0335;;audita-pro-planejamento-plano-auditoria-v0.1.md;0.1;335;14. PDF oficial / Estrutura;Requisito/regra e contexto da fonte;O PDF será gerado automaticamente e armazenado de forma privada por revisão. Download de uma revisão deve entregar o arquivo preservado, não uma nova impressão dos dados atuais. Sugestão de nome: `[codigo-auditoria]_Plano_Rev00.pdf`.;B09 B08;B09;C3;B14 B15;"Versões do plano existentes; publicação/PDF completo pendentes";Consultar D01-D11 e B01 quando houver proposta/conflito;"Mapeado; implementação não realizada nesta entrega";"A preencher na execução; ver critérios e saída obrigatória do bloco"
PLA-L0339;;audita-pro-planejamento-plano-auditoria-v0.1.md;0.1;339;15. Plano técnico de aplicação futura;Requisito/regra e contexto da fonte;Manter frontend, autenticação e backend atuais. Separar a evolução em responsabilidades:;B01 B06 B07 B08 B09;B01;C0 + C1;B14 B15;"Planejamento novo; decisões ainda não homologadas";Consultar D01-D11 e B01 quando houver proposta/conflito;"Mapeado; implementação não realizada nesta entrega";"A preencher na execução; ver critérios e saída obrigatória do bloco"
PLA-L0341;;audita-pro-planejamento-plano-auditoria-v0.1.md;0.1;341;15. Plano técnico de aplicação futura;Requisito/regra e contexto da fonte;| Bloco | Alteração prevista |;B01 B06 B07 B08 B09;B01;C0 + C1;B14 B15;"Planejamento novo; decisões ainda não homologadas";Consultar D01-D11 e B01 quando houver proposta/conflito;"Mapeado; implementação não realizada nesta entrega";"A preencher na execução; ver critérios e saída obrigatória do bloco"
PLA-L0343;;audita-pro-planejamento-plano-auditoria-v0.1.md;0.1;343;15. Plano técnico de aplicação futura;Requisito/regra e contexto da fonte;"| Códigos | Verificar campo equivalente; acrescentar geração de código de cliente e padronizar novos códigos de auditoria com unicidade/imutabilidade |";B03 B06;B03;C1;B14 B15;"Contrato 3 existente; unidade, corte temporal e fórmulas a harmonizar";Consultar D01-D11 e B01 quando houver proposta/conflito;"Mapeado; implementação não realizada nesta entrega";"A preencher na execução; ver critérios e saída obrigatória do bloco"
PLA-L0344;;audita-pro-planejamento-plano-auditoria-v0.1.md;0.1;344;15. Plano técnico de aplicação futura;Requisito/regra e contexto da fonte;"| Identificação | Completar tipo de avaliação, participantes textuais, comentários e período declarado; aproveitar campos existentes |";B06;B06;C3 + C1;B14 B15;"Cabeçalho parcial; critérios no banco; FPA/código cliente não identificados";Consultar D01-D11 e B01 quando houver proposta/conflito;"Mapeado; implementação não realizada nesta entrega";"A preencher na execução; ver critérios e saída obrigatória do bloco"
PLA-L0345;;audita-pro-planejamento-plano-auditoria-v0.1.md;0.1;345;15. Plano técnico de aplicação futura;Requisito/regra e contexto da fonte;| Auditoria integrada | Relação com múltiplos critérios e modelos versionados, sem duplicar auditoria |;B06;B06;C3 + C1;B14 B15;"Cabeçalho parcial; critérios no banco; FPA/código cliente não identificados";Consultar D01-D11 e B01 quando houver proposta/conflito;"Mapeado; implementação não realizada nesta entrega";"A preencher na execução; ver critérios e saída obrigatória do bloco"
PLA-L0346;;audita-pro-planejamento-plano-auditoria-v0.1.md;0.1;346;15. Plano técnico de aplicação futura;Requisito/regra e contexto da fonte;| FPA | Registro privado de solicitação, respostas/arquivos, análise, complementações e versão usada |;B06;B06;C3 + C1;B14 B15;"Cabeçalho parcial; critérios no banco; FPA/código cliente não identificados";Consultar D01-D11 e B01 quando houver proposta/conflito;"Mapeado; implementação não realizada nesta entrega";"A preencher na execução; ver critérios e saída obrigatória do bloco"
PLA-L0347;;audita-pro-planejamento-plano-auditoria-v0.1.md;0.1;347;15. Plano técnico de aplicação futura;Requisito/regra e contexto da fonte;| Cronograma | Localização por linha, vínculo de auditores, ordem, duplicação e validação temporal |;B07;B07;C3 + C1;B14 B15;"Cronograma e movimentos existentes; evolução parcial pendente";Consultar D01-D11 e B01 quando houver proposta/conflito;"Mapeado; implementação não realizada nesta entrega";"A preencher na execução; ver critérios e saída obrigatória do bloco"
PLA-L0348;;audita-pro-planejamento-plano-auditoria-v0.1.md;0.1;348;15. Plano técnico de aplicação futura;Requisito/regra e contexto da fonte;| Versão documental | Ampliar conteúdo congelado de `audit_plan_versions`, incluindo cabeçalho e notas |;B09;B09;C3;B14 B15;"Versões do plano existentes; publicação/PDF completo pendentes";Consultar D01-D11 e B01 quando houver proposta/conflito;"Mapeado; implementação não realizada nesta entrega";"A preencher na execução; ver critérios e saída obrigatória do bloco"
PLA-L0349;;audita-pro-planejamento-plano-auditoria-v0.1.md;0.1;349;15. Plano técnico de aplicação futura;Requisito/regra e contexto da fonte;| PDF | Geração, estado de processamento, integridade, armazenamento e retomada de erro |;B08 B09;B08;C3 + C1;B14 B15;"PDF no navegador no código consultado; serviço persistente a desenvolver";Consultar D01-D11 e B01 quando houver proposta/conflito;"Mapeado; implementação não realizada nesta entrega";"A preencher na execução; ver critérios e saída obrigatória do bloco"
PLA-L0350;;audita-pro-planejamento-plano-auditoria-v0.1.md;0.1;350;15. Plano técnico de aplicação futura;Requisito/regra e contexto da fonte;| Consulta | Autorizações no servidor, download privado e projeção publicada para o cliente |;B02 B09;B02;C1;B14 B15;"Base existente; Administração global e escopo documental divergem do alvo";Consultar D01-D11 e B01 quando houver proposta/conflito;"Mapeado; implementação não realizada nesta entrega";"A preencher na execução; ver critérios e saída obrigatória do bloco"
PLA-L0351;;audita-pro-planejamento-plano-auditoria-v0.1.md;0.1;351;15. Plano técnico de aplicação futura;Requisito/regra e contexto da fonte;| Integrações | Ajustes de criação, Dashboard, filtros, checklist, RDA, Biblioteca e notificações |;B09 B10 B13 B14;B09;C3;B14 B15;"Versões do plano existentes; publicação/PDF completo pendentes";Consultar D01-D11 e B01 quando houver proposta/conflito;"Mapeado; implementação não realizada nesta entrega";"A preencher na execução; ver critérios e saída obrigatória do bloco"
PLA-L0353;;audita-pro-planejamento-plano-auditoria-v0.1.md;0.1;353;15. Plano técnico de aplicação futura;Requisito/regra e contexto da fonte;Reutilizar `organizations`, unidades, vínculos, `audits`, catálogo de critérios, `audit_checklists`, requisitos, dias, atividades, movimentos e versões do plano. Inspecionar antes de criar qualquer estrutura complementar.;B01 B06 B07 B08 B09;B01;C0 + C1;B14 B15;"Planejamento novo; decisões ainda não homologadas";Consultar D01-D11 e B01 quando houver proposta/conflito;"Mapeado; implementação não realizada nesta entrega";"A preencher na execução; ver critérios e saída obrigatória do bloco"
PLA-L0355;;audita-pro-planejamento-plano-auditoria-v0.1.md;0.1;355;15. Plano técnico de aplicação futura;Requisito/regra e contexto da fonte;No momento de implementar:;B01 B06 B07 B08 B09;B01;C0 + C1;B14 B15;"Planejamento novo; decisões ainda não homologadas";Consultar D01-D11 e B01 quando houver proposta/conflito;"Mapeado; implementação não realizada nesta entrega";"A preencher na execução; ver critérios e saída obrigatória do bloco"
PLA-L0357;;audita-pro-planejamento-plano-auditoria-v0.1.md;0.1;357;15. Plano técnico de aplicação futura;Requisito/regra e contexto da fonte;- Revisar contratos de funções e consumidores que presumem apenas uma norma ou um auditor por atividade.;B01 B06 B07 B08 B09;B01;C0 + C1;B14 B15;"Planejamento novo; decisões ainda não homologadas";Consultar D01-D11 e B01 quando houver proposta/conflito;"Mapeado; implementação não realizada nesta entrega";"A preencher na execução; ver critérios e saída obrigatória do bloco"
PLA-L0358;;audita-pro-planejamento-plano-auditoria-v0.1.md;0.1;358;15. Plano técnico de aplicação futura;Requisito/regra e contexto da fonte;- Garantir autorização tanto nas operações quanto na consulta ao PDF, sem controle apenas visual.;B01 B06 B07 B08 B09;B01;C0 + C1;B14 B15;"Planejamento novo; decisões ainda não homologadas";Consultar D01-D11 e B01 quando houver proposta/conflito;"Mapeado; implementação não realizada nesta entrega";"A preencher na execução; ver critérios e saída obrigatória do bloco"
PLA-L0359;;audita-pro-planejamento-plano-auditoria-v0.1.md;0.1;359;15. Plano técnico de aplicação futura;Requisito/regra e contexto da fonte;"- Separar PDF e acesso a FPA; não tornar o armazenamento público.";B01 B06 B07 B08 B09;B01;C0 + C1;B14 B15;"Planejamento novo; decisões ainda não homologadas";Consultar D01-D11 e B01 quando houver proposta/conflito;"Mapeado; implementação não realizada nesta entrega";"A preencher na execução; ver critérios e saída obrigatória do bloco"
PLA-L0360;;audita-pro-planejamento-plano-auditoria-v0.1.md;0.1;360;15. Plano técnico de aplicação futura;Requisito/regra e contexto da fonte;"- Fixar conteúdo e versão na validação; gerar arquivo e publicar com operação idempotente, sem PDF parcial disponível.";B01 B06 B07 B08 B09;B01;C0 + C1;B14 B15;"Planejamento novo; decisões ainda não homologadas";Consultar D01-D11 e B01 quando houver proposta/conflito;"Mapeado; implementação não realizada nesta entrega";"A preencher na execução; ver critérios e saída obrigatória do bloco"
PLA-L0361;;audita-pro-planejamento-plano-auditoria-v0.1.md;0.1;361;15. Plano técnico de aplicação futura;Requisito/regra e contexto da fonte;- Evitar sobrescrita entre duas sessões do condutor mediante revisão de registro.;B01 B06 B07 B08 B09;B01;C0 + C1;B14 B15;"Planejamento novo; decisões ainda não homologadas";Consultar D01-D11 e B01 quando houver proposta/conflito;"Mapeado; implementação não realizada nesta entrega";"A preencher na execução; ver critérios e saída obrigatória do bloco"
PLA-L0362;;audita-pro-planejamento-plano-auditoria-v0.1.md;0.1;362;15. Plano técnico de aplicação futura;Requisito/regra e contexto da fonte;- Criar migrations pequenas, com compatibilidade e preenchimento de campos antigos claramente documentado.;B01 B06 B07 B08 B09;B01;C0 + C1;B14 B15;"Planejamento novo; decisões ainda não homologadas";Consultar D01-D11 e B01 quando houver proposta/conflito;"Mapeado; implementação não realizada nesta entrega";"A preencher na execução; ver critérios e saída obrigatória do bloco"
PLA-L0363;;audita-pro-planejamento-plano-auditoria-v0.1.md;0.1;363;15. Plano técnico de aplicação futura;Requisito/regra e contexto da fonte;"- Preservar planos legados. A exigência de FPA valerá para novos planos e novas validações conforme regra de transição; não inventar FPA recebido para documentos históricos.";B01 B06 B07 B08 B09;B01;C0 + C1;B14 B15;"Planejamento novo; decisões ainda não homologadas";Consultar D01-D11 e B01 quando houver proposta/conflito;"Mapeado; implementação não realizada nesta entrega";"A preencher na execução; ver critérios e saída obrigatória do bloco"
PLA-L0365;;audita-pro-planejamento-plano-auditoria-v0.1.md;0.1;365;15. Plano técnico de aplicação futura;Requisito/regra e contexto da fonte;Não escolher novos serviços pagos, ferramentas de assinatura ou infraestrutura adicional apenas para este fluxo inicial. A tecnologia de emissão deverá ser compartilhada com o RDA sempre que possível.;B01 B06 B07 B08 B09;B01;C0 + C1;B14 B15;"Planejamento novo; decisões ainda não homologadas";Consultar D01-D11 e B01 quando houver proposta/conflito;"Mapeado; implementação não realizada nesta entrega";"A preencher na execução; ver critérios e saída obrigatória do bloco"
PLA-L0369;;audita-pro-planejamento-plano-auditoria-v0.1.md;0.1;369;16. Etapas após aprovação;Requisito/regra e contexto da fonte;"1. **Consolidar regras e dados:** validar este documento, os pontos pendentes e o contrato de integração com o RDA; inspecionar o schema real.";B01 B14 B15;B01;C0 + C1;B14 B15;"Planejamento novo; decisões ainda não homologadas";Consultar D01-D11 e B01 quando houver proposta/conflito;"Mapeado; implementação não realizada nesta entrega";"A preencher na execução; ver critérios e saída obrigatória do bloco"
PLA-L0370;;audita-pro-planejamento-plano-auditoria-v0.1.md;0.1;370;16. Etapas após aprovação;Requisito/regra e contexto da fonte;2. **Identificação e FPA:** códigos, cabeçalho completo, solicitação/recebimento/análise e critérios múltiplos.;B01 B14 B15;B01;C0 + C1;B14 B15;"Planejamento novo; decisões ainda não homologadas";Consultar D01-D11 e B01 quando houver proposta/conflito;"Mapeado; implementação não realizada nesta entrega";"A preencher na execução; ver critérios e saída obrigatória do bloco"
PLA-L0371;;audita-pro-planejamento-plano-auditoria-v0.1.md;0.1;371;16. Etapas após aprovação;Requisito/regra e contexto da fonte;3. **Editor de cronograma:** operações de linha, localização, auditores, horários, validações e vínculos ao checklist.;B01 B14 B15;B01;C0 + C1;B14 B15;"Planejamento novo; decisões ainda não homologadas";Consultar D01-D11 e B01 quando houver proposta/conflito;"Mapeado; implementação não realizada nesta entrega";"A preencher na execução; ver critérios e saída obrigatória do bloco"
PLA-L0372;;audita-pro-planejamento-plano-auditoria-v0.1.md;0.1;372;16. Etapas após aprovação;Requisito/regra e contexto da fonte;4. **Validação e emissão:** prévia, congelamento completo, notas, PDF preservado e histórico de revisões.;B01 B14 B15;B01;C0 + C1;B14 B15;"Planejamento novo; decisões ainda não homologadas";Consultar D01-D11 e B01 quando houver proposta/conflito;"Mapeado; implementação não realizada nesta entrega";"A preencher na execução; ver critérios e saída obrigatória do bloco"
PLA-L0373;;audita-pro-planejamento-plano-auditoria-v0.1.md;0.1;373;16. Etapas após aprovação;Requisito/regra e contexto da fonte;5. **Execução e distribuição:** agenda, mudanças justificadas, consulta do cliente, notificações e integração com RDA/Dashboard.;B01 B14 B15;B01;C0 + C1;B14 B15;"Planejamento novo; decisões ainda não homologadas";Consultar D01-D11 e B01 quando houver proposta/conflito;"Mapeado; implementação não realizada nesta entrega";"A preencher na execução; ver critérios e saída obrigatória do bloco"
PLA-L0374;;audita-pro-planejamento-plano-auditoria-v0.1.md;0.1;374;16. Etapas após aprovação;Requisito/regra e contexto da fonte;6. **Validação do piloto:** cenários simples e integrados, com um único condutor e com equipe de apoio, sem exigir dados fictícios em produção.;B01 B14 B15;B01;C0 + C1;B14 B15;"Planejamento novo; decisões ainda não homologadas";Consultar D01-D11 e B01 quando houver proposta/conflito;"Mapeado; implementação não realizada nesta entrega";"A preencher na execução; ver critérios e saída obrigatória do bloco"
PLA-L0376;;audita-pro-planejamento-plano-auditoria-v0.1.md;0.1;376;16. Etapas após aprovação;Requisito/regra e contexto da fonte;Cada etapa deve produzir uma funcionalidade navegável e um roteiro de teste, preservando as telas existentes.;B01 B14 B15;B01;C0 + C1;B14 B15;"Planejamento novo; decisões ainda não homologadas";Consultar D01-D11 e B01 quando houver proposta/conflito;"Mapeado; implementação não realizada nesta entrega";"A preencher na execução; ver critérios e saída obrigatória do bloco"
PLA-L0380;;audita-pro-planejamento-plano-auditoria-v0.1.md;0.1;380;17. Critérios de aceite;Requisito/regra e contexto da fonte;| ID | Cenário | Resultado esperado |;B14;B14;C0 + revisor;B14 B15;Não testado funcionalmente nesta análise;Consultar D01-D11 e B01 quando houver proposta/conflito;"Mapeado; implementação não realizada nesta entrega";"A preencher na execução; ver critérios e saída obrigatória do bloco"
PLA-L0382;PA-01;audita-pro-planejamento-plano-auditoria-v0.1.md;0.1;382;17. Critérios de aceite;Critério de aceite;"| PA-01 | Criar duas auditorias do mesmo cliente | Código do cliente permanece; códigos de auditoria são distintos |";B03 B06;B03;C1;B14 B15;"Contrato 3 existente; unidade, corte temporal e fórmulas a harmonizar";D09;"Mapeado; implementação não realizada nesta entrega";"A preencher na execução; ver critérios e saída obrigatória do bloco"
PLA-L0383;PA-02;audita-pro-planejamento-plano-auditoria-v0.1.md;0.1;383;17. Critérios de aceite;Critério de aceite;| PA-02 | Cadastro simultâneo/cancelamento | Nenhum código duplicado, alterado manualmente ou reutilizado |;B03 B06;B03;C1;B14 B15;"Contrato 3 existente; unidade, corte temporal e fórmulas a harmonizar";D09;"Mapeado; implementação não realizada nesta entrega";"A preencher na execução; ver critérios e saída obrigatória do bloco"
PLA-L0384;PA-03;audita-pro-planejamento-plano-auditoria-v0.1.md;0.1;384;17. Critérios de aceite;Critério de aceite;| PA-03 | Selecionar cliente | Código e endereço aparecem automaticamente |;B06;B06;C3 + C1;B14 B15;"Cabeçalho parcial; critérios no banco; FPA/código cliente não identificados";Consultar D01-D11 e B01 quando houver proposta/conflito;"Mapeado; implementação não realizada nesta entrega";"A preencher na execução; ver critérios e saída obrigatória do bloco"
PLA-L0385;PA-04;audita-pro-planejamento-plano-auditoria-v0.1.md;0.1;385;17. Critérios de aceite;Critério de aceite;"| PA-04 | Salvar rascunho incompleto | Permitido; validar continua bloqueado com indicação dos campos |";B06 B09;B06;C3 + C1;B14 B15;"Cabeçalho parcial; critérios no banco; FPA/código cliente não identificados";Consultar D01-D11 e B01 quando houver proposta/conflito;"Mapeado; implementação não realizada nesta entrega";"A preencher na execução; ver critérios e saída obrigatória do bloco"
PLA-L0386;PA-05;audita-pro-planejamento-plano-auditoria-v0.1.md;0.1;386;17. Critérios de aceite;Critério de aceite;"| PA-05 | Preencher cabeçalho | Todos os campos solicitados presentes; N/A aceito nos dois campos indicados |";B06;B06;C3 + C1;B14 B15;"Cabeçalho parcial; critérios no banco; FPA/código cliente não identificados";Consultar D01-D11 e B01 quando houver proposta/conflito;"Mapeado; implementação não realizada nesta entrega";"A preencher na execução; ver critérios e saída obrigatória do bloco"
PLA-L0387;PA-06;audita-pro-planejamento-plano-auditoria-v0.1.md;0.1;387;17. Critérios de aceite;Critério de aceite;| PA-06 | Selecionar ISO 14001 + ISO 45001 | Uma auditoria, dois critérios e requisitos sem colisão de numeração |;B06;B06;C3 + C1;B14 B15;"Cabeçalho parcial; critérios no banco; FPA/código cliente não identificados";Consultar D01-D11 e B01 quando houver proposta/conflito;"Mapeado; implementação não realizada nesta entrega";"A preencher na execução; ver critérios e saída obrigatória do bloco"
PLA-L0388;PA-07;audita-pro-planejamento-plano-auditoria-v0.1.md;0.1;388;17. Critérios de aceite;Critério de aceite;| PA-07 | Programar vários processos no mesmo dia | Linhas, locais, horários e auditores preservados |;B07;B07;C3 + C1;B14 B15;"Cronograma e movimentos existentes; evolução parcial pendente";Consultar D01-D11 e B01 quando houver proposta/conflito;"Mapeado; implementação não realizada nesta entrega";"A preencher na execução; ver critérios e saída obrigatória do bloco"
PLA-L0389;PA-08;audita-pro-planejamento-plano-auditoria-v0.1.md;0.1;389;17. Critérios de aceite;Critério de aceite;| PA-08 | Duplicar/copiar/reordenar linha | Nova atividade sem copiar execução ou multiplicar indevidamente requisitos |;B07;B07;C3 + C1;B14 B15;"Cronograma e movimentos existentes; evolução parcial pendente";Consultar D01-D11 e B01 quando houver proposta/conflito;"Mapeado; implementação não realizada nesta entrega";"A preencher na execução; ver critérios e saída obrigatória do bloco"
PLA-L0390;PA-09;audita-pro-planejamento-plano-auditoria-v0.1.md;0.1;390;17. Critérios de aceite;Critério de aceite;| PA-09 | Atividade fora do período ou horário inválido | Validação bloqueada com orientação clara |;B07 B09;B07;C3 + C1;B14 B15;"Cronograma e movimentos existentes; evolução parcial pendente";Consultar D01-D11 e B01 quando houver proposta/conflito;"Mapeado; implementação não realizada nesta entrega";"A preencher na execução; ver critérios e saída obrigatória do bloco"
PLA-L0391;PA-10;audita-pro-planejamento-plano-auditoria-v0.1.md;0.1;391;17. Critérios de aceite;Critério de aceite;"| PA-10 | Mesmo auditor em horários sobrepostos | Aviso visível; não confundir com atividades simultâneas de equipes distintas |";B07;B07;C3 + C1;B14 B15;"Cronograma e movimentos existentes; evolução parcial pendente";Consultar D01-D11 e B01 quando houver proposta/conflito;"Mapeado; implementação não realizada nesta entrega";"A preencher na execução; ver critérios e saída obrigatória do bloco"
PLA-L0392;PA-11;audita-pro-planejamento-plano-auditoria-v0.1.md;0.1;392;17. Critérios de aceite;Critério de aceite;| PA-11 | FPA não recebido ou insuficiente | Impedir validação final, mantendo possibilidade de trabalhar no rascunho |;B06 B09;B06;C3 + C1;B14 B15;"Cabeçalho parcial; critérios no banco; FPA/código cliente não identificados";D09;"Mapeado; implementação não realizada nesta entrega";"A preencher na execução; ver critérios e saída obrigatória do bloco"
PLA-L0393;PA-12;audita-pro-planejamento-plano-auditoria-v0.1.md;0.1;393;17. Critérios de aceite;Critério de aceite;| PA-12 | FPA analisado | Versão usada e autoria da análise vinculadas à revisão do plano |;B06 B09;B06;C3 + C1;B14 B15;"Cabeçalho parcial; critérios no banco; FPA/código cliente não identificados";D09;"Mapeado; implementação não realizada nesta entrega";"A preencher na execução; ver critérios e saída obrigatória do bloco"
PLA-L0394;PA-13;audita-pro-planejamento-plano-auditoria-v0.1.md;0.1;394;17. Critérios de aceite;Critério de aceite;| PA-13 | Validar plano | Rev.00 congelada, PDF gerado e acesso disponibilizado uma única vez |;B09 B08;B09;C3;B14 B15;"Versões do plano existentes; publicação/PDF completo pendentes";Consultar D01-D11 e B01 quando houver proposta/conflito;"Mapeado; implementação não realizada nesta entrega";"A preencher na execução; ver critérios e saída obrigatória do bloco"
PLA-L0395;PA-14;audita-pro-planejamento-plano-auditoria-v0.1.md;0.1;395;17. Critérios de aceite;Critério de aceite;| PA-14 | Erro na geração/duplo clique | Retomar a mesma emissão, sem PDF quebrado nem revisão duplicada |;B08 B09;B08;C3 + C1;B14 B15;"PDF no navegador no código consultado; serviço persistente a desenvolver";Consultar D01-D11 e B01 quando houver proposta/conflito;"Mapeado; implementação não realizada nesta entrega";"A preencher na execução; ver critérios e saída obrigatória do bloco"
PLA-L0396;PA-15;audita-pro-planejamento-plano-auditoria-v0.1.md;0.1;396;17. Critérios de aceite;Critério de aceite;"| PA-15 | Alterar plano publicado | Exigir motivo; emitir nova revisão e preservar PDF anterior |";B09;B09;C3;B14 B15;"Versões do plano existentes; publicação/PDF completo pendentes";Consultar D01-D11 e B01 quando houver proposta/conflito;"Mapeado; implementação não realizada nesta entrega";"A preencher na execução; ver critérios e saída obrigatória do bloco"
PLA-L0397;PA-16;audita-pro-planejamento-plano-auditoria-v0.1.md;0.1;397;17. Critérios de aceite;Critério de aceite;| PA-16 | Alterar cadastro do cliente | PDF antigo mantém cabeçalho original |;B09 B08;B09;C3;B14 B15;"Versões do plano existentes; publicação/PDF completo pendentes";Consultar D01-D11 e B01 quando houver proposta/conflito;"Mapeado; implementação não realizada nesta entrega";"A preencher na execução; ver critérios e saída obrigatória do bloco"
PLA-L0398;PA-17;audita-pro-planejamento-plano-auditoria-v0.1.md;0.1;398;17. Critérios de aceite;Critério de aceite;| PA-17 | Transferir trabalho após execução parcial | Preservar parcela realizada, origem, destino, motivo e reflexo no RDA |;B07 B10;B07;C3 + C1;B14 B15;"Cronograma e movimentos existentes; evolução parcial pendente";Consultar D01-D11 e B01 quando houver proposta/conflito;"Mapeado; implementação não realizada nesta entrega";"A preencher na execução; ver critérios e saída obrigatória do bloco"
PLA-L0399;PA-18;audita-pro-planejamento-plano-auditoria-v0.1.md;0.1;399;17. Critérios de aceite;Critério de aceite;| PA-18 | RDA emitido e plano revisado depois | RDA anterior permanece inalterado |;B09 B11;B09;C3;B14 B15;"Versões do plano existentes; publicação/PDF completo pendentes";Consultar D01-D11 e B01 quando houver proposta/conflito;"Mapeado; implementação não realizada nesta entrega";"A preencher na execução; ver critérios e saída obrigatória do bloco"
PLA-L0400;PA-19;audita-pro-planejamento-plano-auditoria-v0.1.md;0.1;400;17. Critérios de aceite;Critério de aceite;"| PA-19 | Auditor de apoio designado na linha | Nome aparece; não ganha permissão de conduzir/editar automaticamente |";B02 B07;B02;C1;B14 B15;"Base existente; Administração global e escopo documental divergem do alvo";Consultar D01-D11 e B01 quando houver proposta/conflito;"Mapeado; implementação não realizada nesta entrega";"A preencher na execução; ver critérios e saída obrigatória do bloco"
PLA-L0401;PA-20;audita-pro-planejamento-plano-auditoria-v0.1.md;0.1;401;17. Critérios de aceite;Critério de aceite;| PA-20 | Cliente de outra organização ou vínculo pendente | Acesso recusado, inclusive por URL/API/download |;B02 B09;B02;C1;B14 B15;"Base existente; Administração global e escopo documental divergem do alvo";D01;"Mapeado; implementação não realizada nesta entrega";"A preencher na execução; ver critérios e saída obrigatória do bloco"
PLA-L0402;PA-21;audita-pro-planejamento-plano-auditoria-v0.1.md;0.1;402;17. Critérios de aceite;Critério de aceite;| PA-21 | Plano com muitas linhas | Tabela legível, rodapé/paginação em todas as páginas e notas completas na última |;B09 B08;B09;C3;B14 B15;"Versões do plano existentes; publicação/PDF completo pendentes";D08;"Mapeado; implementação não realizada nesta entrega";"A preencher na execução; ver critérios e saída obrigatória do bloco"
PLA-L0403;PA-22;audita-pro-planejamento-plano-auditoria-v0.1.md;0.1;403;17. Critérios de aceite;Critério de aceite;| PA-22 | Auditoria com dias não consecutivos | Datas reais e numeração do dia coerentes, sem gerar dias auditados vazios |;B07;B07;C3 + C1;B14 B15;"Cronograma e movimentos existentes; evolução parcial pendente";Consultar D01-D11 e B01 quando houver proposta/conflito;"Mapeado; implementação não realizada nesta entrega";"A preencher na execução; ver critérios e saída obrigatória do bloco"
PLA-L0404;PA-23;audita-pro-planejamento-plano-auditoria-v0.1.md;0.1;404;17. Critérios de aceite;Critério de aceite;| PA-23 | Duas sessões editando | Conflito detectado, sem sobrescrever alteração silenciosamente |;B07 B09;B07;C3 + C1;B14 B15;"Cronograma e movimentos existentes; evolução parcial pendente";Consultar D01-D11 e B01 quando houver proposta/conflito;"Mapeado; implementação não realizada nesta entrega";"A preencher na execução; ver critérios e saída obrigatória do bloco"
PLA-L0405;PA-24;audita-pro-planejamento-plano-auditoria-v0.1.md;0.1;405;17. Critérios de aceite;Critério de aceite;| PA-24 | Operação com único Administrador/condutor | Elaboração, validação e execução possíveis sem outro aprovador |;B02 B09;B02;C1;B14 B15;"Base existente; Administração global e escopo documental divergem do alvo";Consultar D01-D11 e B01 quando houver proposta/conflito;"Mapeado; implementação não realizada nesta entrega";"A preencher na execução; ver critérios e saída obrigatória do bloco"
PLA-L0409;;audita-pro-planejamento-plano-auditoria-v0.1.md;0.1;409;18. Decisões propostas para validação;Decisão/proposta;"1. **FPA no piloto:** controle de solicitação, arquivo recebido e análise; formulário online completo em planejamento próprio.";B01 B06 B09;B01;C0 + C1;B14 B15;"Planejamento novo; decisões ainda não homologadas";Consultar D01-D11 e B01 quando houver proposta/conflito;"Mapeado; implementação não realizada nesta entrega";"A preencher na execução; ver critérios e saída obrigatória do bloco"
PLA-L0410;;audita-pro-planejamento-plano-auditoria-v0.1.md;0.1;410;18. Decisões propostas para validação;Decisão/proposta;2. **Acesso ao plano:** todos os vínculos ativos e aprovados da organização consultam versões publicadas, mantendo o FPA restrito.;B01 B06 B09;B01;C0 + C1;B14 B15;"Planejamento novo; decisões ainda não homologadas";Consultar D01-D11 e B01 quando houver proposta/conflito;"Mapeado; implementação não realizada nesta entrega";"A preencher na execução; ver critérios e saída obrigatória do bloco"
PLA-L0411;;audita-pro-planejamento-plano-auditoria-v0.1.md;0.1;411;18. Decisões propostas para validação;Decisão/proposta;3. **Auditores de apoio:** podem constar nas atividades sem receber novas permissões de registro.;B01 B06 B09;B01;C0 + C1;B14 B15;"Planejamento novo; decisões ainda não homologadas";Consultar D01-D11 e B01 quando houver proposta/conflito;"Mapeado; implementação não realizada nesta entrega";"A preencher na execução; ver critérios e saída obrigatória do bloco"
PLA-L0412;;audita-pro-planejamento-plano-auditoria-v0.1.md;0.1;412;18. Decisões propostas para validação;Decisão/proposta;4. **Publicação:** gerar e preservar o PDF antes de declarar a revisão disponível ao cliente.;B01 B06 B09;B01;C0 + C1;B14 B15;"Planejamento novo; decisões ainda não homologadas";Consultar D01-D11 e B01 quando houver proposta/conflito;"Mapeado; implementação não realizada nesta entrega";"A preencher na execução; ver critérios e saída obrigatória do bloco"
PLA-L0413;;audita-pro-planejamento-plano-auditoria-v0.1.md;0.1;413;18. Decisões propostas para validação;Decisão/proposta;"5. **Identidade visual:** confirmar a logo corporativa da Audita; até lá, utilizar a marca disponível com identificação textual, se aprovado.";B01 B06 B09;B01;C0 + C1;B14 B15;"Planejamento novo; decisões ainda não homologadas";Consultar D01-D11 e B01 quando houver proposta/conflito;"Mapeado; implementação não realizada nesta entrega";"A preencher na execução; ver critérios e saída obrigatória do bloco"
PLA-L0414;;audita-pro-planejamento-plano-auditoria-v0.1.md;0.1;414;18. Decisões propostas para validação;Decisão/proposta;"6. **Códigos:** confirmar o formato visual proposto; manter códigos legados e não reutilizar sequências.";B01 B06 B09;B01;C0 + C1;B14 B15;"Planejamento novo; decisões ainda não homologadas";Consultar D01-D11 e B01 quando houver proposta/conflito;"Mapeado; implementação não realizada nesta entrega";"A preencher na execução; ver critérios e saída obrigatória do bloco"
PLA-L0416;;audita-pro-planejamento-plano-auditoria-v0.1.md;0.1;416;18. Decisões propostas para validação;Decisão/proposta;Essas escolhas tornam o desenvolvimento executável sem aumentar desnecessariamente a complexidade da operação inicial.;B01 B06 B09;B01;C0 + C1;B14 B15;"Planejamento novo; decisões ainda não homologadas";Consultar D01-D11 e B01 quando houver proposta/conflito;"Mapeado; implementação não realizada nesta entrega";"A preencher na execução; ver critérios e saída obrigatória do bloco"
PLA-L0420;;audita-pro-planejamento-plano-auditoria-v0.1.md;0.1;420;Anexo A — Notas obrigatórias da última página;Requisito/regra e contexto da fonte;Texto fornecido pelo usuário, preservado para compor o futuro PDF:;B09;B09;C3;B14 B15;"Versões do plano existentes; publicação/PDF completo pendentes";Consultar D01-D11 e B01 quando houver proposta/conflito;"Mapeado; implementação não realizada nesta entrega";"A preencher na execução; ver critérios e saída obrigatória do bloco"
PLA-L0422;;audita-pro-planejamento-plano-auditoria-v0.1.md;0.1;422;Anexo A — Notas obrigatórias da última página;Requisito/regra e contexto da fonte;**Notas:**;B09;B09;C3;B14 B15;"Versões do plano existentes; publicação/PDF completo pendentes";Consultar D01-D11 e B01 quando houver proposta/conflito;"Mapeado; implementação não realizada nesta entrega";"A preencher na execução; ver critérios e saída obrigatória do bloco"
PLA-L0424;;audita-pro-planejamento-plano-auditoria-v0.1.md;0.1;424;Anexo A — Notas obrigatórias da última página;Requisito/regra e contexto da fonte;• Plano de Auditoria - Os horários estabelecidos neste plano são previstos e poderão ser ajustados durante a execução da auditoria em razão das condições encontradas, disponibilidade dos envolvidos ou necessidade de aprofundamento das verificações. Quando houver mais de um auditor, a equipe poderá atuar conjuntamente ou distribuir as atividades conforme o planejamento e as necessidades identificadas.;B09;B09;C3;B14 B15;"Versões do plano existentes; publicação/PDF completo pendentes";Consultar D01-D11 e B01 quando houver proposta/conflito;"Mapeado; implementação não realizada nesta entrega";"A preencher na execução; ver critérios e saída obrigatória do bloco"
PLA-L0426;;audita-pro-planejamento-plano-auditoria-v0.1.md;0.1;426;Anexo A — Notas obrigatórias da última página;Requisito/regra e contexto da fonte;• Documentação - A organização deverá disponibilizar à equipe auditora, quando solicitado, os documentos, procedimentos, registros e demais informações necessárias à avaliação dos processos abrangidos pela auditoria, preferencialmente em meio digital e em suas versões vigentes.;B09;B09;C3;B14 B15;"Versões do plano existentes; publicação/PDF completo pendentes";Consultar D01-D11 e B01 quando houver proposta/conflito;"Mapeado; implementação não realizada nesta entrega";"A preencher na execução; ver critérios e saída obrigatória do bloco"
PLA-L0428;;audita-pro-planejamento-plano-auditoria-v0.1.md;0.1;428;Anexo A — Notas obrigatórias da última página;Requisito/regra e contexto da fonte;"• Objetivos da Auditoria - Avaliar o atendimento aos critérios estabelecidos para a auditoria, incluindo, quando aplicável, requisitos normativos, legais, regulamentares, contratuais e internos; avaliar a implementação e eficácia dos controles e processos abrangidos; e identificar conformidades, não conformidades e oportunidades de melhoria.";B09;B09;C3;B14 B15;"Versões do plano existentes; publicação/PDF completo pendentes";Consultar D01-D11 e B01 quando houver proposta/conflito;"Mapeado; implementação não realizada nesta entrega";"A preencher na execução; ver critérios e saída obrigatória do bloco"
PLA-L0430;;audita-pro-planejamento-plano-auditoria-v0.1.md;0.1;430;Anexo A — Notas obrigatórias da última página;Requisito/regra e contexto da fonte;• Formulário de Preparação para Auditoria (FPA) - Com o objetivo de proporcionar um planejamento adequado e assegurar que a equipe auditora disponha previamente das informações necessárias para a execução da auditoria, a organização auditada deverá preencher o Formulário de Preparação para Auditoria disponibilizado pela AUDITA e encaminhá-lo dentro do prazo estabelecido. O formulário deverá fornecer informações preliminares sobre a organização, incluindo ramo de atividade, número de colaboradores, unidades e áreas envolvidas, processos e atividades desenvolvidas, escopo pretendido, requisitos aplicáveis e demais informações relevantes para a compreensão do contexto da organização.;B09;B09;C3;B14 B15;"Versões do plano existentes; publicação/PDF completo pendentes";Consultar D01-D11 e B01 quando houver proposta/conflito;"Mapeado; implementação não realizada nesta entrega";"A preencher na execução; ver critérios e saída obrigatória do bloco"
PLA-L0432;;audita-pro-planejamento-plano-auditoria-v0.1.md;0.1;432;Anexo A — Notas obrigatórias da última página;Requisito/regra e contexto da fonte;• Idioma - Salvo acordo prévio em contrário, a auditoria, as comunicações e os relatórios serão realizados em português.;B09;B09;C3;B14 B15;"Versões do plano existentes; publicação/PDF completo pendentes";Consultar D01-D11 e B01 quando houver proposta/conflito;"Mapeado; implementação não realizada nesta entrega";"A preencher na execução; ver critérios e saída obrigatória do bloco"
PLA-L0434;;audita-pro-planejamento-plano-auditoria-v0.1.md;0.1;434;Anexo A — Notas obrigatórias da última página;Requisito/regra e contexto da fonte;• Entrevistas - Sempre que necessário, a equipe auditora poderá entrevistar colaboradores e demais pessoas envolvidas nos processos e atividades abrangidos pelo escopo da auditoria, visando obter evidências e compreender a execução das atividades.;B09;B09;C3;B14 B15;"Versões do plano existentes; publicação/PDF completo pendentes";Consultar D01-D11 e B01 quando houver proposta/conflito;"Mapeado; implementação não realizada nesta entrega";"A preencher na execução; ver critérios e saída obrigatória do bloco"
PLA-L0436;;audita-pro-planejamento-plano-auditoria-v0.1.md;0.1;436;Anexo A — Notas obrigatórias da última página;Requisito/regra e contexto da fonte;• Amostragem - A auditoria é realizada com base em amostragem de informações e evidências disponíveis durante o período de avaliação. Portanto, a ausência de constatações ou não conformidades em determinada área, processo ou atividade não constitui garantia de inexistência de desvios.;B09;B09;C3;B14 B15;"Versões do plano existentes; publicação/PDF completo pendentes";Consultar D01-D11 e B01 quando houver proposta/conflito;"Mapeado; implementação não realizada nesta entrega";"A preencher na execução; ver critérios e saída obrigatória do bloco"
PLA-L0438;;audita-pro-planejamento-plano-auditoria-v0.1.md;0.1;438;Anexo A — Notas obrigatórias da última página;Requisito/regra e contexto da fonte;• Relatórios - As constatações da auditoria serão registradas e disponibilizadas conforme o processo estabelecido pela AUDITA. Quando aplicável, poderão ser emitidos relatórios diários e, ao término da auditoria, relatório final contendo a consolidação dos resultados. Os documentos poderão ser disponibilizados pelo Audita PRO e/ou encaminhados eletronicamente ao cliente.;B09;B09;C3;B14 B15;"Versões do plano existentes; publicação/PDF completo pendentes";Consultar D01-D11 e B01 quando houver proposta/conflito;"Mapeado; implementação não realizada nesta entrega";"A preencher na execução; ver critérios e saída obrigatória do bloco"
PLA-L0440;;audita-pro-planejamento-plano-auditoria-v0.1.md;0.1;440;Anexo A — Notas obrigatórias da última página;Requisito/regra e contexto da fonte;• Confidencialidade - As informações e evidências obtidas pela AUDITA durante o planejamento, execução e acompanhamento da auditoria serão tratadas de forma confidencial e utilizadas exclusivamente para as finalidades relacionadas aos serviços contratados, ressalvadas obrigações legais ou autorizações expressas aplicáveis.;B09;B09;C3;B14 B15;"Versões do plano existentes; publicação/PDF completo pendentes";Consultar D01-D11 e B01 quando houver proposta/conflito;"Mapeado; implementação não realizada nesta entrega";"A preencher na execução; ver critérios e saída obrigatória do bloco"
PLA-L0444;;audita-pro-planejamento-plano-auditoria-v0.1.md;0.1;444;Anexo A — Notas obrigatórias da última página;Requisito/regra e contexto da fonte;**Entrega desta etapa:** somente este planejamento. Nenhuma funcionalidade, migration, autorização ou dado operacional do Audita PRO foi alterado.;B09;B09;C3;B14 B15;"Versões do plano existentes; publicação/PDF completo pendentes";Consultar D01-D11 e B01 quando houver proposta/conflito;"Mapeado; implementação não realizada nesta entrega";"A preencher na execução; ver critérios e saída obrigatória do bloco"
RDA-L0003;;audita-pro-planejamento-rda-v0.1.md;0.1;3;Preâmbulo;"Contexto/reutilização; conferir contra baseline atual";**Produto:** Audita PRO;B01;B01;C0 + C1;B14 B15;"Planejamento novo; decisões ainda não homologadas";Consultar D01-D11 e B01 quando houver proposta/conflito;"Mapeado; implementação não realizada nesta entrega";"A preencher na execução; ver critérios e saída obrigatória do bloco"
RDA-L0004;;audita-pro-planejamento-rda-v0.1.md;0.1;4;Preâmbulo;"Contexto/reutilização; conferir contra baseline atual";**Documento:** plano de evolução do RDA — versão 0.1;B01;B01;C0 + C1;B14 B15;"Planejamento novo; decisões ainda não homologadas";Consultar D01-D11 e B01 quando houver proposta/conflito;"Mapeado; implementação não realizada nesta entrega";"A preencher na execução; ver critérios e saída obrigatória do bloco"
RDA-L0005;;audita-pro-planejamento-rda-v0.1.md;0.1;5;Preâmbulo;"Contexto/reutilização; conferir contra baseline atual";**Data:** 06/10/2026;B01;B01;C0 + C1;B14 B15;"Planejamento novo; decisões ainda não homologadas";Consultar D01-D11 e B01 quando houver proposta/conflito;"Mapeado; implementação não realizada nesta entrega";"A preencher na execução; ver critérios e saída obrigatória do bloco"
RDA-L0006;;audita-pro-planejamento-rda-v0.1.md;0.1;6;Preâmbulo;"Contexto/reutilização; conferir contra baseline atual";"**Situação:** proposta para validação; sem execução no aplicativo ou no banco.";B01;B01;C0 + C1;B14 B15;"Planejamento novo; decisões ainda não homologadas";Consultar D01-D11 e B01 quando houver proposta/conflito;"Mapeado; implementação não realizada nesta entrega";"A preencher na execução; ver critérios e saída obrigatória do bloco"
RDA-L0010;;audita-pro-planejamento-rda-v0.1.md;0.1;10;1. Contexto e objetivo;"Contexto/reutilização; conferir contra baseline atual";A **Audita** é a empresa prestadora de serviços. O **Audita PRO** é seu aplicativo para auditorias, documentos/laudos e treinamentos. A operação inicial tem um único profissional, que poderá atuar como Administrador e condutor da auditoria. Clientes e auditores de apoio serão incluídos conforme a necessidade.;B00 B01;B00;C0;B14 B15;Diferença confirmada entre migrations remotas e código local/GitHub;Consultar D01-D11 e B01 quando houver proposta/conflito;"Mapeado; implementação não realizada nesta entrega";"A preencher na execução; ver critérios e saída obrigatória do bloco"
RDA-L0012;;audita-pro-planejamento-rda-v0.1.md;0.1;12;1. Contexto e objetivo;"Contexto/reutilização; conferir contra baseline atual";O RDA deve permitir que esse profissional registre a auditoria uma única vez, revise o resultado do dia e emita um documento padronizado, rastreável e acessível ao cliente. Não serão criados departamentos, cadeias de aprovação ou um segundo aprovador obrigatório para uma operação que ainda não precisa deles.;B00 B01;B00;C0;B14 B15;Diferença confirmada entre migrations remotas e código local/GitHub;Consultar D01-D11 e B01 quando houver proposta/conflito;"Mapeado; implementação não realizada nesta entrega";"A preencher na execução; ver critérios e saída obrigatória do bloco"
RDA-L0014;;audita-pro-planejamento-rda-v0.1.md;0.1;14;1. Contexto e objetivo;"Contexto/reutilização; conferir contra baseline atual";Este plano se concentra no **Relatório Diário de Auditoria** e nas dependências indispensáveis do checklist e do cronograma. O planejamento completo do formulário comercial, do plano de auditoria e do checklist poderá ser detalhado com os próximos materiais. Treinamentos e laudos não fazem parte desta entrega proposta.;B00 B01;B00;C0;B14 B15;Diferença confirmada entre migrations remotas e código local/GitHub;Consultar D01-D11 e B01 quando houver proposta/conflito;"Mapeado; implementação não realizada nesta entrega";"A preencher na execução; ver critérios e saída obrigatória do bloco"
RDA-L0018;;audita-pro-planejamento-rda-v0.1.md;0.1;18;1. Contexto e objetivo / Base analisada;"Contexto/reutilização; conferir contra baseline atual";- Arquivo enviado: `RELATÓRIO DIÁRIO DE AUDITORIA.txt`, lido integralmente.;B00 B01;B00;C0;B14 B15;Diferença confirmada entre migrations remotas e código local/GitHub;Consultar D01-D11 e B01 quando houver proposta/conflito;"Mapeado; implementação não realizada nesta entrega";"A preencher na execução; ver critérios e saída obrigatória do bloco"
RDA-L0019;;audita-pro-planejamento-rda-v0.1.md;0.1;19;1. Contexto e objetivo / Base analisada;"Contexto/reutilização; conferir contra baseline atual";- Planejamento anterior de Auditorias v1.1 e documento da entrega atual.;B00 B01;B00;C0;B14 B15;Diferença confirmada entre migrations remotas e código local/GitHub;Consultar D01-D11 e B01 quando houver proposta/conflito;"Mapeado; implementação não realizada nesta entrega";"A preencher na execução; ver critérios e saída obrigatória do bloco"
RDA-L0020;;audita-pro-planejamento-rda-v0.1.md;0.1;20;1. Contexto e objetivo / Base analisada;"Contexto/reutilização; conferir contra baseline atual";- Código local de geração, revisão, publicação, acesso e apresentação dos documentos e indicadores.;B00 B01;B00;C0;B14 B15;Diferença confirmada entre migrations remotas e código local/GitHub;Consultar D01-D11 e B01 quando houver proposta/conflito;"Mapeado; implementação não realizada nesta entrega";"A preencher na execução; ver critérios e saída obrigatória do bloco"
RDA-L0022;;audita-pro-planejamento-rda-v0.1.md;0.1;22;1. Contexto e objetivo / Base analisada;"Contexto/reutilização; conferir contra baseline atual";"A comparação descreve o código e as migrations locais disponíveis. Não foi realizada nova inspeção do banco remoto nesta etapa. Nenhuma instrução do anexo foi executada como comando; seu conteúdo foi utilizado como requisito para este planejamento.";B00 B01;B00;C0;B14 B15;Diferença confirmada entre migrations remotas e código local/GitHub;Consultar D01-D11 e B01 quando houver proposta/conflito;"Mapeado; implementação não realizada nesta entrega";"A preencher na execução; ver critérios e saída obrigatória do bloco"
RDA-L0026;;audita-pro-planejamento-rda-v0.1.md;0.1;26;2. Decisões centrais;Requisito/regra e contexto da fonte;1. Nome oficial: **AUDITA — RELATÓRIO DIÁRIO DE AUDITORIA (RDA)**.;B01 B11 B12;B01;C0 + C1;B14 B15;"Planejamento novo; decisões ainda não homologadas";Consultar D01-D11 e B01 quando houver proposta/conflito;"Mapeado; implementação não realizada nesta entrega";"A preencher na execução; ver critérios e saída obrigatória do bloco"
RDA-L0027;;audita-pro-planejamento-rda-v0.1.md;0.1;27;2. Decisões centrais;Requisito/regra e contexto da fonte;2. Cada RDA pertence obrigatoriamente a uma organização, uma auditoria e um dia auditado.;B01 B11 B12;B01;C0 + C1;B14 B15;"Planejamento novo; decisões ainda não homologadas";Consultar D01-D11 e B01 quando houver proposta/conflito;"Mapeado; implementação não realizada nesta entrega";"A preencher na execução; ver critérios e saída obrigatória do bloco"
RDA-L0028;;audita-pro-planejamento-rda-v0.1.md;0.1;28;2. Decisões centrais;Requisito/regra e contexto da fonte;3. O condutor revisa antes de finalizar o dia. Sua confirmação é a aprovação necessária para iniciar a emissão.;B01 B11 B12;B01;C0 + C1;B14 B15;"Planejamento novo; decisões ainda não homologadas";Consultar D01-D11 e B01 quando houver proposta/conflito;"Mapeado; implementação não realizada nesta entrega";"A preencher na execução; ver critérios e saída obrigatória do bloco"
RDA-L0029;;audita-pro-planejamento-rda-v0.1.md;0.1;29;2. Decisões centrais;Requisito/regra e contexto da fonte;"4. O fechamento congela os dados; o PDF é gerado a partir dessa cópia, sem consultar informações que possam mudar depois.";B01 B11 B12;B01;C0 + C1;B14 B15;"Planejamento novo; decisões ainda não homologadas";Consultar D01-D11 e B01 quando houver proposta/conflito;"Mapeado; implementação não realizada nesta entrega";"A preencher na execução; ver critérios e saída obrigatória do bloco"
RDA-L0030;;audita-pro-planejamento-rda-v0.1.md;0.1;30;2. Decisões centrais;Requisito/regra e contexto da fonte;5. O RDA somente fica **Emitido** quando o PDF daquela revisão estiver pronto e publicado.;B01 B11 B12;B01;C0 + C1;B14 B15;"Planejamento novo; decisões ainda não homologadas";Consultar D01-D11 e B01 quando houver proposta/conflito;"Mapeado; implementação não realizada nesta entrega";"A preencher na execução; ver critérios e saída obrigatória do bloco"
RDA-L0031;;audita-pro-planejamento-rda-v0.1.md;0.1;31;2. Decisões centrais;Requisito/regra e contexto da fonte;6. Todos os usuários autorizados da organização cliente poderão consultar os RDAs emitidos, mesmo sem presença no dia.;B01 B11 B12;B01;C0 + C1;B14 B15;"Planejamento novo; decisões ainda não homologadas";Consultar D01-D11 e B01 quando houver proposta/conflito;"Mapeado; implementação não realizada nesta entrega";"A preencher na execução; ver critérios e saída obrigatória do bloco"
RDA-L0032;;audita-pro-planejamento-rda-v0.1.md;0.1;32;2. Decisões centrais;Requisito/regra e contexto da fonte;7. Presença, direito de consulta e confirmação de ciência são registros distintos.;B01 B11 B12;B01;C0 + C1;B14 B15;"Planejamento novo; decisões ainda não homologadas";Consultar D01-D11 e B01 quando houver proposta/conflito;"Mapeado; implementação não realizada nesta entrega";"A preencher na execução; ver critérios e saída obrigatória do bloco"
RDA-L0033;;audita-pro-planejamento-rda-v0.1.md;0.1;33;2. Decisões centrais;Requisito/regra e contexto da fonte;8. Resultado diário e progresso acumulado aparecem separados.;B01 B11 B12;B01;C0 + C1;B14 B15;"Planejamento novo; decisões ainda não homologadas";Consultar D01-D11 e B01 quando houver proposta/conflito;"Mapeado; implementação não realizada nesta entrega";"A preencher na execução; ver critérios e saída obrigatória do bloco"
RDA-L0034;;audita-pro-planejamento-rda-v0.1.md;0.1;34;2. Decisões centrais;Requisito/regra e contexto da fonte;9. Fotos e documentos entram no PDF por seleção do condutor, com legenda e referência.;B01 B11 B12;B01;C0 + C1;B14 B15;"Planejamento novo; decisões ainda não homologadas";Consultar D01-D11 e B01 quando houver proposta/conflito;"Mapeado; implementação não realizada nesta entrega";"A preencher na execução; ver critérios e saída obrigatória do bloco"
RDA-L0035;;audita-pro-planejamento-rda-v0.1.md;0.1;35;2. Decisões centrais;Requisito/regra e contexto da fonte;10. O RDA não contém decisão de certificação. Essa informação pertence ao relatório final.;B01 B11 B12;B01;C0 + C1;B14 B15;"Planejamento novo; decisões ainda não homologadas";Consultar D01-D11 e B01 quando houver proposta/conflito;"Mapeado; implementação não realizada nesta entrega";"A preencher na execução; ver critérios e saída obrigatória do bloco"
RDA-L0039;;audita-pro-planejamento-rda-v0.1.md;0.1;39;3. O que será aproveitado e o que muda;"Contexto/reutilização; conferir contra baseline atual";| Tema | Base atual | Evolução proposta |;B00 B01;B00;C0;B14 B15;Diferença confirmada entre migrations remotas e código local/GitHub;Consultar D01-D11 e B01 quando houver proposta/conflito;"Mapeado; implementação não realizada nesta entrega";"A preencher na execução; ver critérios e saída obrigatória do bloco"
RDA-L0041;;audita-pro-planejamento-rda-v0.1.md;0.1;41;3. O que será aproveitado e o que muda;"Contexto/reutilização; conferir contra baseline atual";| Vínculos | Empresa, auditoria e dia já relacionados | Preservar os identificadores e evidenciar os vínculos no documento |;B00 B01;B00;C0;B14 B15;Diferença confirmada entre migrations remotas e código local/GitHub;Consultar D01-D11 e B01 quando houver proposta/conflito;"Mapeado; implementação não realizada nesta entrega";"A preencher na execução; ver critérios e saída obrigatória do bloco"
RDA-L0042;;audita-pro-planejamento-rda-v0.1.md;0.1;42;3. O que será aproveitado e o que muda;"Contexto/reutilização; conferir contra baseline atual";"| Fechamento | Encerra o dia e gera documento para revisão posterior | Revisar e pré-visualizar antes; fechamento confirmado autoriza a emissão |";B00 B01;B00;C0;B14 B15;Diferença confirmada entre migrations remotas e código local/GitHub;Consultar D01-D11 e B01 quando houver proposta/conflito;"Mapeado; implementação não realizada nesta entrega";"A preencher na execução; ver critérios e saída obrigatória do bloco"
RDA-L0043;;audita-pro-planejamento-rda-v0.1.md;0.1;43;3. O que será aproveitado e o que muda;"Contexto/reutilização; conferir contra baseline atual";| Versionamento | Conteúdo congelado e versões já existem | Adicionar identidade RDA, revisão visível e PDF persistente por versão |;B00 B01;B00;C0;B14 B15;Diferença confirmada entre migrations remotas e código local/GitHub;Consultar D01-D11 e B01 quando houver proposta/conflito;"Mapeado; implementação não realizada nesta entrega";"A preencher na execução; ver critérios e saída obrigatória do bloco"
RDA-L0044;;audita-pro-planejamento-rda-v0.1.md;0.1;44;3. O que será aproveitado e o que muda;"Contexto/reutilização; conferir contra baseline atual";| Acesso do cliente | Destinatários ligados à presença diária | Consulta do RDA emitido por vínculo ativo com a organização, independentemente da presença |;B00 B01;B00;C0;B14 B15;Diferença confirmada entre migrations remotas e código local/GitHub;Consultar D01-D11 e B01 quando houver proposta/conflito;"Mapeado; implementação não realizada nesta entrega";"A preencher na execução; ver critérios e saída obrigatória do bloco"
RDA-L0045;;audita-pro-planejamento-rda-v0.1.md;0.1;45;3. O que será aproveitado e o que muda;"Contexto/reutilização; conferir contra baseline atual";| PDF | Gerado no navegador ao solicitar | Gerado automaticamente após fechamento e armazenado de forma privada |;B00 B01;B00;C0;B14 B15;Diferença confirmada entre migrations remotas e código local/GitHub;Consultar D01-D11 e B01 quando houver proposta/conflito;"Mapeado; implementação não realizada nesta entrega";"A preencher na execução; ver critérios e saída obrigatória do bloco"
RDA-L0046;;audita-pro-planejamento-rda-v0.1.md;0.1;46;3. O que será aproveitado e o que muda;"Contexto/reutilização; conferir contra baseline atual";| Progresso | Itens aplicáveis avaliados ÷ itens aplicáveis | Progresso de execução: processados, incluindo N/A justificado, ÷ itens do escopo |;B00 B01;B00;C0;B14 B15;Diferença confirmada entre migrations remotas e código local/GitHub;Consultar D01-D11 e B01 quando houver proposta/conflito;"Mapeado; implementação não realizada nesta entrega";"A preencher na execução; ver critérios e saída obrigatória do bloco"
RDA-L0047;;audita-pro-planejamento-rda-v0.1.md;0.1;47;3. O que será aproveitado e o que muda;"Contexto/reutilização; conferir contra baseline atual";| Conteúdo manual | Campo de complementos | Resumo executivo, pendências e considerações em campos separados |;B00 B01;B00;C0;B14 B15;Diferença confirmada entre migrations remotas e código local/GitHub;Consultar D01-D11 e B01 quando houver proposta/conflito;"Mapeado; implementação não realizada nesta entrega";"A preencher na execução; ver critérios e saída obrigatória do bloco"
RDA-L0048;;audita-pro-planejamento-rda-v0.1.md;0.1;48;3. O que será aproveitado e o que muda;"Contexto/reutilização; conferir contra baseline atual";| Evidências | Texto e anexos privados já disponíveis | Síntese, seleção para publicação, legenda, ordem e referências congeladas |;B00 B01;B00;C0;B14 B15;Diferença confirmada entre migrations remotas e código local/GitHub;Consultar D01-D11 e B01 quando houver proposta/conflito;"Mapeado; implementação não realizada nesta entrega";"A preencher na execução; ver critérios e saída obrigatória do bloco"
RDA-L0049;;audita-pro-planejamento-rda-v0.1.md;0.1;49;3. O que será aproveitado e o que muda;"Contexto/reutilização; conferir contra baseline atual";| Achados | NC e notas de avaliação | OBS e OM estruturadas, distintas do resultado do requisito |;B00 B01;B00;C0;B14 B15;Diferença confirmada entre migrations remotas e código local/GitHub;Consultar D01-D11 e B01 quando houver proposta/conflito;"Mapeado; implementação não realizada nesta entrega";"A preencher na execução; ver critérios e saída obrigatória do bloco"
RDA-L0050;;audita-pro-planejamento-rda-v0.1.md;0.1;50;3. O que será aproveitado e o que muda;"Contexto/reutilização; conferir contra baseline atual";| Cronograma | Plano versionado e movimentações | Situação diária explícita, execução parcial, desvios e continuidade |;B00 B01;B00;C0;B14 B15;Diferença confirmada entre migrations remotas e código local/GitHub;Consultar D01-D11 e B01 quando houver proposta/conflito;"Mapeado; implementação não realizada nesta entrega";"A preencher na execução; ver critérios e saída obrigatória do bloco"
RDA-L0051;;audita-pro-planejamento-rda-v0.1.md;0.1;51;3. O que será aproveitado e o que muda;"Contexto/reutilização; conferir contra baseline atual";| Apresentação | Documento textual com logo Audita PRO | Padrão documental Audita com gráficos, cabeçalho e rodapé em todas as páginas |;B00 B01;B00;C0;B14 B15;Diferença confirmada entre migrations remotas e código local/GitHub;Consultar D01-D11 e B01 quando houver proposta/conflito;"Mapeado; implementação não realizada nesta entrega";"A preencher na execução; ver critérios e saída obrigatória do bloco"
RDA-L0053;;audita-pro-planejamento-rda-v0.1.md;0.1;53;3. O que será aproveitado e o que muda;"Contexto/reutilização; conferir contra baseline atual";Essas mudanças não autorizam reescrever os documentos já emitidos nem ampliar automaticamente a consulta de evidências originais, atas ou relatórios finais.;B00 B01;B00;C0;B14 B15;Diferença confirmada entre migrations remotas e código local/GitHub;Consultar D01-D11 e B01 quando houver proposta/conflito;"Mapeado; implementação não realizada nesta entrega";"A preencher na execução; ver critérios e saída obrigatória do bloco"
RDA-L0057;RDA-01;audita-pro-planejamento-rda-v0.1.md;0.1;57;4. Identificação e controle documental;Requisito/regra e contexto da fonte;Exemplo ilustrativo: **AUD-2026-0001 / RDA-01 / Rev.00**.;B03 B11;B03;C1;B14 B15;"Contrato 3 existente; unidade, corte temporal e fórmulas a harmonizar";Consultar D01-D11 e B01 quando houver proposta/conflito;"Mapeado; implementação não realizada nesta entrega";"A preencher na execução; ver critérios e saída obrigatória do bloco"
RDA-L0059;;audita-pro-planejamento-rda-v0.1.md;0.1;59;4. Identificação e controle documental;Requisito/regra e contexto da fonte;"- O código da auditoria existente será preservado; o exemplo não exige recodificar auditorias anteriores.";B03 B11;B03;C1;B14 B15;"Contrato 3 existente; unidade, corte temporal e fórmulas a harmonizar";Consultar D01-D11 e B01 quando houver proposta/conflito;"Mapeado; implementação não realizada nesta entrega";"A preencher na execução; ver critérios e saída obrigatória do bloco"
RDA-L0060;RDA-01;audita-pro-planejamento-rda-v0.1.md;0.1;60;4. Identificação e controle documental;Requisito/regra e contexto da fonte;- `RDA-01` identifica um documento lógico dentro da auditoria. A numeração será atribuída ao primeiro fechamento, sem duplicidade, e permanecerá estável.;B03 B11;B03;C1;B14 B15;"Contrato 3 existente; unidade, corte temporal e fórmulas a harmonizar";Consultar D01-D11 e B01 quando houver proposta/conflito;"Mapeado; implementação não realizada nesta entrega";"A preencher na execução; ver critérios e saída obrigatória do bloco"
RDA-L0061;;audita-pro-planejamento-rda-v0.1.md;0.1;61;4. Identificação e controle documental;Requisito/regra e contexto da fonte;- A data auditada e o número do dia são informações separadas do identificador do RDA. Inserir ou corrigir uma data no planejamento não renumera relatórios emitidos.;B03 B11;B03;C1;B14 B15;"Contrato 3 existente; unidade, corte temporal e fórmulas a harmonizar";Consultar D01-D11 e B01 quando houver proposta/conflito;"Mapeado; implementação não realizada nesta entrega";"A preencher na execução; ver critérios e saída obrigatória do bloco"
RDA-L0062;;audita-pro-planejamento-rda-v0.1.md;0.1;62;4. Identificação e controle documental;Requisito/regra e contexto da fonte;"- A primeira emissão aparece como `Rev.00`; as seguintes, `Rev.01`, `Rev.02` etc. É possível manter a numeração técnica interna já existente, com conversão apenas na apresentação.";B03 B11;B03;C1;B14 B15;"Contrato 3 existente; unidade, corte temporal e fórmulas a harmonizar";Consultar D01-D11 e B01 quando houver proposta/conflito;"Mapeado; implementação não realizada nesta entrega";"A preencher na execução; ver critérios e saída obrigatória do bloco"
RDA-L0063;;audita-pro-planejamento-rda-v0.1.md;0.1;63;4. Identificação e controle documental;Requisito/regra e contexto da fonte;- Código de cliente: reutilizar o cadastro existente quando houver. Se faltar, prever um identificador curto e estável, sem torná-lo uma informação a digitar a cada relatório. Não usar CPF como código.;B03 B11;B03;C1;B14 B15;"Contrato 3 existente; unidade, corte temporal e fórmulas a harmonizar";Consultar D01-D11 e B01 quando houver proposta/conflito;"Mapeado; implementação não realizada nesta entrega";"A preencher na execução; ver critérios e saída obrigatória do bloco"
RDA-L0064;;audita-pro-planejamento-rda-v0.1.md;0.1;64;4. Identificação e controle documental;Requisito/regra e contexto da fonte;- Data auditada, horário real de execução, horário de fechamento e horário de emissão são campos diferentes.;B03 B11;B03;C1;B14 B15;"Contrato 3 existente; unidade, corte temporal e fórmulas a harmonizar";Consultar D01-D11 e B01 quando houver proposta/conflito;"Mapeado; implementação não realizada nesta entrega";"A preencher na execução; ver critérios e saída obrigatória do bloco"
RDA-L0065;;audita-pro-planejamento-rda-v0.1.md;0.1;65;4. Identificação e controle documental;Requisito/regra e contexto da fonte;- Armazenar instantes com referência temporal consistente e apresentá-los no fuso da auditoria. Um registro salvo depois da meia-noite não deve mudar de dia auditado automaticamente.;B03 B11;B03;C1;B14 B15;"Contrato 3 existente; unidade, corte temporal e fórmulas a harmonizar";Consultar D01-D11 e B01 quando houver proposta/conflito;"Mapeado; implementação não realizada nesta entrega";"A preencher na execução; ver critérios e saída obrigatória do bloco"
RDA-L0067;;audita-pro-planejamento-rda-v0.1.md;0.1;67;4. Identificação e controle documental;Requisito/regra e contexto da fonte;O controle de cada revisão incluirá autor do fechamento, data/hora, aprovador/condutor, motivo da revisão, versão do plano, versão do modelo documental, regra de indicadores, identificador do PDF e resumo de integridade do arquivo.;B03 B11;B03;C1;B14 B15;"Contrato 3 existente; unidade, corte temporal e fórmulas a harmonizar";Consultar D01-D11 e B01 quando houver proposta/conflito;"Mapeado; implementação não realizada nesta entrega";"A preencher na execução; ver critérios e saída obrigatória do bloco"
RDA-L0071;;audita-pro-planejamento-rda-v0.1.md;0.1;71;5. Estrutura oficial do RDA;Requisito/regra e contexto da fonte;Adotar a sequência final de 14 seções apresentada no anexo.;B10;B10;C3 + C1;B14 B15;"Achados e seleção de evidências no banco; composição RDA parcial";Consultar D01-D11 e B01 quando houver proposta/conflito;"Mapeado; implementação não realizada nesta entrega";"A preencher na execução; ver critérios e saída obrigatória do bloco"
RDA-L0073;;audita-pro-planejamento-rda-v0.1.md;0.1;73;5. Estrutura oficial do RDA;Requisito/regra e contexto da fonte;| Seção | Conteúdo | Origem e edição |;B10;B10;C3 + C1;B14 B15;"Achados e seleção de evidências no banco; composição RDA parcial";Consultar D01-D11 e B01 quando houver proposta/conflito;"Mapeado; implementação não realizada nesta entrega";"A preencher na execução; ver critérios e saída obrigatória do bloco"
RDA-L0075;;audita-pro-planejamento-rda-v0.1.md;0.1;75;5. Estrutura oficial do RDA;Requisito/regra e contexto da fonte;| 1. Identificação da auditoria | Cliente, CNPJ, código do cliente/auditoria/RDA, revisão, data, período, critérios/normas e edições, natureza, tipo, localização, objetivo, escopo, condutor, equipe e presentes | Automática a partir dos registros e da presença efetiva |;B10;B10;C3 + C1;B14 B15;"Achados e seleção de evidências no banco; composição RDA parcial";Consultar D01-D11 e B01 quando houver proposta/conflito;"Mapeado; implementação não realizada nesta entrega";"A preencher na execução; ver critérios e saída obrigatória do bloco"
RDA-L0076;;audita-pro-planejamento-rda-v0.1.md;0.1;76;5. Estrutura oficial do RDA;Requisito/regra e contexto da fonte;| 2. Resumo executivo do dia | Contexto e síntese das atividades | Texto obrigatório do condutor |;B10;B10;C3 + C1;B14 B15;"Achados e seleção de evidências no banco; composição RDA parcial";Consultar D01-D11 e B01 quando houver proposta/conflito;"Mapeado; implementação não realizada nesta entrega";"A preencher na execução; ver critérios e saída obrigatória do bloco"
RDA-L0077;;audita-pro-planejamento-rda-v0.1.md;0.1;77;5. Estrutura oficial do RDA;Requisito/regra e contexto da fonte;"| 3. Atividades planejadas × realizadas | Horários, processo/área, atividade, responsável, execução e desvio | Plano de referência + execução; justificativas registradas pelo condutor |";B10;B10;C3 + C1;B14 B15;"Achados e seleção de evidências no banco; composição RDA parcial";Consultar D01-D11 e B01 quando houver proposta/conflito;"Mapeado; implementação não realizada nesta entrega";"A preencher na execução; ver critérios e saída obrigatória do bloco"
RDA-L0078;;audita-pro-planejamento-rda-v0.1.md;0.1;78;5. Estrutura oficial do RDA;Requisito/regra e contexto da fonte;| 4. Indicadores do dia | Contagens, legenda e gráfico dos resultados | Cálculo automático do conjunto diário |;B10;B10;C3 + C1;B14 B15;"Achados e seleção de evidências no banco; composição RDA parcial";Consultar D01-D11 e B01 quando houver proposta/conflito;"Mapeado; implementação não realizada nesta entrega";"A preencher na execução; ver critérios e saída obrigatória do bloco"
RDA-L0079;;audita-pro-planejamento-rda-v0.1.md;0.1;79;5. Estrutura oficial do RDA;Requisito/regra e contexto da fonte;| 5. Progresso acumulado | Processados, pendentes, total do escopo e gráfico | Cálculo congelado no fechamento |;B10;B10;C3 + C1;B14 B15;"Achados e seleção de evidências no banco; composição RDA parcial";Consultar D01-D11 e B01 quando houver proposta/conflito;"Mapeado; implementação não realizada nesta entrega";"A preencher na execução; ver critérios e saída obrigatória do bloco"
RDA-L0080;;audita-pro-planejamento-rda-v0.1.md;0.1;80;5. Estrutura oficial do RDA;Requisito/regra e contexto da fonte;"| 6. Requisitos avaliados | Norma/critério, item, processo/local, resultado, síntese da evidência e referência do registro | Checklist; síntese revisável e rastreável |";B10;B10;C3 + C1;B14 B15;"Achados e seleção de evidências no banco; composição RDA parcial";Consultar D01-D11 e B01 quando houver proposta/conflito;"Mapeado; implementação não realizada nesta entrega";"A preencher na execução; ver critérios e saída obrigatória do bloco"
RDA-L0081;;audita-pro-planejamento-rda-v0.1.md;0.1;81;5. Estrutura oficial do RDA;Requisito/regra e contexto da fonte;| 7. Não conformidades | Código, requisito, processo, classificação quando definida e descrição resumida | NCs formalizadas naquele dia |;B10;B10;C3 + C1;B14 B15;"Achados e seleção de evidências no banco; composição RDA parcial";Consultar D01-D11 e B01 quando houver proposta/conflito;"Mapeado; implementação não realizada nesta entrega";"A preencher na execução; ver critérios e saída obrigatória do bloco"
RDA-L0082;;audita-pro-planejamento-rda-v0.1.md;0.1;82;5. Estrutura oficial do RDA;Requisito/regra e contexto da fonte;| 8. Observações | Constatações relevantes que não são NC | Registros OBS do dia |;B10;B10;C3 + C1;B14 B15;"Achados e seleção de evidências no banco; composição RDA parcial";Consultar D01-D11 e B01 quando houver proposta/conflito;"Mapeado; implementação não realizada nesta entrega";"A preencher na execução; ver critérios e saída obrigatória do bloco"
RDA-L0083;;audita-pro-planejamento-rda-v0.1.md;0.1;83;5. Estrutura oficial do RDA;Requisito/regra e contexto da fonte;| 9. Oportunidades de melhoria | Sugestões sem caracterizar descumprimento | Registros OM do dia |;B10;B10;C3 + C1;B14 B15;"Achados e seleção de evidências no banco; composição RDA parcial";Consultar D01-D11 e B01 quando houver proposta/conflito;"Mapeado; implementação não realizada nesta entrega";"A preencher na execução; ver critérios e saída obrigatória do bloco"
RDA-L0084;;audita-pro-planejamento-rda-v0.1.md;0.1;84;5. Estrutura oficial do RDA;Requisito/regra e contexto da fonte;| 10. Evidências selecionadas | Fotos, legendas e referências de documentos | Seleção explícita do condutor |;B10;B10;C3 + C1;B14 B15;"Achados e seleção de evidências no banco; composição RDA parcial";Consultar D01-D11 e B01 quando houver proposta/conflito;"Mapeado; implementação não realizada nesta entrega";"A preencher na execução; ver critérios e saída obrigatória do bloco"
RDA-L0085;;audita-pro-planejamento-rda-v0.1.md;0.1;85;5. Estrutura oficial do RDA;Requisito/regra e contexto da fonte;| 11. Pendências e acompanhamento | Demanda, origem, responsável quando definido, destino/prazo e situação | Itens pendentes + complementação do condutor |;B10;B10;C3 + C1;B14 B15;"Achados e seleção de evidências no banco; composição RDA parcial";Consultar D01-D11 e B01 quando houver proposta/conflito;"Mapeado; implementação não realizada nesta entrega";"A preencher na execução; ver critérios e saída obrigatória do bloco"
RDA-L0086;;audita-pro-planejamento-rda-v0.1.md;0.1;86;5. Estrutura oficial do RDA;Requisito/regra e contexto da fonte;| 12. Alterações em relação ao plano | Previsão anterior, alteração, destino, motivo e autoria | Histórico do cronograma |;B10;B10;C3 + C1;B14 B15;"Achados e seleção de evidências no banco; composição RDA parcial";Consultar D01-D11 e B01 quando houver proposta/conflito;"Mapeado; implementação não realizada nesta entrega";"A preencher na execução; ver critérios e saída obrigatória do bloco"
RDA-L0087;;audita-pro-planejamento-rda-v0.1.md;0.1;87;5. Estrutura oficial do RDA;Requisito/regra e contexto da fonte;| 13. Considerações do condutor | Contexto técnico adicional do dia | Texto ou declaração explícita de ausência |;B10;B10;C3 + C1;B14 B15;"Achados e seleção de evidências no banco; composição RDA parcial";Consultar D01-D11 e B01 quando houver proposta/conflito;"Mapeado; implementação não realizada nesta entrega";"A preencher na execução; ver critérios e saída obrigatória do bloco"
RDA-L0088;;audita-pro-planejamento-rda-v0.1.md;0.1;88;5. Estrutura oficial do RDA;Requisito/regra e contexto da fonte;| 14. Controle documental | Emissão, revisão, responsável e histórico | Automático |;B10;B10;C3 + C1;B14 B15;"Achados e seleção de evidências no banco; composição RDA parcial";Consultar D01-D11 e B01 quando houver proposta/conflito;"Mapeado; implementação não realizada nesta entrega";"A preencher na execução; ver critérios e saída obrigatória do bloco"
RDA-L0092;;audita-pro-planejamento-rda-v0.1.md;0.1;92;5. Estrutura oficial do RDA / Campos com significado inequívoco;Requisito/regra e contexto da fonte;"“Natureza”, “tipo”, “parte” e “modalidade” não devem se tornar campos duplicados com o mesmo significado. Na implementação, mapear o cadastro existente e apresentar separadamente: critério/norma; finalidade, como certificação/manutenção quando pertinente; primeira/segunda/terceira parte; presencial/remota/híbrida. Ajustar os rótulos com os próximos documentos do plano e checklist.";B10;B10;C3 + C1;B14 B15;"Achados e seleção de evidências no banco; composição RDA parcial";Consultar D01-D11 e B01 quando houver proposta/conflito;"Mapeado; implementação não realizada nesta entrega";"A preencher na execução; ver critérios e saída obrigatória do bloco"
RDA-L0094;;audita-pro-planejamento-rda-v0.1.md;0.1;94;5. Estrutura oficial do RDA / Campos com significado inequívoco;Requisito/regra e contexto da fonte;Nome/CNPJ, totais e autoria não serão alterados apenas no texto do PDF. A correção deve ocorrer no cadastro de origem antes do fechamento ou em retificação controlada. Os textos humanos podem ser editados na revisão sem alterar silenciosamente a evidência original.;B10;B10;C3 + C1;B14 B15;"Achados e seleção de evidências no banco; composição RDA parcial";Consultar D01-D11 e B01 quando houver proposta/conflito;"Mapeado; implementação não realizada nesta entrega";"A preencher na execução; ver critérios e saída obrigatória do bloco"
RDA-L0098;;audita-pro-planejamento-rda-v0.1.md;0.1;98;6. Indicadores: definição única;Requisito/regra e contexto da fonte;O anexo apresenta duas fórmulas de progresso. Para eliminar a divergência, este plano adota a definição apresentada por último: **progresso de execução inclui N/A processado e justificado**. Essa mudança precisa ser aplicada de maneira coordenada no Dashboard, na auditoria e nos novos RDAs.;B03 B10;B03;C1;B14 B15;"Contrato 3 existente; unidade, corte temporal e fórmulas a harmonizar";Consultar D01-D11 e B01 quando houver proposta/conflito;"Mapeado; implementação não realizada nesta entrega";"A preencher na execução; ver critérios e saída obrigatória do bloco"
RDA-L0102;;audita-pro-planejamento-rda-v0.1.md;0.1;102;6. Indicadores: definição única / Unidade de contagem;Requisito/regra e contexto da fonte;"Contar o item do escopo que deve ser avaliado. No modelo atual, a referência principal é requisito + processo. O mesmo requisito em dois processos representa duas unidades; novas fotos ou novas gravações do mesmo item não aumentam o total. Local/unidade só criará uma unidade adicional quando o planejamento realmente definir verificações independentes.";B03 B10;B03;C1;B14 B15;"Contrato 3 existente; unidade, corte temporal e fórmulas a harmonizar";Consultar D01-D11 e B01 quando houver proposta/conflito;"Mapeado; implementação não realizada nesta entrega";"A preencher na execução; ver critérios e saída obrigatória do bloco"
RDA-L0104;;audita-pro-planejamento-rda-v0.1.md;0.1;104;6. Indicadores: definição única / Unidade de contagem;Requisito/regra e contexto da fonte;Reavaliação do mesmo item em outro dia pode aparecer no movimento diário, mas não duplica a unidade no acumulado. O histórico anterior permanece registrado.;B03 B10;B03;C1;B14 B15;"Contrato 3 existente; unidade, corte temporal e fórmulas a harmonizar";Consultar D01-D11 e B01 quando houver proposta/conflito;"Mapeado; implementação não realizada nesta entrega";"A preencher na execução; ver critérios e saída obrigatória do bloco"
RDA-L0108;;audita-pro-planejamento-rda-v0.1.md;0.1;108;6. Indicadores: definição única / Indicadores diários;Requisito/regra e contexto da fonte;O conjunto diário reúne os itens previstos para o dia de referência e os itens efetivamente trabalhados nele, incluindo antecipações. Cada unidade aparece uma vez no resumo, com sua situação no fechamento.;B03 B10;B03;C1;B14 B15;"Contrato 3 existente; unidade, corte temporal e fórmulas a harmonizar";Consultar D01-D11 e B01 quando houver proposta/conflito;"Mapeado; implementação não realizada nesta entrega";"A preencher na execução; ver critérios e saída obrigatória do bloco"
RDA-L0110;;audita-pro-planejamento-rda-v0.1.md;0.1;110;6. Indicadores: definição única / Indicadores diários;Requisito/regra e contexto da fonte;Mostrar separadamente:;B03 B10;B03;C1;B14 B15;"Contrato 3 existente; unidade, corte temporal e fórmulas a harmonizar";Consultar D01-D11 e B01 quando houver proposta/conflito;"Mapeado; implementação não realizada nesta entrega";"A preencher na execução; ver critérios e saída obrigatória do bloco"
RDA-L0112;;audita-pro-planejamento-rda-v0.1.md;0.1;112;6. Indicadores: definição única / Indicadores diários;Requisito/regra e contexto da fonte;- Total de itens contemplados no dia.;B03 B10;B03;C1;B14 B15;"Contrato 3 existente; unidade, corte temporal e fórmulas a harmonizar";Consultar D01-D11 e B01 quando houver proposta/conflito;"Mapeado; implementação não realizada nesta entrega";"A preencher na execução; ver critérios e saída obrigatória do bloco"
RDA-L0113;;audita-pro-planejamento-rda-v0.1.md;0.1;113;6. Indicadores: definição única / Indicadores diários;Requisito/regra e contexto da fonte;- Avaliados aplicáveis: conformes + parcialmente conformes + não conformes.;B03 B10;B03;C1;B14 B15;"Contrato 3 existente; unidade, corte temporal e fórmulas a harmonizar";Consultar D01-D11 e B01 quando houver proposta/conflito;"Mapeado; implementação não realizada nesta entrega";"A preencher na execução; ver critérios e saída obrigatória do bloco"
RDA-L0114;;audita-pro-planejamento-rda-v0.1.md;0.1;114;6. Indicadores: definição única / Indicadores diários;Requisito/regra e contexto da fonte;- Processados: avaliados aplicáveis + não aplicáveis justificados.;B03 B10;B03;C1;B14 B15;"Contrato 3 existente; unidade, corte temporal e fórmulas a harmonizar";Consultar D01-D11 e B01 quando houver proposta/conflito;"Mapeado; implementação não realizada nesta entrega";"A preencher na execução; ver critérios e saída obrigatória do bloco"
RDA-L0115;;audita-pro-planejamento-rda-v0.1.md;0.1;115;6. Indicadores: definição única / Indicadores diários;Requisito/regra e contexto da fonte;- Não avaliados: itens diários ainda pendentes, inclusive os transferidos antes da avaliação.;B03 B10;B03;C1;B14 B15;"Contrato 3 existente; unidade, corte temporal e fórmulas a harmonizar";Consultar D01-D11 e B01 quando houver proposta/conflito;"Mapeado; implementação não realizada nesta entrega";"A preencher na execução; ver critérios e saída obrigatória do bloco"
RDA-L0116;;audita-pro-planejamento-rda-v0.1.md;0.1;116;6. Indicadores: definição única / Indicadores diários;Requisito/regra e contexto da fonte;- OBS e OM: contagens de registros próprios, sem entrar na soma dos resultados do checklist.;B03 B10;B03;C1;B14 B15;"Contrato 3 existente; unidade, corte temporal e fórmulas a harmonizar";Consultar D01-D11 e B01 quando houver proposta/conflito;"Mapeado; implementação não realizada nesta entrega";"A preencher na execução; ver critérios e saída obrigatória do bloco"
RDA-L0118;;audita-pro-planejamento-rda-v0.1.md;0.1;118;6. Indicadores: definição única / Indicadores diários;Requisito/regra e contexto da fonte;O exemplo do anexo soma 28 itens: 21 conformes + 3 parciais + 2 não conformes + 1 N/A + 1 não avaliado. Portanto, são **28 itens no conjunto, 27 processados e 26 avaliados aplicáveis**, e não 28 avaliados. O documento usará rótulos que evitem essa confusão.;B03 B10;B03;C1;B14 B15;"Contrato 3 existente; unidade, corte temporal e fórmulas a harmonizar";Consultar D01-D11 e B01 quando houver proposta/conflito;"Mapeado; implementação não realizada nesta entrega";"A preencher na execução; ver critérios e saída obrigatória do bloco"
RDA-L0122;;audita-pro-planejamento-rda-v0.1.md;0.1;122;6. Indicadores: definição única / Progresso acumulado;Requisito/regra e contexto da fonte;`Progresso de execução = (C + PC + NC + N/A justificado) ÷ total de itens do escopo vigente × 100`.;B03 B10;B03;C1;B14 B15;"Contrato 3 existente; unidade, corte temporal e fórmulas a harmonizar";Consultar D01-D11 e B01 quando houver proposta/conflito;"Mapeado; implementação não realizada nesta entrega";"A preencher na execução; ver critérios e saída obrigatória do bloco"
RDA-L0124;;audita-pro-planejamento-rda-v0.1.md;0.1;124;6. Indicadores: definição única / Progresso acumulado;Requisito/regra e contexto da fonte;Exemplo: 55 C + 5 PC + 3 NC + 7 N/A + 30 não avaliados = 100 itens → **70% de execução**.;B03 B10;B03;C1;B14 B15;"Contrato 3 existente; unidade, corte temporal e fórmulas a harmonizar";Consultar D01-D11 e B01 quando houver proposta/conflito;"Mapeado; implementação não realizada nesta entrega";"A preencher na execução; ver critérios e saída obrigatória do bloco"
RDA-L0126;;audita-pro-planejamento-rda-v0.1.md;0.1;126;6. Indicadores: definição única / Progresso acumulado;Requisito/regra e contexto da fonte;- N/A não fica pendente e continua exigindo justificativa.;B03 B10;B03;C1;B14 B15;"Contrato 3 existente; unidade, corte temporal e fórmulas a harmonizar";Consultar D01-D11 e B01 quando houver proposta/conflito;"Mapeado; implementação não realizada nesta entrega";"A preencher na execução; ver critérios e saída obrigatória do bloco"
RDA-L0127;;audita-pro-planejamento-rda-v0.1.md;0.1;127;6. Indicadores: definição única / Progresso acumulado;Requisito/regra e contexto da fonte;- Nenhum item no escopo: “Sem itens definidos”, sem divisão por zero.;B03 B10;B03;C1;B14 B15;"Contrato 3 existente; unidade, corte temporal e fórmulas a harmonizar";Consultar D01-D11 e B01 quando houver proposta/conflito;"Mapeado; implementação não realizada nesta entrega";"A preencher na execução; ver critérios e saída obrigatória do bloco"
RDA-L0128;;audita-pro-planejamento-rda-v0.1.md;0.1;128;6. Indicadores: definição única / Progresso acumulado;Requisito/regra e contexto da fonte;"- Todos os itens N/A e justificados: 100% processados, com destaque “Nenhum item aplicável”; isso não significa conformidade nem certificação.";B03 B10;B03;C1;B14 B15;"Contrato 3 existente; unidade, corte temporal e fórmulas a harmonizar";Consultar D01-D11 e B01 quando houver proposta/conflito;"Mapeado; implementação não realizada nesta entrega";"A preencher na execução; ver critérios e saída obrigatória do bloco"
RDA-L0129;;audita-pro-planejamento-rda-v0.1.md;0.1;129;6. Indicadores: definição única / Progresso acumulado;Requisito/regra e contexto da fonte;- Alterar escopo pode mudar o denominador. Registrar o motivo e a versão do plano, sem recalcular RDAs anteriores.;B03 B10;B03;C1;B14 B15;"Contrato 3 existente; unidade, corte temporal e fórmulas a harmonizar";Consultar D01-D11 e B01 quando houver proposta/conflito;"Mapeado; implementação não realizada nesta entrega";"A preencher na execução; ver critérios e saída obrigatória do bloco"
RDA-L0130;;audita-pro-planejamento-rda-v0.1.md;0.1;130;6. Indicadores: definição única / Progresso acumulado;Requisito/regra e contexto da fonte;"- Oportunidade de melhoria não será resultado de conformidade. Se houver registros legados nesse estado, sua conversão exigirá análise; não assumir automaticamente que eram conformes.";B03 B10;B03;C1;B14 B15;"Contrato 3 existente; unidade, corte temporal e fórmulas a harmonizar";Consultar D01-D11 e B01 quando houver proposta/conflito;"Mapeado; implementação não realizada nesta entrega";"A preencher na execução; ver critérios e saída obrigatória do bloco"
RDA-L0131;;audita-pro-planejamento-rda-v0.1.md;0.1;131;6. Indicadores: definição única / Progresso acumulado;Requisito/regra e contexto da fonte;- Índice de conformidade fica fora do RDA v0.1.;B03 B10;B03;C1;B14 B15;"Contrato 3 existente; unidade, corte temporal e fórmulas a harmonizar";Consultar D01-D11 e B01 quando houver proposta/conflito;"Mapeado; implementação não realizada nesta entrega";"A preencher na execução; ver critérios e saída obrigatória do bloco"
RDA-L0135;;audita-pro-planejamento-rda-v0.1.md;0.1;135;6. Indicadores: definição única / Gráficos;Requisito/regra e contexto da fonte;"1. **Resultados do dia:** barras com C, PC, NC e N/A, cores consistentes, números e legenda. O total não avaliado aparece em indicador separado. Barras são a opção inicial por permitirem leitura direta; não é necessário incluir uma segunda visualização com os mesmos dados.";B03 B10;B03;C1;B14 B15;"Contrato 3 existente; unidade, corte temporal e fórmulas a harmonizar";Consultar D01-D11 e B01 quando houver proposta/conflito;"Mapeado; implementação não realizada nesta entrega";"A preencher na execução; ver critérios e saída obrigatória do bloco"
RDA-L0136;;audita-pro-planejamento-rda-v0.1.md;0.1;136;6. Indicadores: definição única / Gráficos;Requisito/regra e contexto da fonte;2. **Execução acumulada:** barra proporcional “Processados × Pendentes”, com fração e percentual. Exemplo: “70 de 100 itens processados — 70%”.;B03 B10;B03;C1;B14 B15;"Contrato 3 existente; unidade, corte temporal e fórmulas a harmonizar";Consultar D01-D11 e B01 quando houver proposta/conflito;"Mapeado; implementação não realizada nesta entrega";"A preencher na execução; ver critérios e saída obrigatória do bloco"
RDA-L0138;;audita-pro-planejamento-rda-v0.1.md;0.1;138;6. Indicadores: definição única / Gráficos;Requisito/regra e contexto da fonte;Gráficos usarão dados congelados, permanecerão legíveis em impressão monocromática e trarão valores textuais. Não haverá gráfico vazio artificial nem percentuais ilustrativos em documentos reais.;B03 B10;B03;C1;B14 B15;"Contrato 3 existente; unidade, corte temporal e fórmulas a harmonizar";Consultar D01-D11 e B01 quando houver proposta/conflito;"Mapeado; implementação não realizada nesta entrega";"A preencher na execução; ver critérios e saída obrigatória do bloco"
RDA-L0142;;audita-pro-planejamento-rda-v0.1.md;0.1;142;7. Cronograma, desvios e trabalho restante;Requisito/regra e contexto da fonte;O RDA deve comparar o plano vigente no início do dia, mudanças ocorridas durante o dia e execução real. Comparar apenas com o plano final esconderia transferências já realizadas.;B07 B10 B11;B07;C3 + C1;B14 B15;"Cronograma e movimentos existentes; evolução parcial pendente";Consultar D01-D11 e B01 quando houver proposta/conflito;"Mapeado; implementação não realizada nesta entrega";"A preencher na execução; ver critérios e saída obrigatória do bloco"
RDA-L0144;;audita-pro-planejamento-rda-v0.1.md;0.1;144;7. Cronograma, desvios e trabalho restante;Requisito/regra e contexto da fonte;| Situação no RDA | Regra |;B07 B10 B11;B07;C3 + C1;B14 B15;"Cronograma e movimentos existentes; evolução parcial pendente";Consultar D01-D11 e B01 quando houver proposta/conflito;"Mapeado; implementação não realizada nesta entrega";"A preencher na execução; ver critérios e saída obrigatória do bloco"
RDA-L0146;;audita-pro-planejamento-rda-v0.1.md;0.1;146;7. Cronograma, desvios e trabalho restante;Requisito/regra e contexto da fonte;| Realizada | Trabalho previsto concluído, independentemente de os resultados serem conformes ou não |;B07 B10 B11;B07;C3 + C1;B14 B15;"Cronograma e movimentos existentes; evolução parcial pendente";Consultar D01-D11 e B01 quando houver proposta/conflito;"Mapeado; implementação não realizada nesta entrega";"A preencher na execução; ver critérios e saída obrigatória do bloco"
RDA-L0147;;audita-pro-planejamento-rda-v0.1.md;0.1;147;7. Cronograma, desvios e trabalho restante;Requisito/regra e contexto da fonte;"| Realizada parcialmente | Uma parte identificável foi feita; registrar o que foi realizado, o que falta e o encaminhamento |";B07 B10 B11;B07;C3 + C1;B14 B15;"Cronograma e movimentos existentes; evolução parcial pendente";Consultar D01-D11 e B01 quando houver proposta/conflito;"Mapeado; implementação não realizada nesta entrega";"A preencher na execução; ver critérios e saída obrigatória do bloco"
RDA-L0148;;audita-pro-planejamento-rda-v0.1.md;0.1;148;7. Cronograma, desvios e trabalho restante;Requisito/regra e contexto da fonte;| Reprogramada | Trabalho não executado naquele dia transferido para outra data/atividade, com motivo |;B07 B10 B11;B07;C3 + C1;B14 B15;"Cronograma e movimentos existentes; evolução parcial pendente";Consultar D01-D11 e B01 quando houver proposta/conflito;"Mapeado; implementação não realizada nesta entrega";"A preencher na execução; ver critérios e saída obrigatória do bloco"
RDA-L0149;;audita-pro-planejamento-rda-v0.1.md;0.1;149;7. Cronograma, desvios e trabalho restante;Requisito/regra e contexto da fonte;"| Não realizada | Trabalho não executado e ainda sem reagendamento confirmado; exige motivo e pendência de continuidade |";B07 B10 B11;B07;C3 + C1;B14 B15;"Cronograma e movimentos existentes; evolução parcial pendente";Consultar D01-D11 e B01 quando houver proposta/conflito;"Mapeado; implementação não realizada nesta entrega";"A preencher na execução; ver critérios e saída obrigatória do bloco"
RDA-L0151;;audita-pro-planejamento-rda-v0.1.md;0.1;151;7. Cronograma, desvios e trabalho restante;Requisito/regra e contexto da fonte;Para uma atividade parcial cujo restante foi transferido, manter “Realizada parcialmente” e mostrar separadamente a reprogramação do restante. Não apagar a parcela realizada para registrar a transferência.;B07 B10 B11;B07;C3 + C1;B14 B15;"Cronograma e movimentos existentes; evolução parcial pendente";Consultar D01-D11 e B01 quando houver proposta/conflito;"Mapeado; implementação não realizada nesta entrega";"A preencher na execução; ver critérios e saída obrigatória do bloco"
RDA-L0153;;audita-pro-planejamento-rda-v0.1.md;0.1;153;7. Cronograma, desvios e trabalho restante;Requisito/regra e contexto da fonte;Essas classificações documentais não precisam substituir os estados operacionais de todo o aplicativo. A implementação deve mapear os estados existentes e acrescentar os dados que faltarem.;B07 B10 B11;B07;C3 + C1;B14 B15;"Cronograma e movimentos existentes; evolução parcial pendente";Consultar D01-D11 e B01 quando houver proposta/conflito;"Mapeado; implementação não realizada nesta entrega";"A preencher na execução; ver critérios e saída obrigatória do bloco"
RDA-L0155;;audita-pro-planejamento-rda-v0.1.md;0.1;155;7. Cronograma, desvios e trabalho restante;Requisito/regra e contexto da fonte;Será possível encerrar um dia com trabalho pendente **documentado e encaminhado**, sem marcar atividades artificialmente como concluídas. Isso altera o bloqueio atual que exige conclusão ou reagendamento de toda atividade. Encerrar o dia continua diferente de encerrar a auditoria.;B07 B10 B11;B07;C3 + C1;B14 B15;"Cronograma e movimentos existentes; evolução parcial pendente";Consultar D01-D11 e B01 quando houver proposta/conflito;"Mapeado; implementação não realizada nesta entrega";"A preencher na execução; ver critérios e saída obrigatória do bloco"
RDA-L0157;;audita-pro-planejamento-rda-v0.1.md;0.1;157;7. Cronograma, desvios e trabalho restante;Requisito/regra e contexto da fonte;Uma pendência transferida conserva identidade, origem e vínculo ao trabalho de destino. Uma nota livre no RDA não altera o cronograma sozinha: o condutor deve confirmar o reagendamento na interface correspondente.;B07 B10 B11;B07;C3 + C1;B14 B15;"Cronograma e movimentos existentes; evolução parcial pendente";Consultar D01-D11 e B01 quando houver proposta/conflito;"Mapeado; implementação não realizada nesta entrega";"A preencher na execução; ver critérios e saída obrigatória do bloco"
RDA-L0161;;audita-pro-planejamento-rda-v0.1.md;0.1;161;8. Checklist, NC, OBS e OM;Requisito/regra e contexto da fonte;Cada avaliação deve fornecer ao RDA: requisito e versão do critério, resultado, processo/local, dia auditado, evidência textual/resumida, anexos, autor, data/hora, indicação de amostragem quando houver e vínculos aos achados.;B10;B10;C3 + C1;B14 B15;"Achados e seleção de evidências no banco; composição RDA parcial";Consultar D01-D11 e B01 quando houver proposta/conflito;"Mapeado; implementação não realizada nesta entrega";"A preencher na execução; ver critérios e saída obrigatória do bloco"
RDA-L0163;;audita-pro-planejamento-rda-v0.1.md;0.1;163;8. Checklist, NC, OBS e OM;Requisito/regra e contexto da fonte;- **NC:** descumprimento do critério, formalizado em registro próprio. Usar a estrutura atual, preservando responsável e prazo já previstos.;B10;B10;C3 + C1;B14 B15;"Achados e seleção de evidências no banco; composição RDA parcial";Consultar D01-D11 e B01 quando houver proposta/conflito;"Mapeado; implementação não realizada nesta entrega";"A preencher na execução; ver critérios e saída obrigatória do bloco"
RDA-L0164;;audita-pro-planejamento-rda-v0.1.md;0.1;164;8. Checklist, NC, OBS e OM;Requisito/regra e contexto da fonte;- **OBS:** informação relevante sem caracterizar uma NC.;B10;B10;C3 + C1;B14 B15;"Achados e seleção de evidências no banco; composição RDA parcial";Consultar D01-D11 e B01 quando houver proposta/conflito;"Mapeado; implementação não realizada nesta entrega";"A preencher na execução; ver critérios e saída obrigatória do bloco"
RDA-L0165;;audita-pro-planejamento-rda-v0.1.md;0.1;165;8. Checklist, NC, OBS e OM;Requisito/regra e contexto da fonte;- **OM:** possibilidade de aperfeiçoamento, sem representar automaticamente uma obrigação.;B10;B10;C3 + C1;B14 B15;"Achados e seleção de evidências no banco; composição RDA parcial";Consultar D01-D11 e B01 quando houver proposta/conflito;"Mapeado; implementação não realizada nesta entrega";"A preencher na execução; ver critérios e saída obrigatória do bloco"
RDA-L0167;;audita-pro-planejamento-rda-v0.1.md;0.1;167;8. Checklist, NC, OBS e OM;Requisito/regra e contexto da fonte;OBS e OM terão identificação, texto, autor, data/hora e vínculo com auditoria/dia e, quando pertinente, requisito/processo. Não transformar toda observação livre já existente em OBS formal sem revisão.;B10;B10;C3 + C1;B14 B15;"Achados e seleção de evidências no banco; composição RDA parcial";Consultar D01-D11 e B01 quando houver proposta/conflito;"Mapeado; implementação não realizada nesta entrega";"A preencher na execução; ver critérios e saída obrigatória do bloco"
RDA-L0169;;audita-pro-planejamento-rda-v0.1.md;0.1;169;8. Checklist, NC, OBS e OM;Requisito/regra e contexto da fonte;"Proposta de códigos sequenciais por auditoria: `NC-001`, `OBS-001`, `OM-001`. Preservar os códigos existentes; uma migração não renomeará achados já publicados. Sequências novas devem resistir a criação simultânea e não reutilizar números cancelados.";B10;B10;C3 + C1;B14 B15;"Achados e seleção de evidências no banco; composição RDA parcial";Consultar D01-D11 e B01 quando houver proposta/conflito;"Mapeado; implementação não realizada nesta entrega";"A preencher na execução; ver critérios e saída obrigatória do bloco"
RDA-L0171;;audita-pro-planejamento-rda-v0.1.md;0.1;171;8. Checklist, NC, OBS e OM;Requisito/regra e contexto da fonte;A classificação maior/menor só será exigida quando a metodologia escolhida a definir. Não inferir classificação pela quantidade de evidências.;B10;B10;C3 + C1;B14 B15;"Achados e seleção de evidências no banco; composição RDA parcial";Consultar D01-D11 e B01 quando houver proposta/conflito;"Mapeado; implementação não realizada nesta entrega";"A preencher na execução; ver critérios e saída obrigatória do bloco"
RDA-L0173;;audita-pro-planejamento-rda-v0.1.md;0.1;173;8. Checklist, NC, OBS e OM;Requisito/regra e contexto da fonte;Uma avaliação marcada “Não conforme” exige NC vinculada antes da emissão. A regra atual de permitir apenas justificativa sem NC deverá ser ajustada para novos RDAs. Um resultado “Parcialmente conforme” exige decisão técnica registrada: formalizar NC quando houver descumprimento ou justificar seu tratamento segundo a metodologia adotada. Isso ficará visível na pré-validação.;B10;B10;C3 + C1;B14 B15;"Achados e seleção de evidências no banco; composição RDA parcial";Consultar D01-D11 e B01 quando houver proposta/conflito;"Mapeado; implementação não realizada nesta entrega";"A preencher na execução; ver critérios e saída obrigatória do bloco"
RDA-L0177;;audita-pro-planejamento-rda-v0.1.md;0.1;177;9. Evidências e fotografias;Requisito/regra e contexto da fonte;O registro eletrônico conserva as evidências completas. O RDA inclui a síntese necessária e somente os arquivos selecionados.;B10 B12;B10;C3 + C1;B14 B15;"Achados e seleção de evidências no banco; composição RDA parcial";Consultar D01-D11 e B01 quando houver proposta/conflito;"Mapeado; implementação não realizada nesta entrega";"A preencher na execução; ver critérios e saída obrigatória do bloco"
RDA-L0179;;audita-pro-planejamento-rda-v0.1.md;0.1;179;9. Evidências e fotografias;Requisito/regra e contexto da fonte;No checklist, acrescentar **Incluir no RDA**, legenda e ordem. A prévia mostrará exatamente o material que será publicado.;B10 B12;B10;C3 + C1;B14 B15;"Achados e seleção de evidências no banco; composição RDA parcial";Consultar D01-D11 e B01 quando houver proposta/conflito;"Mapeado; implementação não realizada nesta entrega";"A preencher na execução; ver critérios e saída obrigatória do bloco"
RDA-L0181;;audita-pro-planejamento-rda-v0.1.md;0.1;181;9. Evidências e fotografias;Requisito/regra e contexto da fonte;- Fotos selecionadas: incluir imagem legível, legenda, código da evidência e requisito/processo.;B10 B12;B10;C3 + C1;B14 B15;"Achados e seleção de evidências no banco; composição RDA parcial";Consultar D01-D11 e B01 quando houver proposta/conflito;"Mapeado; implementação não realizada nesta entrega";"A preencher na execução; ver critérios e saída obrigatória do bloco"
RDA-L0182;;audita-pro-planejamento-rda-v0.1.md;0.1;182;9. Evidências e fotografias;Requisito/regra e contexto da fonte;"- Documentos PDF selecionados: inicialmente apresentar referência, título e síntese; não incorporar automaticamente todas as páginas nem expor o arquivo original sem autorização.";B10 B12;B10;C3 + C1;B14 B15;"Achados e seleção de evidências no banco; composição RDA parcial";Consultar D01-D11 e B01 quando houver proposta/conflito;"Mapeado; implementação não realizada nesta entrega";"A preencher na execução; ver critérios e saída obrigatória do bloco"
RDA-L0183;;audita-pro-planejamento-rda-v0.1.md;0.1;183;9. Evidências e fotografias;Requisito/regra e contexto da fonte;- Contagens separarão anexos fotográficos, arquivos documentais e registros textuais. Não chamar cada arquivo de “documento analisado” sem um registro de análise correspondente.;B10 B12;B10;C3 + C1;B14 B15;"Achados e seleção de evidências no banco; composição RDA parcial";Consultar D01-D11 e B01 quando houver proposta/conflito;"Mapeado; implementação não realizada nesta entrega";"A preencher na execução; ver critérios e saída obrigatória do bloco"
RDA-L0184;;audita-pro-planejamento-rda-v0.1.md;0.1;184;9. Evidências e fotografias;Requisito/regra e contexto da fonte;- Preservar o limite existente de 10 MB por evidência e os formatos PDF/JPEG/PNG. Esse limite não deve ser aplicado indevidamente ao PDF final do relatório.;B10 B12;B10;C3 + C1;B14 B15;"Achados e seleção de evidências no banco; composição RDA parcial";Consultar D01-D11 e B01 quando houver proposta/conflito;"Mapeado; implementação não realizada nesta entrega";"A preencher na execução; ver critérios e saída obrigatória do bloco"
RDA-L0185;;audita-pro-planejamento-rda-v0.1.md;0.1;185;9. Evidências e fotografias;Requisito/regra e contexto da fonte;- Não inserir documentos de identificação ou competência de usuários no RDA.;B10 B12;B10;C3 + C1;B14 B15;"Achados e seleção de evidências no banco; composição RDA parcial";Consultar D01-D11 e B01 quando houver proposta/conflito;"Mapeado; implementação não realizada nesta entrega";"A preencher na execução; ver critérios e saída obrigatória do bloco"
RDA-L0186;;audita-pro-planejamento-rda-v0.1.md;0.1;186;9. Evidências e fotografias;Requisito/regra e contexto da fonte;- A versão emitida preserva o conteúdo publicado, a legenda e a referência do arquivo. Substituir posteriormente uma evidência não pode trocar a imagem de um RDA emitido.;B10 B12;B10;C3 + C1;B14 B15;"Achados e seleção de evidências no banco; composição RDA parcial";Consultar D01-D11 e B01 quando houver proposta/conflito;"Mapeado; implementação não realizada nesta entrega";"A preencher na execução; ver critérios e saída obrigatória do bloco"
RDA-L0187;;audita-pro-planejamento-rda-v0.1.md;0.1;187;9. Evidências e fotografias;Requisito/regra e contexto da fonte;- Selecionar conteúdo para o RDA significa disponibilizá-lo a todos os leitores autorizados desse relatório. O condutor deve revisar a seleção tendo esse público em vista.;B10 B12;B10;C3 + C1;B14 B15;"Achados e seleção de evidências no banco; composição RDA parcial";Consultar D01-D11 e B01 quando houver proposta/conflito;"Mapeado; implementação não realizada nesta entrega";"A preencher na execução; ver critérios e saída obrigatória do bloco"
RDA-L0208;;audita-pro-planejamento-rda-v0.1.md;0.1;208;10. Fluxo de fechamento e emissão;Requisito/regra e contexto da fonte;O botão final deve explicar: “Os registros deste dia serão fechados. Correções posteriores exigirão revisão controlada.”;B11 B08 B12;B11;C3 + C1;B14 B15;"Fechamento atual seguido de review; novo fluxo pendente";Consultar D01-D11 e B01 quando houver proposta/conflito;"Mapeado; implementação não realizada nesta entrega";"A preencher na execução; ver critérios e saída obrigatória do bloco"
RDA-L0212;;audita-pro-planejamento-rda-v0.1.md;0.1;212;10. Fluxo de fechamento e emissão / Verificações antes de confirmar;Requisito/regra e contexto da fonte;"- Condutor designado autorizado; organização, auditoria e dia consistentes.";B11 B08 B12;B11;C3 + C1;B14 B15;"Fechamento atual seguido de review; novo fluxo pendente";Consultar D01-D11 e B01 quando houver proposta/conflito;"Mapeado; implementação não realizada nesta entrega";"A preencher na execução; ver critérios e saída obrigatória do bloco"
RDA-L0213;;audita-pro-planejamento-rda-v0.1.md;0.1;213;10. Fluxo de fechamento e emissão / Verificações antes de confirmar;Requisito/regra e contexto da fonte;- Plano publicado e atividades do dia revisadas.;B11 B08 B12;B11;C3 + C1;B14 B15;"Fechamento atual seguido de review; novo fluxo pendente";Consultar D01-D11 e B01 quando houver proposta/conflito;"Mapeado; implementação não realizada nesta entrega";"A preencher na execução; ver critérios e saída obrigatória do bloco"
RDA-L0214;;audita-pro-planejamento-rda-v0.1.md;0.1;214;10. Fluxo de fechamento e emissão / Verificações antes de confirmar;Requisito/regra e contexto da fonte;- Presenças revisadas, sem copiar automaticamente toda a equipe como presente.;B11 B08 B12;B11;C3 + C1;B14 B15;"Fechamento atual seguido de review; novo fluxo pendente";Consultar D01-D11 e B01 quando houver proposta/conflito;"Mapeado; implementação não realizada nesta entrega";"A preencher na execução; ver critérios e saída obrigatória do bloco"
RDA-L0215;;audita-pro-planejamento-rda-v0.1.md;0.1;215;10. Fluxo de fechamento e emissão / Verificações antes de confirmar;Requisito/regra e contexto da fonte;"- Itens trabalhados com resultado; itens não avaliados identificados como pendência.";B11 B08 B12;B11;C3 + C1;B14 B15;"Fechamento atual seguido de review; novo fluxo pendente";Consultar D01-D11 e B01 quando houver proposta/conflito;"Mapeado; implementação não realizada nesta entrega";"A preencher na execução; ver critérios e saída obrigatória do bloco"
RDA-L0216;;audita-pro-planejamento-rda-v0.1.md;0.1;216;10. Fluxo de fechamento e emissão / Verificações antes de confirmar;Requisito/regra e contexto da fonte;"- Evidência necessária disponível; N/A justificado.";B11 B08 B12;B11;C3 + C1;B14 B15;"Fechamento atual seguido de review; novo fluxo pendente";Consultar D01-D11 e B01 quando houver proposta/conflito;"Mapeado; implementação não realizada nesta entrega";"A preencher na execução; ver critérios e saída obrigatória do bloco"
RDA-L0217;;audita-pro-planejamento-rda-v0.1.md;0.1;217;10. Fluxo de fechamento e emissão / Verificações antes de confirmar;Requisito/regra e contexto da fonte;- NCs formalizadas e tratamento dos parciais definido.;B11 B08 B12;B11;C3 + C1;B14 B15;"Fechamento atual seguido de review; novo fluxo pendente";Consultar D01-D11 e B01 quando houver proposta/conflito;"Mapeado; implementação não realizada nesta entrega";"A preencher na execução; ver critérios e saída obrigatória do bloco"
RDA-L0218;;audita-pro-planejamento-rda-v0.1.md;0.1;218;10. Fluxo de fechamento e emissão / Verificações antes de confirmar;Requisito/regra e contexto da fonte;"- Desvios com motivo e encaminhamento; alterações preservadas no histórico.";B11 B08 B12;B11;C3 + C1;B14 B15;"Fechamento atual seguido de review; novo fluxo pendente";Consultar D01-D11 e B01 quando houver proposta/conflito;"Mapeado; implementação não realizada nesta entrega";"A preencher na execução; ver critérios e saída obrigatória do bloco"
RDA-L0219;;audita-pro-planejamento-rda-v0.1.md;0.1;219;10. Fluxo de fechamento e emissão / Verificações antes de confirmar;Requisito/regra e contexto da fonte;- Resumo executivo preenchido.;B11 B08 B12;B11;C3 + C1;B14 B15;"Fechamento atual seguido de review; novo fluxo pendente";Consultar D01-D11 e B01 quando houver proposta/conflito;"Mapeado; implementação não realizada nesta entrega";"A preencher na execução; ver critérios e saída obrigatória do bloco"
RDA-L0220;;audita-pro-planejamento-rda-v0.1.md;0.1;220;10. Fluxo de fechamento e emissão / Verificações antes de confirmar;Requisito/regra e contexto da fonte;- Pendências informadas ou opção explícita “Sem pendências”.;B11 B08 B12;B11;C3 + C1;B14 B15;"Fechamento atual seguido de review; novo fluxo pendente";Consultar D01-D11 e B01 quando houver proposta/conflito;"Mapeado; implementação não realizada nesta entrega";"A preencher na execução; ver critérios e saída obrigatória do bloco"
RDA-L0221;;audita-pro-planejamento-rda-v0.1.md;0.1;221;10. Fluxo de fechamento e emissão / Verificações antes de confirmar;Requisito/regra e contexto da fonte;- Considerações preenchidas ou “Sem considerações adicionais”.;B11 B08 B12;B11;C3 + C1;B14 B15;"Fechamento atual seguido de review; novo fluxo pendente";Consultar D01-D11 e B01 quando houver proposta/conflito;"Mapeado; implementação não realizada nesta entrega";"A preencher na execução; ver critérios e saída obrigatória do bloco"
RDA-L0222;;audita-pro-planejamento-rda-v0.1.md;0.1;222;10. Fluxo de fechamento e emissão / Verificações antes de confirmar;Requisito/regra e contexto da fonte;- Anexos selecionados disponíveis e prévia atualizada.;B11 B08 B12;B11;C3 + C1;B14 B15;"Fechamento atual seguido de review; novo fluxo pendente";Consultar D01-D11 e B01 quando houver proposta/conflito;"Mapeado; implementação não realizada nesta entrega";"A preencher na execução; ver critérios e saída obrigatória do bloco"
RDA-L0224;;audita-pro-planejamento-rda-v0.1.md;0.1;224;10. Fluxo de fechamento e emissão / Verificações antes de confirmar;Requisito/regra e contexto da fonte;Mostrar erros com link direto ao item a corrigir e avisos separados dos bloqueios. Se os dados mudarem depois da prévia, exigir atualização da prévia antes de finalizar.;B11 B08 B12;B11;C3 + C1;B14 B15;"Fechamento atual seguido de review; novo fluxo pendente";Consultar D01-D11 e B01 quando houver proposta/conflito;"Mapeado; implementação não realizada nesta entrega";"A preencher na execução; ver critérios e saída obrigatória do bloco"
RDA-L0228;;audita-pro-planejamento-rda-v0.1.md;0.1;228;10. Fluxo de fechamento e emissão / Estados;Requisito/regra e contexto da fonte;| Estado documental | O que significa | Acesso do cliente |;B11 B08 B12;B11;C3 + C1;B14 B15;"Fechamento atual seguido de review; novo fluxo pendente";Consultar D01-D11 e B01 quando houver proposta/conflito;"Mapeado; implementação não realizada nesta entrega";"A preencher na execução; ver critérios e saída obrigatória do bloco"
RDA-L0230;;audita-pro-planejamento-rda-v0.1.md;0.1;230;10. Fluxo de fechamento e emissão / Estados;Requisito/regra e contexto da fonte;"| Em elaboração | Dados/textos em revisão; prévia identificada como rascunho | Não |";B11 B08 B12;B11;C3 + C1;B14 B15;"Fechamento atual seguido de review; novo fluxo pendente";Consultar D01-D11 e B01 quando houver proposta/conflito;"Mapeado; implementação não realizada nesta entrega";"A preencher na execução; ver critérios e saída obrigatória do bloco"
RDA-L0231;;audita-pro-planejamento-rda-v0.1.md;0.1;231;10. Fluxo de fechamento e emissão / Estados;Requisito/regra e contexto da fonte;"| Fechado | Conteúdo aprovado pelo condutor e congelado; PDF em preparação | Não |";B11 B08 B12;B11;C3 + C1;B14 B15;"Fechamento atual seguido de review; novo fluxo pendente";Consultar D01-D11 e B01 quando houver proposta/conflito;"Mapeado; implementação não realizada nesta entrega";"A preencher na execução; ver critérios e saída obrigatória do bloco"
RDA-L0232;;audita-pro-planejamento-rda-v0.1.md;0.1;232;10. Fluxo de fechamento e emissão / Estados;Requisito/regra e contexto da fonte;| Emitido | PDF daquela revisão pronto e publicado | Sim |;B11 B08 B12;B11;C3 + C1;B14 B15;"Fechamento atual seguido de review; novo fluxo pendente";Consultar D01-D11 e B01 quando houver proposta/conflito;"Mapeado; implementação não realizada nesta entrega";"A preencher na execução; ver critérios e saída obrigatória do bloco"
RDA-L0234;;audita-pro-planejamento-rda-v0.1.md;0.1;234;10. Fluxo de fechamento e emissão / Estados;Requisito/regra e contexto da fonte;O processamento do PDF possui estado técnico próprio: pendente, processando, concluído ou falhou. “Fechado — falha na geração, tentar novamente” não deve parecer documento emitido.;B11 B08 B12;B11;C3 + C1;B14 B15;"Fechamento atual seguido de review; novo fluxo pendente";Consultar D01-D11 e B01 quando houver proposta/conflito;"Mapeado; implementação não realizada nesta entrega";"A preencher na execução; ver critérios e saída obrigatória do bloco"
RDA-L0236;;audita-pro-planejamento-rda-v0.1.md;0.1;236;10. Fluxo de fechamento e emissão / Estados;Requisito/regra e contexto da fonte;Duplo clique, atualização da página e tentativa após falha devem retomar a mesma revisão, sem gerar outro RDA, outro fechamento ou notificações duplicadas. Uma falha de PDF não perde os registros nem reabre o dia automaticamente.;B11 B08 B12;B11;C3 + C1;B14 B15;"Fechamento atual seguido de review; novo fluxo pendente";Consultar D01-D11 e B01 quando houver proposta/conflito;"Mapeado; implementação não realizada nesta entrega";"A preencher na execução; ver critérios e saída obrigatória do bloco"
RDA-L0238;;audita-pro-planejamento-rda-v0.1.md;0.1;238;10. Fluxo de fechamento e emissão / Estados;Requisito/regra e contexto da fonte;"Não exigir uma segunda aprovação após o fechamento normal. A revisão técnica já ocorreu antes da confirmação; a geração e publicação são automáticas.";B11 B08 B12;B11;C3 + C1;B14 B15;"Fechamento atual seguido de review; novo fluxo pendente";Consultar D01-D11 e B01 quando houver proposta/conflito;"Mapeado; implementação não realizada nesta entrega";"A preencher na execução; ver critérios e saída obrigatória do bloco"
RDA-L0242;;audita-pro-planejamento-rda-v0.1.md;0.1;242;11. Revisões e integridade;Requisito/regra e contexto da fonte;“Corrigir RDA” abre uma nova revisão, exige motivo e mantém a versão vigente disponível enquanto a nova estiver em elaboração.;B11 B12;B11;C3 + C1;B14 B15;"Fechamento atual seguido de review; novo fluxo pendente";Consultar D01-D11 e B01 quando houver proposta/conflito;"Mapeado; implementação não realizada nesta entrega";"A preencher na execução; ver critérios e saída obrigatória do bloco"
RDA-L0244;;audita-pro-planejamento-rda-v0.1.md;0.1;244;11. Revisões e integridade;Requisito/regra e contexto da fonte;- A revisão anterior nunca é sobrescrita.;B11 B12;B11;C3 + C1;B14 B15;"Fechamento atual seguido de review; novo fluxo pendente";Consultar D01-D11 e B01 quando houver proposta/conflito;"Mapeado; implementação não realizada nesta entrega";"A preencher na execução; ver critérios e saída obrigatória do bloco"
RDA-L0245;;audita-pro-planejamento-rda-v0.1.md;0.1;245;11. Revisões e integridade;Requisito/regra e contexto da fonte;- Dados coletados em dias posteriores não entram automaticamente numa retificação do dia anterior.;B11 B12;B11;C3 + C1;B14 B15;"Fechamento atual seguido de review; novo fluxo pendente";Consultar D01-D11 e B01 quando houver proposta/conflito;"Mapeado; implementação não realizada nesta entrega";"A preencher na execução; ver critérios e saída obrigatória do bloco"
RDA-L0246;;audita-pro-planejamento-rda-v0.1.md;0.1;246;11. Revisões e integridade;Requisito/regra e contexto da fonte;- Se a correção envolver resultado ou evidência de origem, registrar a correção e sua autoria, relacionando-a à nova revisão. Editar apenas um texto no PDF não resolve inconsistência no checklist.;B11 B12;B11;C3 + C1;B14 B15;"Fechamento atual seguido de review; novo fluxo pendente";Consultar D01-D11 e B01 quando houver proposta/conflito;"Mapeado; implementação não realizada nesta entrega";"A preencher na execução; ver critérios e saída obrigatória do bloco"
RDA-L0247;;audita-pro-planejamento-rda-v0.1.md;0.1;247;11. Revisões e integridade;Requisito/regra e contexto da fonte;- Ao emitir a nova revisão, marcá-la como vigente e a anterior como substituída, com data e referência cruzada.;B11 B12;B11;C3 + C1;B14 B15;"Fechamento atual seguido de review; novo fluxo pendente";Consultar D01-D11 e B01 quando houver proposta/conflito;"Mapeado; implementação não realizada nesta entrega";"A preencher na execução; ver critérios e saída obrigatória do bloco"
RDA-L0248;;audita-pro-planejamento-rda-v0.1.md;0.1;248;11. Revisões e integridade;Requisito/regra e contexto da fonte;- Proposta: leitores autorizados podem abrir versões anteriores pelo histórico, com identificação clara “Versão substituída”. A listagem comum privilegia a vigente.;B11 B12;B11;C3 + C1;B14 B15;"Fechamento atual seguido de review; novo fluxo pendente";Consultar D01-D11 e B01 quando houver proposta/conflito;"Mapeado; implementação não realizada nesta entrega";"A preencher na execução; ver critérios e saída obrigatória do bloco"
RDA-L0249;;audita-pro-planejamento-rda-v0.1.md;0.1;249;11. Revisões e integridade;Requisito/regra e contexto da fonte;- Congelar também gráficos, fórmulas utilizadas, códigos, nomes apresentados, presenças, plano de referência e evidências incorporadas.;B11 B12;B11;C3 + C1;B14 B15;"Fechamento atual seguido de review; novo fluxo pendente";Consultar D01-D11 e B01 quando houver proposta/conflito;"Mapeado; implementação não realizada nesta entrega";"A preencher na execução; ver critérios e saída obrigatória do bloco"
RDA-L0250;;audita-pro-planejamento-rda-v0.1.md;0.1;250;11. Revisões e integridade;Requisito/regra e contexto da fonte;"- Alterações no cadastro da empresa, no nome do usuário ou na identidade visual valem para emissões futuras; não reescrevem PDFs antigos.";B11 B12;B11;C3 + C1;B14 B15;"Fechamento atual seguido de review; novo fluxo pendente";Consultar D01-D11 e B01 quando houver proposta/conflito;"Mapeado; implementação não realizada nesta entrega";"A preencher na execução; ver critérios e saída obrigatória do bloco"
RDA-L0252;;audita-pro-planejamento-rda-v0.1.md;0.1;252;11. Revisões e integridade;Requisito/regra e contexto da fonte;Documentos legados permanecerão com a fórmula, nomenclatura e revisão originalmente emitidas. A transição deverá identificar o padrão documental usado em cada versão.;B11 B12;B11;C3 + C1;B14 B15;"Fechamento atual seguido de review; novo fluxo pendente";Consultar D01-D11 e B01 quando houver proposta/conflito;"Mapeado; implementação não realizada nesta entrega";"A preencher na execução; ver critérios e saída obrigatória do bloco"
RDA-L0256;;audita-pro-planejamento-rda-v0.1.md;0.1;256;12. Consulta e permissões;Requisito/regra e contexto da fonte;O item 14 do anexo prevalece, neste planejamento, sobre a menção inicial a “participantes”: **o RDA emitido será consultável por todos os usuários autorizados da organização auditada**, mesmo sem participação no dia.;B02 B12;B02;C1;B14 B15;"Base existente; Administração global e escopo documental divergem do alvo";Consultar D01-D11 e B01 quando houver proposta/conflito;"Mapeado; implementação não realizada nesta entrega";"A preencher na execução; ver critérios e saída obrigatória do bloco"
RDA-L0258;;audita-pro-planejamento-rda-v0.1.md;0.1;258;12. Consulta e permissões;Requisito/regra e contexto da fonte;| Perfil/condição | Rascunho | RDA emitido/PDF | Fechar/emitir/retificar |;B02 B12;B02;C1;B14 B15;"Base existente; Administração global e escopo documental divergem do alvo";Consultar D01-D11 e B01 quando houver proposta/conflito;"Mapeado; implementação não realizada nesta entrega";"A preencher na execução; ver critérios e saída obrigatória do bloco"
RDA-L0260;;audita-pro-planejamento-rda-v0.1.md;0.1;260;12. Consulta e permissões;Requisito/regra e contexto da fonte;| Condutor designado — Auditor Líder ou Administrador | Sim | Sim | Sim |;B02 B12;B02;C1;B14 B15;"Base existente; Administração global e escopo documental divergem do alvo";Consultar D01-D11 e B01 quando houver proposta/conflito;"Mapeado; implementação não realizada nesta entrega";"A preencher na execução; ver critérios e saída obrigatória do bloco"
RDA-L0261;;audita-pro-planejamento-rda-v0.1.md;0.1;261;12. Consulta e permissões;Requisito/regra e contexto da fonte;"| Administrador da Audita | Sim, para gestão | Sim | Somente quando designado condutor; pode reatribuir com histórico |";B02 B12;B02;C1;B14 B15;"Base existente; Administração global e escopo documental divergem do alvo";Consultar D01-D11 e B01 quando houver proposta/conflito;"Mapeado; implementação não realizada nesta entrega";"A preencher na execução; ver critérios e saída obrigatória do bloco"
RDA-L0262;;audita-pro-planejamento-rda-v0.1.md;0.1;262;12. Consulta e permissões;Requisito/regra e contexto da fonte;| Auditor de apoio interno atribuído à auditoria | Não por padrão | Sim | Não |;B02 B12;B02;C1;B14 B15;"Base existente; Administração global e escopo documental divergem do alvo";Consultar D01-D11 e B01 quando houver proposta/conflito;"Mapeado; implementação não realizada nesta entrega";"A preencher na execução; ver critérios e saída obrigatória do bloco"
RDA-L0263;;audita-pro-planejamento-rda-v0.1.md;0.1;263;12. Consulta e permissões;Requisito/regra e contexto da fonte;| Usuário da organização cliente com vínculo autorizado | Não | Sim, da própria organização | Não |;B02 B12;B02;C1;B14 B15;"Base existente; Administração global e escopo documental divergem do alvo";Consultar D01-D11 e B01 quando houver proposta/conflito;"Mapeado; implementação não realizada nesta entrega";"A preencher na execução; ver critérios e saída obrigatória do bloco"
RDA-L0264;;audita-pro-planejamento-rda-v0.1.md;0.1;264;12. Consulta e permissões;Requisito/regra e contexto da fonte;| Usuário de outra organização sem autorização | Não | Não | Não |;B02 B12;B02;C1;B14 B15;"Base existente; Administração global e escopo documental divergem do alvo";Consultar D01-D11 e B01 quando houver proposta/conflito;"Mapeado; implementação não realizada nesta entrega";"A preencher na execução; ver critérios e saída obrigatória do bloco"
RDA-L0265;;audita-pro-planejamento-rda-v0.1.md;0.1;265;12. Consulta e permissões;Requisito/regra e contexto da fonte;| Conta/vínculo inativo | Não | Não | Não |;B02 B12;B02;C1;B14 B15;"Base existente; Administração global e escopo documental divergem do alvo";Consultar D01-D11 e B01 quando houver proposta/conflito;"Mapeado; implementação não realizada nesta entrega";"A preencher na execução; ver critérios e saída obrigatória do bloco"
RDA-L0267;;audita-pro-planejamento-rda-v0.1.md;0.1;267;12. Consulta e permissões;Requisito/regra e contexto da fonte;**Proposta de compatibilidade:** manter a aprovação cadastral/documental já exigida no Audita PRO. “Ativo” não liberará documentos a um usuário cujo cadastro ainda esteja pendente de validação. Essa interpretação fica destacada para validação.;B02 B12;B02;C1;B14 B15;"Base existente; Administração global e escopo documental divergem do alvo";Consultar D01-D11 e B01 quando houver proposta/conflito;"Mapeado; implementação não realizada nesta entrega";"A preencher na execução; ver critérios e saída obrigatória do bloco"
RDA-L0269;;audita-pro-planejamento-rda-v0.1.md;0.1;269;12. Consulta e permissões;Requisito/regra e contexto da fonte;"O vínculo empresarial deve ser aprovado pelo Administrador; escolher uma empresa no Meu Perfil não concede consulta automaticamente. Profissionais internos da Audita precisam de atribuição legítima à auditoria, sem criar permissões de administração no cliente apenas para acessar um RDA.";B02 B12;B02;C1;B14 B15;"Base existente; Administração global e escopo documental divergem do alvo";Consultar D01-D11 e B01 quando houver proposta/conflito;"Mapeado; implementação não realizada nesta entrega";"A preencher na execução; ver critérios e saída obrigatória do bloco"
RDA-L0271;;audita-pro-planejamento-rda-v0.1.md;0.1;271;12. Consulta e permissões;Requisito/regra e contexto da fonte;"Proposta para usuários incluídos posteriormente: após vínculo aprovado, consultar também os RDAs históricos emitidos da organização. Remover/inativar o vínculo revoga novas consultas; um arquivo já baixado não pode ser recolhido pelo aplicativo.";B02 B12;B02;C1;B14 B15;"Base existente; Administração global e escopo documental divergem do alvo";Consultar D01-D11 e B01 quando houver proposta/conflito;"Mapeado; implementação não realizada nesta entrega";"A preencher na execução; ver critérios e saída obrigatória do bloco"
RDA-L0273;;audita-pro-planejamento-rda-v0.1.md;0.1;273;12. Consulta e permissões;Requisito/regra e contexto da fonte;O novo acesso é exclusivo do RDA e do conteúdo publicado nele. Não concede acesso irrestrito a todas as evidências originais, usuários, resultados internos, atas ou relatórios finais. A Biblioteca deverá permitir abrir o RDA diretamente, mesmo quando a conta não tem acesso ao detalhe operacional da auditoria.;B02 B12;B02;C1;B14 B15;"Base existente; Administração global e escopo documental divergem do alvo";Consultar D01-D11 e B01 quando houver proposta/conflito;"Mapeado; implementação não realizada nesta entrega";"A preencher na execução; ver critérios e saída obrigatória do bloco"
RDA-L0275;;audita-pro-planejamento-rda-v0.1.md;0.1;275;12. Consulta e permissões;Requisito/regra e contexto da fonte;Autorização deve ser conferida no servidor e no download privado. Não usar URL pública permanente. A presença real continuará constando no documento, sem adicionar leitores à lista de participantes.;B02 B12;B02;C1;B14 B15;"Base existente; Administração global e escopo documental divergem do alvo";Consultar D01-D11 e B01 quando houver proposta/conflito;"Mapeado; implementação não realizada nesta entrega";"A preencher na execução; ver critérios e saída obrigatória do bloco"
RDA-L0279;;audita-pro-planejamento-rda-v0.1.md;0.1;279;13. Notificações e ciência;Requisito/regra e contexto da fonte;Reutilizar o sino e o histórico existentes.;B12;B12;C3 + C1;B14 B15;"Relatórios/notificações existentes; PDF oficial/distribuição pendentes";Consultar D01-D11 e B01 quando houver proposta/conflito;"Mapeado; implementação não realizada nesta entrega";"A preencher na execução; ver critérios e saída obrigatória do bloco"
RDA-L0281;RDA-01;audita-pro-planejamento-rda-v0.1.md;0.1;281;13. Notificações e ciência;Requisito/regra e contexto da fonte;- Publicação: “RDA-01 Rev.00 disponível — [empresa / auditoria / data]”.;B12;B12;C3 + C1;B14 B15;"Relatórios/notificações existentes; PDF oficial/distribuição pendentes";Consultar D01-D11 e B01 quando houver proposta/conflito;"Mapeado; implementação não realizada nesta entrega";"A preencher na execução; ver critérios e saída obrigatória do bloco"
RDA-L0282;;audita-pro-planejamento-rda-v0.1.md;0.1;282;13. Notificações e ciência;Requisito/regra e contexto da fonte;- Nova revisão: indicar substituição e motivo resumido apropriado ao destinatário.;B12;B12;C3 + C1;B14 B15;"Relatórios/notificações existentes; PDF oficial/distribuição pendentes";Consultar D01-D11 e B01 quando houver proposta/conflito;"Mapeado; implementação não realizada nesta entrega";"A preencher na execução; ver critérios e saída obrigatória do bloco"
RDA-L0283;;audita-pro-planejamento-rda-v0.1.md;0.1;283;13. Notificações e ciência;Requisito/regra e contexto da fonte;"- Falha de emissão: avisar o condutor, com ação para reprocessar; não avisar o cliente que o documento está disponível.";B12;B12;C3 + C1;B14 B15;"Relatórios/notificações existentes; PDF oficial/distribuição pendentes";Consultar D01-D11 e B01 quando houver proposta/conflito;"Mapeado; implementação não realizada nesta entrega";"A preencher na execução; ver critérios e saída obrigatória do bloco"
RDA-L0284;;audita-pro-planejamento-rda-v0.1.md;0.1;284;13. Notificações e ciência;Requisito/regra e contexto da fonte;- Notificar os leitores elegíveis no momento da publicação, com deduplicação por versão/usuário/evento.;B12;B12;C3 + C1;B14 B15;"Relatórios/notificações existentes; PDF oficial/distribuição pendentes";Consultar D01-D11 e B01 quando houver proposta/conflito;"Mapeado; implementação não realizada nesta entrega";"A preencher na execução; ver critérios e saída obrigatória do bloco"
RDA-L0285;;audita-pro-planejamento-rda-v0.1.md;0.1;285;13. Notificações e ciência;Requisito/regra e contexto da fonte;- Usuários vinculados depois recebem acesso à biblioteca, sem uma avalanche automática de avisos antigos.;B12;B12;C3 + C1;B14 B15;"Relatórios/notificações existentes; PDF oficial/distribuição pendentes";Consultar D01-D11 e B01 quando houver proposta/conflito;"Mapeado; implementação não realizada nesta entrega";"A preencher na execução; ver critérios e saída obrigatória do bloco"
RDA-L0287;;audita-pro-planejamento-rda-v0.1.md;0.1;287;13. Notificações e ciência;Requisito/regra e contexto da fonte;"Consulta, notificação lida e ciência são diferentes. O RDA não dependerá de assinaturas para ser disponibilizado. As tarefas de ciência existentes deverão continuar separadas; eventuais assinaturas do relatório final e GOV não serão implementadas por este plano.";B12;B12;C3 + C1;B14 B15;"Relatórios/notificações existentes; PDF oficial/distribuição pendentes";Consultar D01-D11 e B01 quando houver proposta/conflito;"Mapeado; implementação não realizada nesta entrega";"A preencher na execução; ver critérios e saída obrigatória do bloco"
RDA-L0291;;audita-pro-planejamento-rda-v0.1.md;0.1;291;14. PDF e identidade visual;Requisito/regra e contexto da fonte;Documento A4, com respiro, tabelas legíveis, cabeçalhos repetidos e páginas numeradas. O número de páginas será consequência do conteúdo, sem comprimir excessivamente o texto para caber em um limite arbitrário.;B08 B12;B08;C3 + C1;B14 B15;"PDF no navegador no código consultado; serviço persistente a desenvolver";Consultar D01-D11 e B01 quando houver proposta/conflito;"Mapeado; implementação não realizada nesta entrega";"A preencher na execução; ver critérios e saída obrigatória do bloco"
RDA-L0293;;audita-pro-planejamento-rda-v0.1.md;0.1;293;14. PDF e identidade visual;Requisito/regra e contexto da fonte;- Cabeçalho em todas as páginas: identidade da **Audita** e “Relatório Diário de Auditoria”.;B08 B12;B08;C3 + C1;B14 B15;"PDF no navegador no código consultado; serviço persistente a desenvolver";Consultar D01-D11 e B01 quando houver proposta/conflito;"Mapeado; implementação não realizada nesta entrega";"A preencher na execução; ver critérios e saída obrigatória do bloco"
RDA-L0294;;audita-pro-planejamento-rda-v0.1.md;0.1;294;14. PDF e identidade visual;Requisito/regra e contexto da fonte;- Rodapé: Audita, auditoria, RDA, revisão, data auditada e “Página X de Y”.;B08 B12;B08;C3 + C1;B14 B15;"PDF no navegador no código consultado; serviço persistente a desenvolver";Consultar D01-D11 e B01 quando houver proposta/conflito;"Mapeado; implementação não realizada nesta entrega";"A preencher na execução; ver critérios e saída obrigatória do bloco"
RDA-L0295;;audita-pro-planejamento-rda-v0.1.md;0.1;295;14. PDF e identidade visual;Requisito/regra e contexto da fonte;"- Gráficos e imagens com boa resolução; fotos sem distorção; tabelas extensas com títulos repetidos.";B08 B12;B08;C3 + C1;B14 B15;"PDF no navegador no código consultado; serviço persistente a desenvolver";Consultar D01-D11 e B01 quando houver proposta/conflito;"Mapeado; implementação não realizada nesta entrega";"A preencher na execução; ver critérios e saída obrigatória do bloco"
RDA-L0296;;audita-pro-planejamento-rda-v0.1.md;0.1;296;14. PDF e identidade visual;Requisito/regra e contexto da fonte;- Seções sem registros informam “Nenhuma NC identificada no dia”, “Sem evidências selecionadas” etc.;B08 B12;B08;C3 + C1;B14 B15;"PDF no navegador no código consultado; serviço persistente a desenvolver";Consultar D01-D11 e B01 quando houver proposta/conflito;"Mapeado; implementação não realizada nesta entrega";"A preencher na execução; ver critérios e saída obrigatória do bloco"
RDA-L0297;;audita-pro-planejamento-rda-v0.1.md;0.1;297;14. PDF e identidade visual;Requisito/regra e contexto da fonte;"- Prévia identificada como não emitida; PDF substituído identificado ao acessar o histórico.";B08 B12;B08;C3 + C1;B14 B15;"PDF no navegador no código consultado; serviço persistente a desenvolver";Consultar D01-D11 e B01 quando houver proposta/conflito;"Mapeado; implementação não realizada nesta entrega";"A preencher na execução; ver critérios e saída obrigatória do bloco"
RDA-L0298;;audita-pro-planejamento-rda-v0.1.md;0.1;298;14. PDF e identidade visual;Requisito/regra e contexto da fonte;- Arquivo sugerido: `[codigo-auditoria]_RDA-01_Rev00_2026-10-06.pdf`.;B08 B12;B08;C3 + C1;B14 B15;"PDF no navegador no código consultado; serviço persistente a desenvolver";Consultar D01-D11 e B01 quando houver proposta/conflito;"Mapeado; implementação não realizada nesta entrega";"A preencher na execução; ver critérios e saída obrigatória do bloco"
RDA-L0299;;audita-pro-planejamento-rda-v0.1.md;0.1;299;14. PDF e identidade visual;Requisito/regra e contexto da fonte;- Uma mesma revisão sempre baixa o mesmo PDF armazenado. Reprocessar uma falha de geração usa o conteúdo e a versão de layout já fixados.;B08 B12;B08;C3 + C1;B14 B15;"PDF no navegador no código consultado; serviço persistente a desenvolver";Consultar D01-D11 e B01 quando houver proposta/conflito;"Mapeado; implementação não realizada nesta entrega";"A preencher na execução; ver critérios e saída obrigatória do bloco"
RDA-L0301;;audita-pro-planejamento-rda-v0.1.md;0.1;301;14. PDF e identidade visual;Requisito/regra e contexto da fonte;A logo atualmente fornecida é do **Audita PRO**. Não será criada ou presumida uma logo corporativa da Audita. Até o fornecimento/validação da marca corporativa, propõe-se usar a marca disponível e identificar textualmente “AUDITA — Relatório Diário de Auditoria”.;B08 B12;B08;C3 + C1;B14 B15;"PDF no navegador no código consultado; serviço persistente a desenvolver";Consultar D01-D11 e B01 quando houver proposta/conflito;"Mapeado; implementação não realizada nesta entrega";"A preencher na execução; ver critérios e saída obrigatória do bloco"
RDA-L0303;;audita-pro-planejamento-rda-v0.1.md;0.1;303;14. PDF e identidade visual;Requisito/regra e contexto da fonte;O pedido de observar normas ABNT pertinentes será tratado como requisito de revisão documental específica antes da implementação do layout. Este plano não declara conformidade com uma norma ABNT ainda não identificada como aplicável ao documento.;B08 B12;B08;C3 + C1;B14 B15;"PDF no navegador no código consultado; serviço persistente a desenvolver";Consultar D01-D11 e B01 quando houver proposta/conflito;"Mapeado; implementação não realizada nesta entrega";"A preencher na execução; ver critérios e saída obrigatória do bloco"
RDA-L0307;;audita-pro-planejamento-rda-v0.1.md;0.1;307;15. Plano técnico de evolução, sem execução;Requisito/regra e contexto da fonte;Reutilizar `daily_reports`, `daily_report_versions`, `audits`, `audit_days`, planos versionados, avaliações, evidências, NCs, vínculos e notificações. Não criar um segundo módulo de relatórios diários.;B01 B03 B10 B11 B12;B01;C0 + C1;B14 B15;"Planejamento novo; decisões ainda não homologadas";Consultar D01-D11 e B01 quando houver proposta/conflito;"Mapeado; implementação não realizada nesta entrega";"A preencher na execução; ver critérios e saída obrigatória do bloco"
RDA-L0311;;audita-pro-planejamento-rda-v0.1.md;0.1;311;15. Plano técnico de evolução, sem execução / Alterações propostas, separadas por responsabilidade;Requisito/regra e contexto da fonte;| Bloco | Trabalho previsto |;B01 B03 B10 B11 B12;B01;C0 + C1;B14 B15;"Planejamento novo; decisões ainda não homologadas";Consultar D01-D11 e B01 quando houver proposta/conflito;"Mapeado; implementação não realizada nesta entrega";"A preencher na execução; ver critérios e saída obrigatória do bloco"
RDA-L0313;;audita-pro-planejamento-rda-v0.1.md;0.1;313;15. Plano técnico de evolução, sem execução / Alterações propostas, separadas por responsabilidade;Requisito/regra e contexto da fonte;| Conteúdo editorial | Campos de resumo, considerações, declaração de ausência de pendências, identidade RDA e versão do padrão |;B10;B10;C3 + C1;B14 B15;"Achados e seleção de evidências no banco; composição RDA parcial";Consultar D01-D11 e B01 quando houver proposta/conflito;"Mapeado; implementação não realizada nesta entrega";"A preencher na execução; ver critérios e saída obrigatória do bloco"
RDA-L0314;;audita-pro-planejamento-rda-v0.1.md;0.1;314;15. Plano técnico de evolução, sem execução / Alterações propostas, separadas por responsabilidade;Requisito/regra e contexto da fonte;| Execução diária | Classificações documentais das atividades, parcial/restante, origem/destino e dados de amostragem |;B07 B10;B07;C3 + C1;B14 B15;"Cronograma e movimentos existentes; evolução parcial pendente";Consultar D01-D11 e B01 quando houver proposta/conflito;"Mapeado; implementação não realizada nesta entrega";"A preencher na execução; ver critérios e saída obrigatória do bloco"
RDA-L0315;;audita-pro-planejamento-rda-v0.1.md;0.1;315;15. Plano técnico de evolução, sem execução / Alterações propostas, separadas por responsabilidade;Requisito/regra e contexto da fonte;"| Achados | Representação estruturada de OBS/OM, reutilizando equivalentes se existirem; códigos por auditoria |";B10;B10;C3 + C1;B14 B15;"Achados e seleção de evidências no banco; composição RDA parcial";Consultar D01-D11 e B01 quando houver proposta/conflito;"Mapeado; implementação não realizada nesta entrega";"A preencher na execução; ver critérios e saída obrigatória do bloco"
RDA-L0316;;audita-pro-planejamento-rda-v0.1.md;0.1;316;15. Plano técnico de evolução, sem execução / Alterações propostas, separadas por responsabilidade;Requisito/regra e contexto da fonte;| Evidências publicadas | Seleção, legenda, ordem, referência imutável e síntese |;B10 B12;B10;C3 + C1;B14 B15;"Achados e seleção de evidências no banco; composição RDA parcial";Consultar D01-D11 e B01 quando houver proposta/conflito;"Mapeado; implementação não realizada nesta entrega";"A preencher na execução; ver critérios e saída obrigatória do bloco"
RDA-L0317;;audita-pro-planejamento-rda-v0.1.md;0.1;317;15. Plano técnico de evolução, sem execução / Alterações propostas, separadas por responsabilidade;Requisito/regra e contexto da fonte;| Cálculo | Serviço comum de indicadores diários/acumulados, com regra versionada e data de corte |;B03 B10;B03;C1;B14 B15;"Contrato 3 existente; unidade, corte temporal e fórmulas a harmonizar";Consultar D01-D11 e B01 quando houver proposta/conflito;"Mapeado; implementação não realizada nesta entrega";"A preencher na execução; ver critérios e saída obrigatória do bloco"
RDA-L0318;;audita-pro-planejamento-rda-v0.1.md;0.1;318;15. Plano técnico de evolução, sem execução / Alterações propostas, separadas por responsabilidade;Requisito/regra e contexto da fonte;| Fechamento | Pré-validação, controle de concorrência, congelamento e operação idempotente |;B11;B11;C3 + C1;B14 B15;"Fechamento atual seguido de review; novo fluxo pendente";Consultar D01-D11 e B01 quando houver proposta/conflito;"Mapeado; implementação não realizada nesta entrega";"A preencher na execução; ver critérios e saída obrigatória do bloco"
RDA-L0319;;audita-pro-planejamento-rda-v0.1.md;0.1;319;15. Plano técnico de evolução, sem execução / Alterações propostas, separadas por responsabilidade;Requisito/regra e contexto da fonte;| Emissão | Geração automática no servidor, PDF privado, checksum, erro recuperável e publicação |;B08 B12;B08;C3 + C1;B14 B15;"PDF no navegador no código consultado; serviço persistente a desenvolver";Consultar D01-D11 e B01 quando houver proposta/conflito;"Mapeado; implementação não realizada nesta entrega";"A preencher na execução; ver critérios e saída obrigatória do bloco"
RDA-L0320;;audita-pro-planejamento-rda-v0.1.md;0.1;320;15. Plano técnico de evolução, sem execução / Alterações propostas, separadas por responsabilidade;Requisito/regra e contexto da fonte;| Acesso | Consulta do RDA por organização, autorização interna por atribuição e download validado |;B02 B12;B02;C1;B14 B15;"Base existente; Administração global e escopo documental divergem do alvo";Consultar D01-D11 e B01 quando houver proposta/conflito;"Mapeado; implementação não realizada nesta entrega";"A preencher na execução; ver critérios e saída obrigatória do bloco"
RDA-L0321;;audita-pro-planejamento-rda-v0.1.md;0.1;321;15. Plano técnico de evolução, sem execução / Alterações propostas, separadas por responsabilidade;Requisito/regra e contexto da fonte;| Interface | Assistente de revisão, prévia, histórico, Biblioteca e notificações |;B10 B11 B12;B10;C3 + C1;B14 B15;"Achados e seleção de evidências no banco; composição RDA parcial";Consultar D01-D11 e B01 quando houver proposta/conflito;"Mapeado; implementação não realizada nesta entrega";"A preencher na execução; ver critérios e saída obrigatória do bloco"
RDA-L0323;;audita-pro-planejamento-rda-v0.1.md;0.1;323;15. Plano técnico de evolução, sem execução / Alterações propostas, separadas por responsabilidade;Requisito/regra e contexto da fonte;Os nomes definitivos de novos campos/tabelas serão decididos após inspeção do schema durante a implementação. Não criar uma tabela nova quando JSON versionado ou estrutura existente representar adequadamente o dado.;B01 B03 B10 B11 B12;B01;C0 + C1;B14 B15;"Planejamento novo; decisões ainda não homologadas";Consultar D01-D11 e B01 quando houver proposta/conflito;"Mapeado; implementação não realizada nesta entrega";"A preencher na execução; ver critérios e saída obrigatória do bloco"
RDA-L0325;;audita-pro-planejamento-rda-v0.1.md;0.1;325;15. Plano técnico de evolução, sem execução / Alterações propostas, separadas por responsabilidade;Requisito/regra e contexto da fonte;Para a operação inicial, propor um processador de PDF no backend existente, usando o próprio registro de emissão para persistir estado e retomar falhas. Não contratar novo provedor ou adotar uma infraestrutura distribuída apenas para este piloto. A escolha da biblioteca/runtime será verificada com fotos, gráficos e documentos de várias páginas antes da implementação definitiva.;B01 B03 B10 B11 B12;B01;C0 + C1;B14 B15;"Planejamento novo; decisões ainda não homologadas";Consultar D01-D11 e B01 quando houver proposta/conflito;"Mapeado; implementação não realizada nesta entrega";"A preencher na execução; ver critérios e saída obrigatória do bloco"
RDA-L0327;;audita-pro-planejamento-rda-v0.1.md;0.1;327;15. Plano técnico de evolução, sem execução / Alterações propostas, separadas por responsabilidade;Requisito/regra e contexto da fonte;Persistir o fechamento e o pedido de emissão em transação. Gerar/upload do arquivo fora dessa transação, verificar integridade, então publicar com atualização condicional. Emissão concorrente e retentativa não poderão criar duas revisões para o mesmo fechamento. Arquivos incompletos não terão acesso liberado.;B01 B03 B10 B11 B12;B01;C0 + C1;B14 B15;"Planejamento novo; decisões ainda não homologadas";Consultar D01-D11 e B01 quando houver proposta/conflito;"Mapeado; implementação não realizada nesta entrega";"A preencher na execução; ver critérios e saída obrigatória do bloco"
RDA-L0329;;audita-pro-planejamento-rda-v0.1.md;0.1;329;15. Plano técnico de evolução, sem execução / Alterações propostas, separadas por responsabilidade;Requisito/regra e contexto da fonte;"A futura alteração de autorização deve ser específica para RDA; modificar indiscriminadamente o helper compartilhado de todos os documentos ampliaria também o acesso a atas/finais. Revisar funções, policies, consultas e Storage em conjunto.";B01 B03 B10 B11 B12;B01;C0 + C1;B14 B15;"Planejamento novo; decisões ainda não homologadas";Consultar D01-D11 e B01 quando houver proposta/conflito;"Mapeado; implementação não realizada nesta entrega";"A preencher na execução; ver critérios e saída obrigatória do bloco"
RDA-L0331;;audita-pro-planejamento-rda-v0.1.md;0.1;331;15. Plano técnico de evolução, sem execução / Alterações propostas, separadas por responsabilidade;Requisito/regra e contexto da fonte;Antes de qualquer migração futura: inventariar dados reais, verificar versões existentes, preparar compatibilidade e testar os consumidores do Dashboard, Biblioteca, notificações e relatório final. Manter as migrations pequenas e documentar a reversão de funcionalidades sem apagar documentos emitidos.;B01 B03 B10 B11 B12;B01;C0 + C1;B14 B15;"Planejamento novo; decisões ainda não homologadas";Consultar D01-D11 e B01 quando houver proposta/conflito;"Mapeado; implementação não realizada nesta entrega";"A preencher na execução; ver critérios e saída obrigatória do bloco"
RDA-L0335;;audita-pro-planejamento-rda-v0.1.md;0.1;335;16. Etapas de implementação após aprovação;Requisito/regra e contexto da fonte;"1. **Contrato de dados e regras:** validar este plano, fórmulas, acesso e identidade; inspecionar schema real e definir migrações compatíveis.";B01 B14 B15;B01;C0 + C1;B14 B15;"Planejamento novo; decisões ainda não homologadas";Consultar D01-D11 e B01 quando houver proposta/conflito;"Mapeado; implementação não realizada nesta entrega";"A preencher na execução; ver critérios e saída obrigatória do bloco"
RDA-L0336;;audita-pro-planejamento-rda-v0.1.md;0.1;336;16. Etapas de implementação após aprovação;Requisito/regra e contexto da fonte;2. **Registros de origem:** completar resumo, OBS/OM, síntese/amostragem, evidências selecionadas e encaminhamento das pendências.;B01 B14 B15;B01;C0 + C1;B14 B15;"Planejamento novo; decisões ainda não homologadas";Consultar D01-D11 e B01 quando houver proposta/conflito;"Mapeado; implementação não realizada nesta entrega";"A preencher na execução; ver critérios e saída obrigatória do bloco"
RDA-L0337;;audita-pro-planejamento-rda-v0.1.md;0.1;337;16. Etapas de implementação após aprovação;Requisito/regra e contexto da fonte;3. **Revisão e fechamento:** construir a tela de revisão, prévia com inconsistências, congelamento e revisões controladas.;B01 B14 B15;B01;C0 + C1;B14 B15;"Planejamento novo; decisões ainda não homologadas";Consultar D01-D11 e B01 quando houver proposta/conflito;"Mapeado; implementação não realizada nesta entrega";"A preencher na execução; ver critérios e saída obrigatória do bloco"
RDA-L0338;;audita-pro-planejamento-rda-v0.1.md;0.1;338;16. Etapas de implementação após aprovação;Requisito/regra e contexto da fonte;4. **PDF e emissão:** implementar gráficos, layout, armazenamento por revisão, geração automática e recuperação de falhas.;B01 B14 B15;B01;C0 + C1;B14 B15;"Planejamento novo; decisões ainda não homologadas";Consultar D01-D11 e B01 quando houver proposta/conflito;"Mapeado; implementação não realizada nesta entrega";"A preencher na execução; ver critérios e saída obrigatória do bloco"
RDA-L0339;;audita-pro-planejamento-rda-v0.1.md;0.1;339;16. Etapas de implementação após aprovação;Requisito/regra e contexto da fonte;"5. **Distribuição:** aplicar consulta por organização, download protegido, Biblioteca e notificações; integrar nova fórmula nas telas operacionais.";B01 B14 B15;B01;C0 + C1;B14 B15;"Planejamento novo; decisões ainda não homologadas";Consultar D01-D11 e B01 quando houver proposta/conflito;"Mapeado; implementação não realizada nesta entrega";"A preencher na execução; ver critérios e saída obrigatória do bloco"
RDA-L0340;;audita-pro-planejamento-rda-v0.1.md;0.1;340;16. Etapas de implementação após aprovação;Requisito/regra e contexto da fonte;6. **Validação do piloto:** executar auditoria de vários dias, testar correções e isolamento, e disponibilizar para a validação da Audita.;B01 B14 B15;B01;C0 + C1;B14 B15;"Planejamento novo; decisões ainda não homologadas";Consultar D01-D11 e B01 quando houver proposta/conflito;"Mapeado; implementação não realizada nesta entrega";"A preencher na execução; ver critérios e saída obrigatória do bloco"
RDA-L0342;;audita-pro-planejamento-rda-v0.1.md;0.1;342;16. Etapas de implementação após aprovação;Requisito/regra e contexto da fonte;Cada etapa terá entregável verificável. A aprovação deste documento não será tratada como prova de que a funcionalidade já está implementada.;B01 B14 B15;B01;C0 + C1;B14 B15;"Planejamento novo; decisões ainda não homologadas";Consultar D01-D11 e B01 quando houver proposta/conflito;"Mapeado; implementação não realizada nesta entrega";"A preencher na execução; ver critérios e saída obrigatória do bloco"
RDA-L0346;;audita-pro-planejamento-rda-v0.1.md;0.1;346;17. Critérios de aceite;Requisito/regra e contexto da fonte;| ID | Cenário | Resultado esperado |;B14;B14;C0 + revisor;B14 B15;Não testado funcionalmente nesta análise;Consultar D01-D11 e B01 quando houver proposta/conflito;"Mapeado; implementação não realizada nesta entrega";"A preencher na execução; ver critérios e saída obrigatória do bloco"
RDA-L0348;RDA-01;audita-pro-planejamento-rda-v0.1.md;0.1;348;17. Critérios de aceite;Critério de aceite;| RDA-01 | Encerrar um dos cinco dias | Criar somente o RDA daquele dia, vinculado a empresa/auditoria/data |;B11;B11;C3 + C1;B14 B15;"Fechamento atual seguido de review; novo fluxo pendente";Consultar D01-D11 e B01 quando houver proposta/conflito;"Mapeado; implementação não realizada nesta entrega";"A preencher na execução; ver critérios e saída obrigatória do bloco"
RDA-L0349;RDA-02;audita-pro-planejamento-rda-v0.1.md;0.1;349;17. Critérios de aceite;Critério de aceite;| RDA-02 | Pré-visualizar antes do fechamento | Conteúdo completo com gráficos, seleção de fotos e indicação de rascunho |;B10 B11;B10;C3 + C1;B14 B15;"Achados e seleção de evidências no banco; composição RDA parcial";Consultar D01-D11 e B01 quando houver proposta/conflito;"Mapeado; implementação não realizada nesta entrega";"A preencher na execução; ver critérios e saída obrigatória do bloco"
RDA-L0350;RDA-03;audita-pro-planejamento-rda-v0.1.md;0.1;350;17. Critérios de aceite;Critério de aceite;| RDA-03 | Outra sessão alterar dados após a prévia | Impedir fechamento silencioso e pedir atualização da revisão |;B11;B11;C3 + C1;B14 B15;"Fechamento atual seguido de review; novo fluxo pendente";Consultar D01-D11 e B01 quando houver proposta/conflito;"Mapeado; implementação não realizada nesta entrega";"A preencher na execução; ver critérios e saída obrigatória do bloco"
RDA-L0351;RDA-04;audita-pro-planejamento-rda-v0.1.md;0.1;351;17. Critérios de aceite;Critério de aceite;"| RDA-04 | Exemplo 55 C, 5 PC, 3 NC, 7 N/A e 30 pendentes | Exibir 70% processados; distinguir dia e acumulado |";B03 B10;B03;C1;B14 B15;"Contrato 3 existente; unidade, corte temporal e fórmulas a harmonizar";D03;"Mapeado; implementação não realizada nesta entrega";"A preencher na execução; ver critérios e saída obrigatória do bloco"
RDA-L0352;RDA-05;audita-pro-planejamento-rda-v0.1.md;0.1;352;17. Critérios de aceite;Critério de aceite;"| RDA-05 | Mesmo item salvo várias vezes | Não multiplicar contagens; preservar autoria/histórico |";B03;B03;C1;B14 B15;"Contrato 3 existente; unidade, corte temporal e fórmulas a harmonizar";D03;"Mapeado; implementação não realizada nesta entrega";"A preencher na execução; ver critérios e saída obrigatória do bloco"
RDA-L0353;RDA-06;audita-pro-planejamento-rda-v0.1.md;0.1;353;17. Critérios de aceite;Critério de aceite;| RDA-06 | Mesmo requisito em dois processos | Contar as unidades previstas separadamente |;B03 B10;B03;C1;B14 B15;"Contrato 3 existente; unidade, corte temporal e fórmulas a harmonizar";D03;"Mapeado; implementação não realizada nesta entrega";"A preencher na execução; ver critérios e saída obrigatória do bloco"
RDA-L0354;RDA-07;audita-pro-planejamento-rda-v0.1.md;0.1;354;17. Critérios de aceite;Critério de aceite;| RDA-07 | Escopo vazio ou totalmente N/A | Não dividir por zero nem apresentar falsa conformidade |;B03 B10;B03;C1;B14 B15;"Contrato 3 existente; unidade, corte temporal e fórmulas a harmonizar";D03;"Mapeado; implementação não realizada nesta entrega";"A preencher na execução; ver critérios e saída obrigatória do bloco"
RDA-L0355;RDA-08;audita-pro-planejamento-rda-v0.1.md;0.1;355;17. Critérios de aceite;Critério de aceite;| RDA-08 | Atividade parcial e transferência repetida | Preservar execução, previsão anterior, motivos e trabalho restante |;B07 B10 B11;B07;C3 + C1;B14 B15;"Cronograma e movimentos existentes; evolução parcial pendente";Consultar D01-D11 e B01 quando houver proposta/conflito;"Mapeado; implementação não realizada nesta entrega";"A preencher na execução; ver critérios e saída obrigatória do bloco"
RDA-L0356;RDA-09;audita-pro-planejamento-rda-v0.1.md;0.1;356;17. Critérios de aceite;Critério de aceite;| RDA-09 | Item não conforme sem NC | Bloquear emissão e apontar o item a formalizar |;B10 B11;B10;C3 + C1;B14 B15;"Achados e seleção de evidências no banco; composição RDA parcial";Consultar D01-D11 e B01 quando houver proposta/conflito;"Mapeado; implementação não realizada nesta entrega";"A preencher na execução; ver critérios e saída obrigatória do bloco"
RDA-L0357;RDA-10;audita-pro-planejamento-rda-v0.1.md;0.1;357;17. Critérios de aceite;Critério de aceite;| RDA-10 | Selecionar duas de doze fotos | Publicar apenas duas, com legenda/referência e boa legibilidade |;B10 B12;B10;C3 + C1;B14 B15;"Achados e seleção de evidências no banco; composição RDA parcial";Consultar D01-D11 e B01 quando houver proposta/conflito;"Mapeado; implementação não realizada nesta entrega";"A preencher na execução; ver critérios e saída obrigatória do bloco"
RDA-L0358;RDA-11;audita-pro-planejamento-rda-v0.1.md;0.1;358;17. Critérios de aceite;Critério de aceite;"| RDA-11 | Correção no dia seguinte | Rev.00 e seu PDF permanecem iguais; correção controlada gera Rev.01 |";B11 B12;B11;C3 + C1;B14 B15;"Fechamento atual seguido de review; novo fluxo pendente";Consultar D01-D11 e B01 quando houver proposta/conflito;"Mapeado; implementação não realizada nesta entrega";"A preencher na execução; ver critérios e saída obrigatória do bloco"
RDA-L0359;RDA-12;audita-pro-planejamento-rda-v0.1.md;0.1;359;17. Critérios de aceite;Critério de aceite;| RDA-12 | Falha de PDF ou duplo clique | Preservar fechamento, permitir retomada e não duplicar documento/aviso |;B08 B11 B12;B08;C3 + C1;B14 B15;"PDF no navegador no código consultado; serviço persistente a desenvolver";Consultar D01-D11 e B01 quando houver proposta/conflito;"Mapeado; implementação não realizada nesta entrega";"A preencher na execução; ver critérios e saída obrigatória do bloco"
RDA-L0360;RDA-13;audita-pro-planejamento-rda-v0.1.md;0.1;360;17. Critérios de aceite;Critério de aceite;| RDA-13 | Gestor ativo autorizado sem presença | Consultar RDA emitido da própria organização |;B02 B12;B02;C1;B14 B15;"Base existente; Administração global e escopo documental divergem do alvo";D01 D02;"Mapeado; implementação não realizada nesta entrega";"A preencher na execução; ver critérios e saída obrigatória do bloco"
RDA-L0361;RDA-14;audita-pro-planejamento-rda-v0.1.md;0.1;361;17. Critérios de aceite;Critério de aceite;| RDA-14 | Conta pendente, inativa ou de outro cliente | Recusar consulta e download por API e URL |;B02 B12;B02;C1;B14 B15;"Base existente; Administração global e escopo documental divergem do alvo";D01 D02;"Mapeado; implementação não realizada nesta entrega";"A preencher na execução; ver critérios e saída obrigatória do bloco"
RDA-L0362;RDA-15;audita-pro-planejamento-rda-v0.1.md;0.1;362;17. Critérios de aceite;Critério de aceite;| RDA-15 | Novo leitor na organização | Consultar histórico emitido sem aparecer como participante dos dias |;B02 B12;B02;C1;B14 B15;"Base existente; Administração global e escopo documental divergem do alvo";D01 D02;"Mapeado; implementação não realizada nesta entrega";"A preencher na execução; ver critérios e saída obrigatória do bloco"
RDA-L0363;RDA-16;audita-pro-planejamento-rda-v0.1.md;0.1;363;17. Critérios de aceite;Critério de aceite;"| RDA-16 | Publicar revisão substituta | Biblioteca abre vigente; histórico identifica anterior; avisos sem duplicidade |";B12;B12;C3 + C1;B14 B15;"Relatórios/notificações existentes; PDF oficial/distribuição pendentes";D10;"Mapeado; implementação não realizada nesta entrega";"A preencher na execução; ver critérios e saída obrigatória do bloco"
RDA-L0364;RDA-17;audita-pro-planejamento-rda-v0.1.md;0.1;364;17. Critérios de aceite;Critério de aceite;| RDA-17 | RDA com várias páginas | Cabeçalho, rodapé, numeração, gráficos e tabelas legíveis em todas |;B08 B12;B08;C3 + C1;B14 B15;"PDF no navegador no código consultado; serviço persistente a desenvolver";D08;"Mapeado; implementação não realizada nesta entrega";"A preencher na execução; ver critérios e saída obrigatória do bloco"
RDA-L0365;RDA-18;audita-pro-planejamento-rda-v0.1.md;0.1;365;17. Critérios de aceite;Critério de aceite;| RDA-18 | Auditoria ainda em andamento | RDA não informa decisão de certificação nem gera relatório final |;B10 B12;B10;C3 + C1;B14 B15;"Achados e seleção de evidências no banco; composição RDA parcial";Consultar D01-D11 e B01 quando houver proposta/conflito;"Mapeado; implementação não realizada nesta entrega";"A preencher na execução; ver critérios e saída obrigatória do bloco"
RDA-L0366;RDA-19;audita-pro-planejamento-rda-v0.1.md;0.1;366;17. Critérios de aceite;Critério de aceite;| RDA-19 | Aplicar mudança de autorização | Não ampliar acesso a evidências originais, atas ou finais por acidente |;B02 B12;B02;C1;B14 B15;"Base existente; Administração global e escopo documental divergem do alvo";D01;"Mapeado; implementação não realizada nesta entrega";"A preencher na execução; ver critérios e saída obrigatória do bloco"
RDA-L0367;RDA-20;audita-pro-planejamento-rda-v0.1.md;0.1;367;17. Critérios de aceite;Critério de aceite;| RDA-20 | Abrir documento legado | Preservar sua fórmula, conteúdo e arquivo originais |;B03 B12;B03;C1;B14 B15;"Contrato 3 existente; unidade, corte temporal e fórmulas a harmonizar";Consultar D01-D11 e B01 quando houver proposta/conflito;"Mapeado; implementação não realizada nesta entrega";"A preencher na execução; ver critérios e saída obrigatória do bloco"
RDA-L0368;RDA-21;audita-pro-planejamento-rda-v0.1.md;0.1;368;17. Critérios de aceite;Critério de aceite;| RDA-21 | Um único profissional Administrador/condutor | Concluir o fluxo sem precisar criar aprovador fictício |;B02 B11;B02;C1;B14 B15;"Base existente; Administração global e escopo documental divergem do alvo";Consultar D01-D11 e B01 quando houver proposta/conflito;"Mapeado; implementação não realizada nesta entrega";"A preencher na execução; ver critérios e saída obrigatória do bloco"
RDA-L0372;;audita-pro-planejamento-rda-v0.1.md;0.1;372;18. Pontos destacados para sua validação;Decisão/proposta;As necessidades estão suficientemente descritas para planejar. Recomenda-se confirmar estas escolhas junto com o documento:;B01 B11 B12;B01;C0 + C1;B14 B15;"Planejamento novo; decisões ainda não homologadas";Consultar D01-D11 e B01 quando houver proposta/conflito;"Mapeado; implementação não realizada nesta entrega";"A preencher na execução; ver critérios e saída obrigatória do bloco"
RDA-L0374;;audita-pro-planejamento-rda-v0.1.md;0.1;374;18. Pontos destacados para sua validação;Decisão/proposta;"1. **Progresso principal inclui N/A justificado**, conforme a última fórmula do anexo; relatórios antigos preservam sua fórmula original.";B01 B11 B12;B01;C0 + C1;B14 B15;"Planejamento novo; decisões ainda não homologadas";Consultar D01-D11 e B01 quando houver proposta/conflito;"Mapeado; implementação não realizada nesta entrega";"A preencher na execução; ver critérios e saída obrigatória do bloco"
RDA-L0375;;audita-pro-planejamento-rda-v0.1.md;0.1;375;18. Pontos destacados para sua validação;Decisão/proposta;"2. **Consulta por organização mantém aprovação cadastral** e inclui documentos anteriores para novos vínculos aprovados; presença deixa de ser requisito de leitura do RDA.";B01 B11 B12;B01;C0 + C1;B14 B15;"Planejamento novo; decisões ainda não homologadas";Consultar D01-D11 e B01 quando houver proposta/conflito;"Mapeado; implementação não realizada nesta entrega";"A preencher na execução; ver critérios e saída obrigatória do bloco"
RDA-L0376;;audita-pro-planejamento-rda-v0.1.md;0.1;376;18. Pontos destacados para sua validação;Decisão/proposta;3. **Uma confirmação do condutor antes de fechar autoriza a emissão**, sem segunda aprovação obrigatória depois.;B01 B11 B12;B01;C0 + C1;B14 B15;"Planejamento novo; decisões ainda não homologadas";Consultar D01-D11 e B01 quando houver proposta/conflito;"Mapeado; implementação não realizada nesta entrega";"A preencher na execução; ver critérios e saída obrigatória do bloco"
RDA-L0377;;audita-pro-planejamento-rda-v0.1.md;0.1;377;18. Pontos destacados para sua validação;Decisão/proposta;4. **Revisões anteriores ficam consultáveis com identificação de substituídas**, enquanto a Biblioteca prioriza a vigente.;B01 B11 B12;B01;C0 + C1;B14 B15;"Planejamento novo; decisões ainda não homologadas";Consultar D01-D11 e B01 quando houver proposta/conflito;"Mapeado; implementação não realizada nesta entrega";"A preencher na execução; ver critérios e saída obrigatória do bloco"
RDA-L0378;;audita-pro-planejamento-rda-v0.1.md;0.1;378;18. Pontos destacados para sua validação;Decisão/proposta;5. **Identidade da Audita:** usar provisoriamente a marca disponível com identificação textual da empresa, até validar a logo corporativa.;B01 B11 B12;B01;C0 + C1;B14 B15;"Planejamento novo; decisões ainda não homologadas";Consultar D01-D11 e B01 quando houver proposta/conflito;"Mapeado; implementação não realizada nesta entrega";"A preencher na execução; ver critérios e saída obrigatória do bloco"
RDA-L0380;;audita-pro-planejamento-rda-v0.1.md;0.1;380;18. Pontos destacados para sua validação;Decisão/proposta;**Resultado desta etapa:** planejamento salvo para revisão. Nenhuma tela, migration, policy, arquivo do aplicativo ou dado operacional foi alterado.;B01 B11 B12;B01;C0 + C1;B14 B15;"Planejamento novo; decisões ainda não homologadas";Consultar D01-D11 e B01 quando houver proposta/conflito;"Mapeado; implementação não realizada nesta entrega";"A preencher na execução; ver critérios e saída obrigatória do bloco"
